Symptom_1,Symptom_2,Symptom_3,Symptom_4,Symptom_5,Symptom_6,Symptom_7,Disease
Fatigue,Shortness of Breath,Sweating,Loss of Smell,Low Blood Pressure,Skin Redness,Rash,Unknown
Cough,Skin Peeling,Weakness,Confusion,Difficulty Swallowing,Chest Pain,Blurred Vision,Unknown
Loss of Appetite,Shortness of Breath,Skin Redness,Rapid Heart Rate,Cough,Ear Pain,Swollen Lymph Nodes,Ear Infection
Chills,Loss of Taste,Sore Throat,Fever,Difficulty Swallowing,Skin Peeling,Loss of Appetite,Meningitis
Skin Peeling,Headache,Muscle Pain,Loss of Appetite,Loss of Smell,Chest Pain,Dizziness,Scarlet Fever
Swollen Lymph Nodes,Nausea,Cough,Low Blood Pressure,Chest Pain,Shortness of Breath,Sore Throat,Unknown
Cough,Confusion,Dizziness,Sweating,Fatigue,Headache,Swollen Lymph Nodes,Flu
Muscle Pain,Sore Throat,Chest Pain,Loss of Smell,Loss of Taste,Fatigue,High Blood Pressure,Typhoid
Sweating,Joint Pain,Dizziness,Diarrhea,Rash,High Blood Pressure,Abdominal Pain,Unknown
Sore Throat,Muscle Pain,Loss of Smell,Sweating,Rapid Heart Rate,Loss of Appetite,Diarrhea,Cold
Loss of Appetite,Sweating,Runny Nose,Rapid Heart Rate,Loss of Taste,Chills,Ear Pain,Unknown
Diarrhea,Weakness,Rash,High Blood Pressure,Skin Peeling,Muscle Pain,Loss of Appetite,Unknown
Runny Nose,Sweating,Confusion,Headache,Chills,Cough,Fever,Typhoid
High Blood Pressure,Loss of Appetite,Runny Nose,Abdominal Pain,Sweating,Loss of Taste,Confusion,Unknown
Loss of Taste,Sore Throat,Fever,Nausea,Cough,Vomiting,Confusion,Typhoid
Ear Pain,Difficulty Swallowing,Weakness,Confusion,Loss of Smell,Skin Redness,Rash,Unknown
Vomiting,Sweating,Runny Nose,Ear Pain,Headache,Shortness of Breath,Muscle Pain,Flu
Skin Peeling,Confusion,High Blood Pressure,Runny Nose,Weakness,Loss of Appetite,Blurred Vision,Meningitis
Nausea,Rash,Muscle Pain,Loss of Taste,Sweating,Joint Pain,Fatigue,Unknown
High Blood Pressure,Loss of Smell,Ear Pain,Rash,Rapid Heart Rate,Headache,Confusion,Unknown
Diarrhea,Abdominal Pain,Loss of Taste,Muscle Pain,Weakness,High Blood Pressure,Cough,Malaria
Vomiting,Rash,Rapid Heart Rate,Fever,Shortness of Breath,Loss of Taste,High Blood Pressure,Strep Throat
Fatigue,Shortness of Breath,Nausea,Skin Redness,Chills,Low Blood Pressure,Loss of Taste,Flu
Swollen Lymph Nodes,Abdominal Pain,Fever,Weakness,Loss of Appetite,Chest Pain,Loss of Taste,Ear Infection
Runny Nose,Chills,Nausea,Abdominal Pain,Blurred Vision,Loss of Taste,Ear Pain,Unknown
Loss of Appetite,Abdominal Pain,Dizziness,Rash,High Blood Pressure,Joint Pain,Muscle Pain,Hypertension
Sweating,Difficulty Swallowing,Loss of Smell,Blurred Vision,Skin Redness,Confusion,Rash,Unknown
Skin Redness,Chills,Headache,Swollen Lymph Nodes,Difficulty Swallowing,Runny Nose,Sore Throat,Flu
Skin Redness,Sweating,Weakness,Skin Peeling,Muscle Pain,Chest Pain,Loss of Taste,Unknown
Rapid Heart Rate,Chills,Loss of Appetite,Low Blood Pressure,Nausea,Blurred Vision,Headache,Food Poisoning
Skin Peeling,Nausea,High Blood Pressure,Chest Pain,Diarrhea,Sore Throat,Confusion,Pneumonia
Sweating,Sore Throat,Runny Nose,Low Blood Pressure,Nausea,Loss of Taste,Shortness of Breath,Hypotension
Low Blood Pressure,Runny Nose,Loss of Smell,Shortness of Breath,Loss of Taste,Loss of Appetite,Rapid Heart Rate,Unknown
Confusion,Ear Pain,Chest Pain,Cough,Headache,Difficulty Swallowing,Abdominal Pain,Typhoid
Loss of Taste,Loss of Appetite,Sweating,Fever,Headache,High Blood Pressure,Confusion,Typhoid
Joint Pain,Dizziness,High Blood Pressure,Ear Pain,Skin Redness,Sweating,Diarrhea,Unknown
Dizziness,Sore Throat,Shortness of Breath,Low Blood Pressure,Runny Nose,Rapid Heart Rate,Nausea,Hypertension
Swollen Lymph Nodes,Low Blood Pressure,Confusion,Loss of Appetite,Rash,Chest Pain,Joint Pain,Unknown
Sweating,Ear Pain,Rash,Loss of Smell,Blurred Vision,Fatigue,Fever,Meningitis
Muscle Pain,Nausea,Chest Pain,Shortness of Breath,Runny Nose,Confusion,Weakness,Unknown
Weakness,Runny Nose,Headache,Sweating,Skin Peeling,Abdominal Pain,Joint Pain,Malaria
Ear Pain,Chills,Weakness,Runny Nose,Skin Redness,Abdominal Pain,Blurred Vision,Unknown
Difficulty Swallowing,Sore Throat,Chest Pain,Muscle Pain,Skin Redness,Loss of Appetite,Shortness of Breath,Unknown
Skin Redness,Sweating,High Blood Pressure,Fever,Loss of Smell,Rash,Nausea,Ear Infection
Skin Redness,Dizziness,Difficulty Swallowing,Chest Pain,Nausea,Loss of Appetite,Runny Nose,Cold
Fever,Dizziness,Chills,Abdominal Pain,Loss of Smell,Rash,Skin Redness,Typhoid
Shortness of Breath,Fever,Ear Pain,Loss of Smell,Chills,Muscle Pain,Vomiting,Typhoid
Fever,Loss of Smell,Cough,High Blood Pressure,Runny Nose,Loss of Taste,Confusion,Ear Infection
Abdominal Pain,Skin Redness,Rapid Heart Rate,Confusion,Blurred Vision,Ear Pain,Headache,Malaria
Cough,Shortness of Breath,Diarrhea,Rapid Heart Rate,Difficulty Swallowing,Runny Nose,Skin Peeling,Food Poisoning
Fever,Weakness,Cough,Runny Nose,Loss of Taste,Vomiting,Shortness of Breath,Scarlet Fever
Sweating,Loss of Taste,Sore Throat,Chest Pain,Headache,Skin Redness,Cough,Flu
Sore Throat,Ear Pain,Chest Pain,Loss of Appetite,Joint Pain,Sweating,High Blood Pressure,COVID-19
Swollen Lymph Nodes,Skin Redness,Chest Pain,Confusion,Loss of Appetite,Joint Pain,High Blood Pressure,Pneumonia
Rapid Heart Rate,Fatigue,Low Blood Pressure,Sweating,Loss of Appetite,Joint Pain,Difficulty Swallowing,Unknown
Swollen Lymph Nodes,Nausea,Sweating,Rash,Loss of Taste,Muscle Pain,High Blood Pressure,Hypertension
Diarrhea,Ear Pain,Loss of Taste,Rapid Heart Rate,Skin Redness,Chest Pain,Skin Peeling,Unknown
Loss of Smell,Shortness of Breath,Skin Peeling,Vomiting,Chest Pain,Dizziness,Weakness,Pneumonia
Fatigue,Fever,Blurred Vision,Nausea,Joint Pain,Low Blood Pressure,Skin Redness,Strep Throat
Chills,Fatigue,Ear Pain,Loss of Taste,Loss of Appetite,Weakness,Headache,Flu
Sweating,Cough,Skin Peeling,High Blood Pressure,Fever,Joint Pain,Diarrhea,Hypertension
Blurred Vision,Ear Pain,Muscle Pain,Confusion,Runny Nose,Sweating,Fatigue,Unknown
Ear Pain,Blurred Vision,Loss of Smell,Runny Nose,Confusion,Loss of Appetite,Skin Peeling,Scarlet Fever
Fever,Sweating,Skin Peeling,Swollen Lymph Nodes,Shortness of Breath,Rapid Heart Rate,Cough,Strep Throat
Vomiting,Nausea,Loss of Taste,Confusion,Difficulty Swallowing,Low Blood Pressure,Shortness of Breath,Food Poisoning
Vomiting,Chest Pain,Blurred Vision,Swollen Lymph Nodes,Confusion,Loss of Smell,Runny Nose,COVID-19
Rash,Cough,Runny Nose,Confusion,Fever,Skin Peeling,Headache,Ear Infection
Headache,Skin Peeling,Sweating,Cough,Ear Pain,Joint Pain,High Blood Pressure,Flu
Runny Nose,Weakness,Swollen Lymph Nodes,Skin Peeling,Chills,Chest Pain,Muscle Pain,Unknown
Dizziness,Weakness,Chills,Rapid Heart Rate,Diarrhea,Muscle Pain,Loss of Smell,Migraine
Rapid Heart Rate,Skin Peeling,Ear Pain,Nausea,Swollen Lymph Nodes,Abdominal Pain,Vomiting,Hypotension
Ear Pain,Rapid Heart Rate,Skin Peeling,Weakness,Loss of Taste,Fever,Vomiting,Strep Throat
Ear Pain,Loss of Smell,Blurred Vision,Muscle Pain,Skin Peeling,Nausea,Loss of Appetite,COVID-19
Chest Pain,Weakness,Sore Throat,Runny Nose,Sweating,Headache,Rash,Migraine
Chest Pain,Runny Nose,Cough,Difficulty Swallowing,Headache,Loss of Appetite,Rapid Heart Rate,Migraine
Headache,Runny Nose,Confusion,Vomiting,Rapid Heart Rate,Nausea,High Blood Pressure,Dengue
Chest Pain,Muscle Pain,Diarrhea,Skin Redness,Joint Pain,Fever,Ear Pain,Meningitis
Fever,Rapid Heart Rate,Fatigue,Weakness,Rash,Vomiting,Loss of Smell,Dengue
Shortness of Breath,Dizziness,Blurred Vision,Headache,Swollen Lymph Nodes,Nausea,Skin Peeling,Pneumonia
Loss of Smell,Fatigue,Low Blood Pressure,Loss of Taste,Chest Pain,Blurred Vision,Swollen Lymph Nodes,Food Poisoning
Dizziness,Nausea,Difficulty Swallowing,Muscle Pain,Swollen Lymph Nodes,Loss of Taste,High Blood Pressure,Unknown
Chills,Diarrhea,Sweating,Swollen Lymph Nodes,Difficulty Swallowing,Nausea,Skin Peeling,Unknown
Runny Nose,Nausea,Loss of Smell,Skin Peeling,Loss of Appetite,Weakness,Low Blood Pressure,Unknown
Skin Peeling,Chills,Muscle Pain,Fatigue,Runny Nose,Dizziness,Rash,Unknown
Diarrhea,Loss of Smell,Loss of Taste,Joint Pain,Shortness of Breath,Confusion,Nausea,Unknown
Diarrhea,Joint Pain,Rapid Heart Rate,Abdominal Pain,Loss of Appetite,Skin Redness,Shortness of Breath,Pneumonia
Chills,Muscle Pain,Dizziness,Loss of Appetite,Skin Peeling,Fever,Cough,Hypertension
Ear Pain,Muscle Pain,Loss of Smell,Sweating,Low Blood Pressure,Runny Nose,High Blood Pressure,Unknown
Fever,Ear Pain,Fatigue,Shortness of Breath,Skin Peeling,Dizziness,Headache,Dengue
Loss of Smell,Swollen Lymph Nodes,Skin Redness,Sweating,Nausea,Dizziness,Diarrhea,Hypotension
Diarrhea,Blurred Vision,Runny Nose,Vomiting,Sore Throat,Swollen Lymph Nodes,Loss of Appetite,Flu
Confusion,Diarrhea,Ear Pain,Low Blood Pressure,Difficulty Swallowing,Rapid Heart Rate,Nausea,Ear Infection
Loss of Taste,Headache,Cough,Joint Pain,Vomiting,High Blood Pressure,Low Blood Pressure,Dengue
Ear Pain,Low Blood Pressure,Cough,Skin Peeling,Joint Pain,Weakness,Vomiting,Food Poisoning
Sweating,Muscle Pain,Chest Pain,Loss of Taste,Vomiting,Runny Nose,Rapid Heart Rate,Unknown
Dizziness,Vomiting,Loss of Smell,Difficulty Swallowing,Fatigue,Nausea,Fever,Food Poisoning
Dizziness,Rash,Headache,Muscle Pain,Diarrhea,Loss of Taste,Ear Pain,Malaria
Loss of Taste,Skin Redness,Ear Pain,Fatigue,High Blood Pressure,Swollen Lymph Nodes,Blurred Vision,Unknown
Loss of Smell,Weakness,High Blood Pressure,Shortness of Breath,Swollen Lymph Nodes,Skin Peeling,Cough,Flu
Ear Pain,Headache,Muscle Pain,Fatigue,Fever,Weakness,Loss of Taste,Pneumonia
Chills,Fatigue,Headache,Nausea,Skin Redness,Swollen Lymph Nodes,Low Blood Pressure,Food Poisoning
Skin Peeling,Vomiting,Loss of Smell,Abdominal Pain,Difficulty Swallowing,Headache,Chills,Food Poisoning
Cough,Swollen Lymph Nodes,Nausea,Ear Pain,Rash,Chills,Headache,Pneumonia
Headache,Muscle Pain,Difficulty Swallowing,Runny Nose,Swollen Lymph Nodes,Rapid Heart Rate,Dizziness,Meningitis
Vomiting,Chills,Headache,Cough,Abdominal Pain,Rapid Heart Rate,Diarrhea,Dengue
Nausea,Fever,Sore Throat,High Blood Pressure,Chest Pain,Vomiting,Headache,Typhoid
Shortness of Breath,Sore Throat,Fever,Runny Nose,Blurred Vision,Confusion,Headache,Pneumonia
Sore Throat,Abdominal Pain,Confusion,Difficulty Swallowing,Weakness,Rapid Heart Rate,Skin Redness,Unknown
Muscle Pain,Ear Pain,Runny Nose,Rapid Heart Rate,Dizziness,Fatigue,Joint Pain,Ear Infection
Dizziness,Confusion,Muscle Pain,Swollen Lymph Nodes,Sweating,Loss of Appetite,Abdominal Pain,Unknown
Low Blood Pressure,Joint Pain,Loss of Smell,Loss of Taste,Fever,Shortness of Breath,Loss of Appetite,Typhoid
Joint Pain,Sweating,Sore Throat,Shortness of Breath,Skin Redness,Headache,Diarrhea,Dengue
Vomiting,Nausea,High Blood Pressure,Low Blood Pressure,Shortness of Breath,Muscle Pain,Weakness,Unknown
Fatigue,Headache,Skin Peeling,Rash,High Blood Pressure,Cough,Loss of Appetite,Flu
Skin Redness,High Blood Pressure,Blurred Vision,Low Blood Pressure,Rapid Heart Rate,Weakness,Runny Nose,Cold
Fatigue,Ear Pain,Weakness,Low Blood Pressure,Rash,Difficulty Swallowing,Runny Nose,Hypotension
Vomiting,Low Blood Pressure,Fatigue,Blurred Vision,Rash,Abdominal Pain,Loss of Smell,Unknown
Difficulty Swallowing,Loss of Smell,High Blood Pressure,Confusion,Rapid Heart Rate,Chest Pain,Joint Pain,Hypertension
Difficulty Swallowing,High Blood Pressure,Low Blood Pressure,Swollen Lymph Nodes,Skin Peeling,Shortness of Breath,Nausea,Migraine
Blurred Vision,Low Blood Pressure,Ear Pain,Sore Throat,Skin Redness,Chest Pain,Cough,Strep Throat
Vomiting,Loss of Smell,Rapid Heart Rate,Weakness,Nausea,Ear Pain,Sore Throat,Migraine
Sweating,Loss of Smell,Loss of Appetite,Fever,Ear Pain,Rapid Heart Rate,Cough,Malaria
Difficulty Swallowing,Sweating,Fever,Dizziness,Skin Redness,Chills,Runny Nose,Strep Throat
Cough,Rapid Heart Rate,Fatigue,Nausea,Joint Pain,Diarrhea,Sore Throat,Unknown
Confusion,Weakness,Runny Nose,Nausea,Ear Pain,Low Blood Pressure,Rash,Migraine
Fatigue,Sore Throat,Headache,Vomiting,Skin Peeling,Nausea,Loss of Appetite,Unknown
Chest Pain,Dizziness,Rapid Heart Rate,Skin Peeling,Sore Throat,Fatigue,Vomiting,Hypotension
Vomiting,Headache,Ear Pain,Diarrhea,Abdominal Pain,High Blood Pressure,Loss of Appetite,COVID-19
Confusion,Loss of Appetite,Low Blood Pressure,Rapid Heart Rate,Skin Redness,Sweating,Shortness of Breath,Meningitis
Vomiting,Sweating,Skin Redness,Sore Throat,Chills,Loss of Smell,Rash,Flu
Swollen Lymph Nodes,Skin Redness,Fatigue,Chest Pain,Cough,Rapid Heart Rate,Ear Pain,COVID-19
Chest Pain,Low Blood Pressure,Sore Throat,Sweating,Fatigue,Shortness of Breath,Headache,Hypertension
Vomiting,Fever,Chills,Skin Peeling,Ear Pain,Loss of Taste,Cough,Flu
Vomiting,Confusion,Fever,Joint Pain,Skin Redness,Muscle Pain,Low Blood Pressure,Ear Infection
Low Blood Pressure,Loss of Smell,Rapid Heart Rate,Loss of Appetite,Skin Peeling,Dizziness,Chest Pain,Unknown
Difficulty Swallowing,Weakness,Dizziness,Muscle Pain,Skin Peeling,Sweating,Cough,Dengue
Headache,Rash,Nausea,Low Blood Pressure,Skin Redness,Weakness,Dizziness,Dengue
Chest Pain,Weakness,Fatigue,Loss of Taste,Diarrhea,Cough,Low Blood Pressure,Typhoid
Muscle Pain,Confusion,Abdominal Pain,Loss of Smell,Fatigue,Chest Pain,Rash,Unknown
Skin Peeling,Dizziness,Sore Throat,Loss of Appetite,Rapid Heart Rate,Chills,Chest Pain,Unknown
Difficulty Swallowing,Diarrhea,Runny Nose,Loss of Appetite,Loss of Smell,Confusion,Joint Pain,Unknown
Shortness of Breath,Abdominal Pain,High Blood Pressure,Sore Throat,Swollen Lymph Nodes,Nausea,Runny Nose,Food Poisoning
Cough,High Blood Pressure,Loss of Appetite,Abdominal Pain,Loss of Smell,Chest Pain,Sweating,Unknown
Vomiting,Low Blood Pressure,Headache,Shortness of Breath,Sweating,Chills,Chest Pain,Dengue
Confusion,Rapid Heart Rate,Muscle Pain,Skin Redness,Chills,Abdominal Pain,Loss of Appetite,Malaria
Confusion,Chills,Dizziness,Loss of Taste,Swollen Lymph Nodes,Loss of Appetite,Weakness,Unknown
Blurred Vision,Shortness of Breath,Chills,Skin Redness,Rash,High Blood Pressure,Loss of Appetite,Unknown
Weakness,Dizziness,Diarrhea,Skin Redness,Chills,Abdominal Pain,Ear Pain,Typhoid
Chills,Joint Pain,Loss of Appetite,Headache,Diarrhea,Weakness,Ear Pain,Typhoid
Fatigue,Sweating,Headache,Weakness,Loss of Taste,Joint Pain,Loss of Appetite,Unknown
Loss of Appetite,Loss of Taste,Swollen Lymph Nodes,Fever,Skin Redness,Chest Pain,Diarrhea,Meningitis
Diarrhea,Weakness,Sweating,Abdominal Pain,Fever,Vomiting,Muscle Pain,Flu
Swollen Lymph Nodes,Fever,Rapid Heart Rate,Chest Pain,Loss of Appetite,Joint Pain,Dizziness,Malaria
Difficulty Swallowing,Abdominal Pain,Loss of Taste,Swollen Lymph Nodes,Diarrhea,Blurred Vision,Joint Pain,Strep Throat
Swollen Lymph Nodes,Weakness,Diarrhea,Loss of Appetite,Blurred Vision,Low Blood Pressure,Nausea,Unknown
Runny Nose,Blurred Vision,Abdominal Pain,Sweating,Loss of Taste,Difficulty Swallowing,Loss of Smell,Unknown
Chest Pain,Blurred Vision,Cough,Confusion,Loss of Smell,Loss of Taste,Runny Nose,Migraine
Sore Throat,Rash,Skin Peeling,Runny Nose,Shortness of Breath,Chest Pain,Sweating,Unknown
Loss of Taste,Shortness of Breath,Difficulty Swallowing,Ear Pain,Weakness,Fatigue,Low Blood Pressure,Cold
Fever,Confusion,Rapid Heart Rate,Chills,Runny Nose,Ear Pain,Skin Redness,Cold
Headache,Muscle Pain,Loss of Taste,Nausea,Vomiting,Runny Nose,Skin Peeling,Unknown
Rapid Heart Rate,Muscle Pain,Sweating,Cough,Joint Pain,Abdominal Pain,Difficulty Swallowing,Unknown
Shortness of Breath,Vomiting,Nausea,Chills,Blurred Vision,Dizziness,Skin Redness,Hypertension
Headache,Low Blood Pressure,Runny Nose,Loss of Appetite,Difficulty Swallowing,Sweating,Joint Pain,Malaria
Low Blood Pressure,Swollen Lymph Nodes,Rash,Skin Redness,Joint Pain,Sore Throat,Chest Pain,Flu
Ear Pain,Rash,Dizziness,Difficulty Swallowing,Sweating,Sore Throat,Skin Redness,Scarlet Fever
Skin Peeling,Confusion,Fever,Blurred Vision,Diarrhea,Low Blood Pressure,Shortness of Breath,Strep Throat
Low Blood Pressure,Sore Throat,Swollen Lymph Nodes,Skin Redness,Runny Nose,Chills,Loss of Smell,Unknown
Loss of Appetite,Shortness of Breath,Headache,High Blood Pressure,Fever,Confusion,Chest Pain,Unknown
Nausea,Rash,Runny Nose,Muscle Pain,Joint Pain,Loss of Taste,Skin Redness,Cold
Vomiting,Shortness of Breath,Fatigue,Chills,Rash,Sore Throat,Sweating,Flu
Weakness,Fever,Runny Nose,Muscle Pain,Chills,Sweating,Swollen Lymph Nodes,Scarlet Fever
Muscle Pain,Vomiting,Chills,Dizziness,Shortness of Breath,Loss of Appetite,Skin Peeling,Dengue
Swollen Lymph Nodes,Sweating,Headache,Skin Peeling,Chills,Abdominal Pain,Muscle Pain,Typhoid
Chest Pain,Ear Pain,Weakness,Diarrhea,Shortness of Breath,Blurred Vision,Vomiting,Malaria
Skin Redness,Fatigue,Nausea,Swollen Lymph Nodes,Fever,Vomiting,Rash,Food Poisoning
Swollen Lymph Nodes,Chills,Ear Pain,Difficulty Swallowing,Skin Redness,Sweating,Loss of Taste,COVID-19
Headache,Rash,Fatigue,Nausea,Difficulty Swallowing,Muscle Pain,Rapid Heart Rate,Ear Infection
Loss of Smell,High Blood Pressure,Rapid Heart Rate,Rash,Weakness,Fever,Dizziness,Unknown
Fatigue,Nausea,Dizziness,Headache,Cough,Abdominal Pain,Loss of Appetite,Hypotension
Nausea,Runny Nose,Cough,Diarrhea,Chills,Sweating,Muscle Pain,Unknown
Joint Pain,Fatigue,Chest Pain,Rapid Heart Rate,Sore Throat,Difficulty Swallowing,Confusion,Unknown
Dizziness,Skin Redness,Ear Pain,Runny Nose,Shortness of Breath,Chest Pain,High Blood Pressure,Pneumonia
Loss of Appetite,Loss of Taste,Vomiting,Swollen Lymph Nodes,Joint Pain,Blurred Vision,Nausea,Unknown
Skin Redness,Headache,Loss of Appetite,Loss of Smell,Nausea,Loss of Taste,Rash,Unknown
Fever,Skin Peeling,Sweating,Skin Redness,Loss of Appetite,Rapid Heart Rate,Sore Throat,Malaria
Fatigue,Chills,Skin Redness,Vomiting,Joint Pain,Sore Throat,Cough,Hypertension
Chest Pain,Blurred Vision,Difficulty Swallowing,Loss of Smell,Diarrhea,Cough,Sweating,Unknown
Swollen Lymph Nodes,Abdominal Pain,Cough,Loss of Taste,Joint Pain,Runny Nose,Fever,Scarlet Fever
Rapid Heart Rate,Ear Pain,Shortness of Breath,High Blood Pressure,Blurred Vision,Difficulty Swallowing,Dizziness,Unknown
Chest Pain,Runny Nose,Swollen Lymph Nodes,Vomiting,Joint Pain,Headache,Confusion,Strep Throat
Rash,Chills,Joint Pain,Runny Nose,Fatigue,Loss of Appetite,Chest Pain,Flu
Chest Pain,Sweating,Loss of Taste,Vomiting,Rash,Swollen Lymph Nodes,Diarrhea,Unknown
Headache,High Blood Pressure,Difficulty Swallowing,Cough,Shortness of Breath,Muscle Pain,Rapid Heart Rate,Strep Throat
Vomiting,Fatigue,High Blood Pressure,Nausea,Chest Pain,Blurred Vision,Cough,Hypertension
High Blood Pressure,Confusion,Fatigue,Sweating,Abdominal Pain,Low Blood Pressure,Fever,Dengue
Rash,Sweating,Swollen Lymph Nodes,Blurred Vision,Chest Pain,Cough,Ear Pain,Dengue
Chest Pain,Skin Peeling,Fatigue,Sweating,Ear Pain,Muscle Pain,Confusion,Scarlet Fever
Weakness,Loss of Appetite,Joint Pain,Fever,Chest Pain,Rash,Ear Pain,Unknown
Confusion,Swollen Lymph Nodes,Difficulty Swallowing,Chest Pain,Headache,Nausea,Rapid Heart Rate,Dengue
Sweating,Fever,Cough,Fatigue,Joint Pain,Ear Pain,Vomiting,COVID-19
Fever,Vomiting,Weakness,Runny Nose,Swollen Lymph Nodes,Skin Redness,Skin Peeling,Malaria
Difficulty Swallowing,Cough,Vomiting,Rash,Swollen Lymph Nodes,Muscle Pain,Blurred Vision,Unknown
Rash,Shortness of Breath,Joint Pain,Swollen Lymph Nodes,Low Blood Pressure,Muscle Pain,Nausea,Dengue
Loss of Smell,Loss of Appetite,Abdominal Pain,Fatigue,Blurred Vision,Diarrhea,High Blood Pressure,Unknown
Vomiting,Fever,Headache,Fatigue,Muscle Pain,Low Blood Pressure,Skin Redness,Typhoid
Chills,Diarrhea,Headache,Confusion,Skin Redness,Swollen Lymph Nodes,Muscle Pain,Hypertension
Skin Redness,Rash,Fever,Confusion,Chills,Loss of Smell,Loss of Appetite,Typhoid
Sore Throat,Loss of Taste,Fever,Abdominal Pain,Skin Redness,Chest Pain,Loss of Appetite,Malaria
Loss of Smell,Blurred Vision,Joint Pain,Rash,High Blood Pressure,Vomiting,Sore Throat,Unknown
Weakness,Rapid Heart Rate,Fever,Sore Throat,Rash,Muscle Pain,Joint Pain,Typhoid
Abdominal Pain,Fever,High Blood Pressure,Joint Pain,Runny Nose,Nausea,Rapid Heart Rate,Food Poisoning
Nausea,Confusion,Diarrhea,Dizziness,Shortness of Breath,Loss of Taste,Difficulty Swallowing,Unknown
Diarrhea,Low Blood Pressure,Ear Pain,Swollen Lymph Nodes,Fatigue,Nausea,Shortness of Breath,Typhoid
Loss of Taste,Difficulty Swallowing,Nausea,Shortness of Breath,Sweating,Skin Peeling,Dizziness,Migraine
Loss of Appetite,Confusion,Vomiting,Ear Pain,High Blood Pressure,Cough,Fever,Unknown
Skin Redness,Sweating,Cough,Shortness of Breath,Loss of Taste,Chills,Sore Throat,Unknown
Difficulty Swallowing,Fatigue,Loss of Appetite,Sore Throat,Runny Nose,Weakness,Ear Pain,Typhoid
Ear Pain,Loss of Smell,Runny Nose,Skin Redness,Confusion,Difficulty Swallowing,Shortness of Breath,Unknown
Headache,Loss of Smell,Rapid Heart Rate,High Blood Pressure,Blurred Vision,Dizziness,Sore Throat,Meningitis
Dizziness,Abdominal Pain,Loss of Taste,Nausea,Cough,Skin Redness,Rash,Typhoid
Chills,Weakness,High Blood Pressure,Muscle Pain,Swollen Lymph Nodes,Joint Pain,Nausea,Unknown
Skin Redness,Blurred Vision,Rapid Heart Rate,Chest Pain,High Blood Pressure,Shortness of Breath,Nausea,Scarlet Fever
Weakness,Loss of Appetite,Low Blood Pressure,Diarrhea,Loss of Smell,Nausea,Shortness of Breath,Pneumonia
Abdominal Pain,Joint Pain,Runny Nose,High Blood Pressure,Sweating,Headache,Shortness of Breath,Malaria
Runny Nose,Loss of Smell,Rash,Cough,Blurred Vision,Shortness of Breath,Diarrhea,Pneumonia
Diarrhea,Shortness of Breath,Loss of Taste,Runny Nose,High Blood Pressure,Muscle Pain,Loss of Smell,Dengue
Loss of Smell,Cough,Muscle Pain,Sweating,Fever,Skin Peeling,Weakness,Unknown
Nausea,High Blood Pressure,Sweating,Loss of Smell,Loss of Appetite,Skin Redness,Sore Throat,Malaria
Abdominal Pain,Difficulty Swallowing,Low Blood Pressure,Loss of Appetite,Rapid Heart Rate,Rash,Fatigue,Unknown
Weakness,Abdominal Pain,Dizziness,Low Blood Pressure,Fever,Nausea,Blurred Vision,Food Poisoning
Low Blood Pressure,Chills,Dizziness,Swollen Lymph Nodes,Skin Peeling,Nausea,Cough,Hypotension
Swollen Lymph Nodes,Cough,Weakness,Chest Pain,Headache,Diarrhea,Low Blood Pressure,Pneumonia
Weakness,Rash,Chills,Muscle Pain,Nausea,Swollen Lymph Nodes,Skin Redness,Hypotension
Loss of Appetite,Sweating,Sore Throat,Cough,Difficulty Swallowing,Abdominal Pain,Headache,Meningitis
Loss of Smell,Loss of Taste,Ear Pain,Fatigue,Weakness,Fever,Skin Redness,Typhoid
Abdominal Pain,Rapid Heart Rate,Cough,Loss of Smell,Vomiting,Joint Pain,Loss of Appetite,Hypotension
Loss of Smell,Fatigue,Rash,Low Blood Pressure,Dizziness,Diarrhea,Abdominal Pain,Typhoid
Low Blood Pressure,Vomiting,Weakness,Skin Redness,Rash,Diarrhea,High Blood Pressure,Unknown
Rapid Heart Rate,Sweating,Runny Nose,Fever,Chest Pain,Ear Pain,Dizziness,Malaria
Dizziness,Joint Pain,Headache,Diarrhea,Confusion,Blurred Vision,Sore Throat,Strep Throat
Headache,Cough,Loss of Smell,Blurred Vision,Skin Redness,Loss of Taste,Difficulty Swallowing,Scarlet Fever
Diarrhea,Nausea,Headache,Loss of Smell,High Blood Pressure,Ear Pain,Chest Pain,Hypertension
Skin Peeling,High Blood Pressure,Shortness of Breath,Difficulty Swallowing,Rash,Sweating,Abdominal Pain,Unknown
Swollen Lymph Nodes,Confusion,Rapid Heart Rate,Loss of Smell,Rash,Runny Nose,Abdominal Pain,Unknown
Fever,Runny Nose,Headache,Difficulty Swallowing,Muscle Pain,Loss of Appetite,Rapid Heart Rate,Strep Throat
Cough,Skin Redness,Shortness of Breath,Loss of Taste,Nausea,Runny Nose,Low Blood Pressure,COVID-19
Joint Pain,Cough,Difficulty Swallowing,Loss of Smell,Sweating,Skin Redness,Muscle Pain,Unknown
Cough,High Blood Pressure,Fatigue,Vomiting,Chills,Abdominal Pain,Joint Pain,Unknown
Loss of Smell,Weakness,Loss of Taste,Cough,High Blood Pressure,Chest Pain,Sweating,Hypertension
Headache,Chills,Rapid Heart Rate,Swollen Lymph Nodes,Chest Pain,Runny Nose,Sweating,Hypertension
Loss of Smell,Joint Pain,Muscle Pain,Chest Pain,Sore Throat,High Blood Pressure,Swollen Lymph Nodes,Strep Throat
Sore Throat,Vomiting,Abdominal Pain,Rash,Chest Pain,Confusion,Sweating,Strep Throat
Swollen Lymph Nodes,Blurred Vision,Cough,Confusion,Sweating,Vomiting,Rash,Meningitis
Loss of Smell,Loss of Appetite,Blurred Vision,Sweating,Chills,High Blood Pressure,Rapid Heart Rate,Hypotension
Difficulty Swallowing,Headache,Low Blood Pressure,Skin Redness,Skin Peeling,Runny Nose,Vomiting,Scarlet Fever
Nausea,Cough,Diarrhea,Chest Pain,Runny Nose,Confusion,Sore Throat,Meningitis
Sweating,Low Blood Pressure,Difficulty Swallowing,Cough,Rapid Heart Rate,Skin Redness,Chest Pain,Unknown
Confusion,High Blood Pressure,Dizziness,Diarrhea,Skin Redness,Sore Throat,Skin Peeling,Meningitis
Shortness of Breath,Loss of Appetite,Joint Pain,Muscle Pain,Low Blood Pressure,Rapid Heart Rate,Sweating,Unknown
Rash,Diarrhea,Vomiting,Dizziness,High Blood Pressure,Headache,Ear Pain,Malaria
Blurred Vision,Shortness of Breath,Loss of Smell,Diarrhea,Difficulty Swallowing,Swollen Lymph Nodes,Sweating,Strep Throat
Sore Throat,Headache,Chest Pain,Blurred Vision,High Blood Pressure,Cough,Fever,Dengue
Diarrhea,Runny Nose,Fever,Headache,Rapid Heart Rate,Shortness of Breath,Confusion,Food Poisoning
Joint Pain,Skin Redness,Headache,Weakness,Loss of Taste,Nausea,Fever,Unknown
Vomiting,Nausea,Chest Pain,Blurred Vision,Low Blood Pressure,Shortness of Breath,Fatigue,Meningitis
Nausea,Loss of Taste,Chest Pain,Loss of Smell,Cough,Fever,Confusion,Meningitis
Cough,Vomiting,Diarrhea,Runny Nose,Loss of Appetite,Ear Pain,Confusion,Unknown
Swollen Lymph Nodes,Shortness of Breath,Rapid Heart Rate,Sweating,High Blood Pressure,Joint Pain,Confusion,COVID-19
Headache,Dizziness,Runny Nose,Confusion,Low Blood Pressure,High Blood Pressure,Chest Pain,Unknown
Abdominal Pain,Rash,Chills,Diarrhea,Weakness,Loss of Taste,Skin Redness,Unknown
Skin Peeling,Blurred Vision,Cough,Headache,Swollen Lymph Nodes,Low Blood Pressure,Sweating,COVID-19
Low Blood Pressure,Confusion,Sweating,Fatigue,Diarrhea,Cough,Weakness,Malaria
Confusion,Loss of Appetite,Rapid Heart Rate,Loss of Smell,Chills,Loss of Taste,Skin Peeling,Malaria
Dizziness,Joint Pain,Chest Pain,Muscle Pain,Shortness of Breath,Sweating,Abdominal Pain,Dengue
Vomiting,Loss of Smell,Rash,Nausea,Swollen Lymph Nodes,Fever,Rapid Heart Rate,Flu
Cough,Low Blood Pressure,Rapid Heart Rate,Sore Throat,Headache,Abdominal Pain,Weakness,Malaria
Confusion,Loss of Taste,Dizziness,Shortness of Breath,Sore Throat,Nausea,Cough,Pneumonia
Blurred Vision,Skin Peeling,Sweating,Low Blood Pressure,Diarrhea,Sore Throat,Fatigue,Unknown
Fever,Skin Redness,Loss of Appetite,Muscle Pain,Runny Nose,Blurred Vision,Sore Throat,Malaria
Ear Pain,Swollen Lymph Nodes,Fatigue,Confusion,Vomiting,Muscle Pain,Chills,Hypertension
Skin Redness,Chills,Muscle Pain,Joint Pain,Nausea,Ear Pain,Abdominal Pain,Unknown
Ear Pain,Vomiting,High Blood Pressure,Nausea,Loss of Smell,Shortness of Breath,Confusion,Migraine
Fatigue,Runny Nose,Cough,Confusion,Ear Pain,Loss of Smell,Diarrhea,Unknown
Loss of Smell,Fatigue,Sweating,Sore Throat,Dizziness,Loss of Taste,Diarrhea,Food Poisoning
Loss of Appetite,Rapid Heart Rate,Fatigue,Chills,Headache,Sore Throat,Difficulty Swallowing,Flu
Runny Nose,High Blood Pressure,Muscle Pain,Ear Pain,Low Blood Pressure,Dizziness,Swollen Lymph Nodes,Strep Throat
Ear Pain,Fatigue,Skin Peeling,Headache,Difficulty Swallowing,Weakness,Shortness of Breath,Strep Throat
Muscle Pain,Sore Throat,Joint Pain,Dizziness,Shortness of Breath,Headache,Weakness,Strep Throat
Low Blood Pressure,Runny Nose,High Blood Pressure,Abdominal Pain,Chest Pain,Headache,Fatigue,Pneumonia
Weakness,Vomiting,Cough,Dizziness,Blurred Vision,Joint Pain,Headache,Dengue
Rapid Heart Rate,Skin Peeling,Blurred Vision,Confusion,Chills,Difficulty Swallowing,Sore Throat,Cold
Skin Peeling,High Blood Pressure,Abdominal Pain,Confusion,Runny Nose,Sore Throat,Sweating,Typhoid
Rash,Loss of Appetite,Chills,Weakness,Blurred Vision,Confusion,Fatigue,Food Poisoning
Abdominal Pain,Fever,Headache,Skin Peeling,Confusion,Sore Throat,Dizziness,Typhoid
Skin Peeling,Diarrhea,Vomiting,Fatigue,High Blood Pressure,Joint Pain,Dizziness,Hypertension
Difficulty Swallowing,Sweating,Ear Pain,Blurred Vision,Nausea,Dizziness,Loss of Appetite,Hypotension
Chills,Vomiting,Dizziness,Blurred Vision,Nausea,Chest Pain,Runny Nose,Cold
Nausea,Blurred Vision,Skin Redness,Runny Nose,Chills,Confusion,Loss of Taste,Unknown
Rash,Low Blood Pressure,Weakness,Difficulty Swallowing,Chills,Fatigue,Confusion,Ear Infection
Chest Pain,Runny Nose,Abdominal Pain,Sore Throat,Ear Pain,Muscle Pain,Blurred Vision,Unknown
Joint Pain,Diarrhea,Muscle Pain,Sweating,Runny Nose,Blurred Vision,Chills,Migraine
Sore Throat,Skin Redness,Difficulty Swallowing,Muscle Pain,Weakness,Fatigue,Cough,COVID-19
Muscle Pain,Sore Throat,Fatigue,Vomiting,Loss of Taste,Headache,Difficulty Swallowing,Unknown
Skin Redness,Confusion,Abdominal Pain,Chest Pain,Blurred Vision,Cough,Vomiting,Typhoid
Chills,Loss of Smell,Sore Throat,Loss of Taste,Ear Pain,Skin Redness,Skin Peeling,Unknown
Difficulty Swallowing,Confusion,Nausea,Headache,Cough,Shortness of Breath,Rash,Hypertension
Joint Pain,Ear Pain,Swollen Lymph Nodes,Cough,Fatigue,Dizziness,Chest Pain,Strep Throat
Dizziness,Diarrhea,Headache,Blurred Vision,Low Blood Pressure,Difficulty Swallowing,Ear Pain,Migraine
Fatigue,Fever,Loss of Smell,Abdominal Pain,Low Blood Pressure,Loss of Taste,Difficulty Swallowing,Meningitis
Chills,Fatigue,Low Blood Pressure,Headache,Difficulty Swallowing,Sore Throat,Rapid Heart Rate,Dengue
Diarrhea,Vomiting,Skin Redness,Ear Pain,Rapid Heart Rate,Fatigue,Weakness,COVID-19
Dizziness,Shortness of Breath,Low Blood Pressure,Nausea,High Blood Pressure,Weakness,Muscle Pain,Unknown
Cough,Chills,Nausea,Diarrhea,Muscle Pain,High Blood Pressure,Abdominal Pain,Migraine
Nausea,Low Blood Pressure,Loss of Taste,Muscle Pain,Headache,Blurred Vision,Loss of Smell,Unknown
Loss of Appetite,Fatigue,Rapid Heart Rate,Dizziness,Headache,Weakness,Chest Pain,Unknown
Abdominal Pain,Vomiting,Rash,Difficulty Swallowing,Nausea,Dizziness,Diarrhea,Unknown
Rapid Heart Rate,Fatigue,Chills,Runny Nose,Headache,Loss of Smell,Diarrhea,Meningitis
Swollen Lymph Nodes,Shortness of Breath,Low Blood Pressure,Sweating,Chills,Chest Pain,Cough,Strep Throat
Rash,Low Blood Pressure,Muscle Pain,Headache,Runny Nose,Abdominal Pain,Joint Pain,Migraine
Diarrhea,Joint Pain,Vomiting,Loss of Smell,Cough,Fever,Skin Peeling,Food Poisoning
Dizziness,Rapid Heart Rate,Ear Pain,Chills,High Blood Pressure,Muscle Pain,Loss of Taste,Hypertension
Shortness of Breath,Blurred Vision,Fatigue,Headache,Sore Throat,Vomiting,High Blood Pressure,Unknown
Cough,Joint Pain,Abdominal Pain,Headache,Chills,Weakness,Loss of Appetite,Meningitis
Swollen Lymph Nodes,Ear Pain,Rash,Difficulty Swallowing,Sore Throat,Fatigue,Skin Redness,Flu
Sweating,Nausea,Dizziness,Fatigue,Cough,Skin Peeling,Skin Redness,Migraine
Vomiting,Fever,Blurred Vision,Joint Pain,Swollen Lymph Nodes,Rash,Loss of Taste,Strep Throat
Runny Nose,Low Blood Pressure,Shortness of Breath,Chest Pain,Headache,Ear Pain,Loss of Taste,Unknown
Fever,Runny Nose,Headache,Chills,Diarrhea,Vomiting,Sore Throat,Typhoid
Loss of Smell,Fatigue,Dizziness,Chest Pain,Weakness,Ear Pain,Vomiting,Unknown
Joint Pain,Loss of Appetite,Runny Nose,Fever,Abdominal Pain,Skin Peeling,Confusion,Meningitis
Shortness of Breath,High Blood Pressure,Loss of Smell,Rapid Heart Rate,Runny Nose,Muscle Pain,Skin Peeling,Unknown
Joint Pain,Confusion,Loss of Taste,Weakness,Fatigue,Rash,Vomiting,Typhoid
Dizziness,Joint Pain,Chills,Skin Peeling,Difficulty Swallowing,Diarrhea,Swollen Lymph Nodes,Unknown
Chest Pain,Nausea,Difficulty Swallowing,Skin Peeling,Fatigue,Rapid Heart Rate,Diarrhea,Unknown
Weakness,Dizziness,Difficulty Swallowing,Chest Pain,Confusion,Abdominal Pain,Loss of Appetite,Meningitis
Shortness of Breath,Fever,Difficulty Swallowing,Sore Throat,Weakness,Fatigue,Joint Pain,Hypotension
Diarrhea,Muscle Pain,Sweating,Skin Redness,Ear Pain,Skin Peeling,Nausea,Scarlet Fever
Chest Pain,Skin Peeling,Loss of Appetite,Chills,Nausea,Fever,Difficulty Swallowing,Unknown
Rapid Heart Rate,Confusion,Abdominal Pain,Blurred Vision,High Blood Pressure,Vomiting,Low Blood Pressure,Unknown
Abdominal Pain,Rash,Skin Peeling,Nausea,Cough,Dizziness,Joint Pain,Food Poisoning
Shortness of Breath,Skin Peeling,Chest Pain,Chills,Rapid Heart Rate,Cough,Low Blood Pressure,Scarlet Fever
Sweating,Loss of Appetite,Fatigue,Blurred Vision,Ear Pain,Headache,Skin Peeling,Hypertension
Chest Pain,Sore Throat,High Blood Pressure,Fatigue,Rapid Heart Rate,Skin Redness,Ear Pain,Unknown
Chills,Muscle Pain,Skin Redness,Ear Pain,Loss of Taste,Shortness of Breath,Fever,Malaria
Muscle Pain,Rapid Heart Rate,Joint Pain,Fatigue,Skin Redness,Swollen Lymph Nodes,Abdominal Pain,Hypertension
Loss of Smell,Vomiting,Skin Peeling,Confusion,Nausea,Swollen Lymph Nodes,Difficulty Swallowing,Unknown
Runny Nose,Rash,Weakness,Shortness of Breath,Blurred Vision,Swollen Lymph Nodes,Vomiting,Unknown
Dizziness,Fever,Nausea,Confusion,Rash,Headache,Skin Peeling,COVID-19
High Blood Pressure,Swollen Lymph Nodes,Cough,Weakness,Rash,Abdominal Pain,Runny Nose,Malaria
Fatigue,Ear Pain,Confusion,Diarrhea,Blurred Vision,Weakness,Loss of Smell,Malaria
Dizziness,Fever,Abdominal Pain,Difficulty Swallowing,High Blood Pressure,Swollen Lymph Nodes,Ear Pain,Scarlet Fever
Sweating,Chest Pain,Nausea,Loss of Taste,Weakness,Muscle Pain,Blurred Vision,Food Poisoning
Joint Pain,Diarrhea,Chest Pain,Ear Pain,Chills,Swollen Lymph Nodes,Rash,Strep Throat
Skin Redness,Fatigue,Ear Pain,Fever,Runny Nose,Rapid Heart Rate,Weakness,Typhoid
Swollen Lymph Nodes,Rapid Heart Rate,Diarrhea,Skin Peeling,Confusion,Loss of Taste,Blurred Vision,Migraine
Loss of Appetite,Sweating,Headache,Cough,Fatigue,Vomiting,Muscle Pain,Typhoid
Low Blood Pressure,Rash,Chills,Chest Pain,Shortness of Breath,Muscle Pain,Joint Pain,Unknown
High Blood Pressure,Vomiting,Chest Pain,Loss of Taste,Loss of Appetite,Headache,Cough,Unknown
Low Blood Pressure,Blurred Vision,Skin Redness,Loss of Appetite,Vomiting,Chest Pain,Runny Nose,Cold
Chills,Difficulty Swallowing,Blurred Vision,Fever,Confusion,High Blood Pressure,Shortness of Breath,Migraine
Sore Throat,Fatigue,Muscle Pain,Swollen Lymph Nodes,Loss of Smell,Rash,Loss of Appetite,Strep Throat
Cough,Chills,Runny Nose,Loss of Smell,Confusion,High Blood Pressure,Muscle Pain,Unknown
Confusion,Swollen Lymph Nodes,Loss of Smell,Skin Redness,Headache,Runny Nose,Rash,Scarlet Fever
Shortness of Breath,Loss of Appetite,Skin Redness,Runny Nose,Blurred Vision,Headache,Low Blood Pressure,Ear Infection
Diarrhea,Loss of Appetite,Cough,Chills,Rapid Heart Rate,Sweating,Chest Pain,Unknown
Shortness of Breath,Fatigue,Rash,Abdominal Pain,Sweating,Swollen Lymph Nodes,Nausea,Typhoid
Low Blood Pressure,Shortness of Breath,Fever,Sore Throat,Fatigue,Joint Pain,Cough,Typhoid
Rash,Fever,Nausea,Cough,Sweating,Difficulty Swallowing,Fatigue,Strep Throat
Skin Peeling,Cough,Sore Throat,Muscle Pain,Loss of Appetite,Dizziness,Blurred Vision,Typhoid
Swollen Lymph Nodes,Vomiting,Difficulty Swallowing,Ear Pain,Abdominal Pain,Confusion,High Blood Pressure,Food Poisoning
Skin Peeling,Chest Pain,Shortness of Breath,Runny Nose,Loss of Taste,High Blood Pressure,Low Blood Pressure,Unknown
Fever,Runny Nose,Confusion,Skin Redness,Fatigue,Cough,Headache,Dengue
Difficulty Swallowing,Ear Pain,Fever,Sweating,Chills,Skin Peeling,Weakness,Malaria
Nausea,Weakness,Rash,Runny Nose,Loss of Smell,Cough,Ear Pain,COVID-19
Runny Nose,Chills,Shortness of Breath,Rash,Confusion,Nausea,Muscle Pain,COVID-19
Loss of Smell,High Blood Pressure,Headache,Abdominal Pain,Shortness of Breath,Confusion,Dizziness,Flu
Joint Pain,Ear Pain,Diarrhea,Low Blood Pressure,Loss of Appetite,Dizziness,Cough,Cold
Weakness,Vomiting,Sore Throat,Swollen Lymph Nodes,Blurred Vision,High Blood Pressure,Abdominal Pain,Food Poisoning
Fever,Ear Pain,Rapid Heart Rate,Fatigue,Swollen Lymph Nodes,Confusion,Dizziness,Flu
Confusion,Nausea,Vomiting,Diarrhea,Swollen Lymph Nodes,Loss of Smell,Blurred Vision,Unknown
Fatigue,Sweating,Low Blood Pressure,Skin Redness,Loss of Smell,Difficulty Swallowing,Abdominal Pain,Hypertension
High Blood Pressure,Rash,Skin Peeling,Muscle Pain,Nausea,Cough,Chest Pain,Migraine
Loss of Smell,Vomiting,Headache,Ear Pain,Rapid Heart Rate,Muscle Pain,Dizziness,Unknown
Headache,Dizziness,Skin Redness,Fatigue,Vomiting,High Blood Pressure,Cough,Migraine
Ear Pain,Shortness of Breath,Loss of Taste,Skin Redness,High Blood Pressure,Rash,Vomiting,COVID-19
Dizziness,Fatigue,Runny Nose,Muscle Pain,Weakness,Low Blood Pressure,Nausea,Hypertension
Swollen Lymph Nodes,Muscle Pain,Sore Throat,Fatigue,Cough,Chest Pain,Diarrhea,Food Poisoning
Sweating,Confusion,Muscle Pain,Shortness of Breath,Low Blood Pressure,Blurred Vision,Rash,Dengue
Low Blood Pressure,Sore Throat,Blurred Vision,Fever,Loss of Taste,Nausea,Loss of Smell,Ear Infection
Blurred Vision,Loss of Smell,Fatigue,Loss of Appetite,Rapid Heart Rate,Abdominal Pain,Skin Redness,Cold
Fatigue,Abdominal Pain,Skin Redness,Sweating,Vomiting,Loss of Taste,Ear Pain,Unknown
Shortness of Breath,Loss of Appetite,Weakness,Dizziness,Low Blood Pressure,Swollen Lymph Nodes,Vomiting,Unknown
Shortness of Breath,Sweating,Joint Pain,Rapid Heart Rate,Skin Redness,Diarrhea,Blurred Vision,Unknown
Abdominal Pain,Joint Pain,Shortness of Breath,Loss of Taste,Difficulty Swallowing,Fatigue,Chills,Strep Throat
Difficulty Swallowing,Chest Pain,Blurred Vision,Low Blood Pressure,Nausea,Fever,Abdominal Pain,Pneumonia
Loss of Smell,Nausea,Vomiting,Dizziness,Sweating,High Blood Pressure,Rash,Dengue
Skin Redness,Chest Pain,Fatigue,Confusion,Fever,Muscle Pain,Shortness of Breath,Scarlet Fever
Dizziness,Cough,Nausea,Shortness of Breath,Low Blood Pressure,Abdominal Pain,Fatigue,Cold
Runny Nose,Diarrhea,Rapid Heart Rate,Blurred Vision,Shortness of Breath,Vomiting,Sore Throat,Pneumonia
Dizziness,High Blood Pressure,Diarrhea,Ear Pain,Chest Pain,Fatigue,Rash,Cold
Runny Nose,Loss of Taste,Vomiting,Muscle Pain,Swollen Lymph Nodes,Diarrhea,Blurred Vision,Migraine
Fever,Sweating,Muscle Pain,Joint Pain,Shortness of Breath,Chest Pain,Vomiting,Unknown
Cough,Loss of Smell,Rapid Heart Rate,High Blood Pressure,Skin Redness,Difficulty Swallowing,Weakness,Unknown
Chills,Nausea,Chest Pain,Diarrhea,Loss of Appetite,Headache,Sweating,Flu
Loss of Appetite,Ear Pain,Fever,Fatigue,Runny Nose,Joint Pain,Weakness,Food Poisoning
Weakness,Joint Pain,Skin Redness,Rash,High Blood Pressure,Chills,Loss of Appetite,Typhoid
Shortness of Breath,Abdominal Pain,Chills,Dizziness,Rapid Heart Rate,Sore Throat,Loss of Smell,COVID-19
Loss of Taste,High Blood Pressure,Shortness of Breath,Fever,Ear Pain,Abdominal Pain,Joint Pain,Ear Infection
Fever,Cough,Rash,Swollen Lymph Nodes,Ear Pain,Blurred Vision,Muscle Pain,Strep Throat
Sore Throat,Muscle Pain,Vomiting,Nausea,Chills,Joint Pain,Ear Pain,Food Poisoning
Chest Pain,Confusion,Blurred Vision,Dizziness,Sore Throat,Diarrhea,Cough,Flu
Skin Redness,Fever,Loss of Smell,Sore Throat,Muscle Pain,Rapid Heart Rate,Cough,Strep Throat
Nausea,Weakness,Cough,Sweating,Swollen Lymph Nodes,Fatigue,Rapid Heart Rate,Food Poisoning
Fever,Rapid Heart Rate,Sore Throat,High Blood Pressure,Loss of Appetite,Loss of Taste,Headache,Malaria
Rash,Runny Nose,Diarrhea,Nausea,Sore Throat,Fever,Difficulty Swallowing,Scarlet Fever
Ear Pain,Fatigue,High Blood Pressure,Fever,Runny Nose,Rash,Weakness,Typhoid
Skin Redness,Rapid Heart Rate,Rash,Chest Pain,Muscle Pain,Blurred Vision,Swollen Lymph Nodes,Hypotension
Chest Pain,Loss of Smell,Low Blood Pressure,Swollen Lymph Nodes,Muscle Pain,Loss of Appetite,Fever,Pneumonia
Fatigue,Loss of Smell,Sore Throat,Cough,Loss of Appetite,Blurred Vision,Difficulty Swallowing,Cold
Runny Nose,Blurred Vision,Muscle Pain,Rash,Low Blood Pressure,Difficulty Swallowing,Vomiting,Unknown
Difficulty Swallowing,Chills,Abdominal Pain,Sweating,Rash,Sore Throat,Joint Pain,Cold
Muscle Pain,Sore Throat,Chills,Difficulty Swallowing,Sweating,Blurred Vision,Fatigue,Malaria
Fatigue,Swollen Lymph Nodes,Loss of Taste,Diarrhea,Headache,Muscle Pain,Ear Pain,Hypertension
High Blood Pressure,Dizziness,Fever,Ear Pain,Blurred Vision,Chest Pain,Nausea,Scarlet Fever
Chest Pain,Shortness of Breath,Loss of Taste,Rapid Heart Rate,Abdominal Pain,Joint Pain,Loss of Appetite,Unknown
Swollen Lymph Nodes,Rapid Heart Rate,Ear Pain,Muscle Pain,Nausea,Rash,Sore Throat,Unknown
Loss of Appetite,Rapid Heart Rate,Headache,High Blood Pressure,Rash,Runny Nose,Joint Pain,COVID-19
Runny Nose,Loss of Taste,Dizziness,Joint Pain,Weakness,Abdominal Pain,Chest Pain,Hypotension
Rash,Sore Throat,Chills,Diarrhea,Rapid Heart Rate,Low Blood Pressure,Loss of Appetite,Food Poisoning
Loss of Smell,Low Blood Pressure,Nausea,Dizziness,Blurred Vision,Rapid Heart Rate,Loss of Appetite,Unknown
Shortness of Breath,Fever,Muscle Pain,Headache,Cough,Loss of Taste,Abdominal Pain,Typhoid
Loss of Smell,Swollen Lymph Nodes,Skin Peeling,Rapid Heart Rate,High Blood Pressure,Sore Throat,Loss of Appetite,Cold
Blurred Vision,Joint Pain,Skin Redness,Abdominal Pain,Low Blood Pressure,Cough,Swollen Lymph Nodes,Scarlet Fever
Swollen Lymph Nodes,Abdominal Pain,Diarrhea,Difficulty Swallowing,Skin Redness,Chest Pain,High Blood Pressure,Unknown
Dizziness,Sore Throat,High Blood Pressure,Swollen Lymph Nodes,Weakness,Shortness of Breath,Loss of Taste,Hypertension
Headache,Diarrhea,High Blood Pressure,Joint Pain,Rapid Heart Rate,Cough,Skin Peeling,Hypertension
Blurred Vision,Diarrhea,Loss of Taste,Sweating,Chest Pain,Weakness,Ear Pain,Unknown
Swollen Lymph Nodes,Chills,Fever,Runny Nose,Shortness of Breath,Loss of Appetite,Skin Redness,Ear Infection
Loss of Taste,Vomiting,Chest Pain,Loss of Appetite,Chills,Dizziness,Weakness,Unknown
Confusion,Rapid Heart Rate,Joint Pain,Low Blood Pressure,Runny Nose,Sweating,Cough,Unknown
Swollen Lymph Nodes,Sore Throat,Blurred Vision,Weakness,Chest Pain,Chills,Dizziness,Hypertension
Sweating,Chills,Nausea,Swollen Lymph Nodes,Headache,Dizziness,Loss of Appetite,Hypotension
Difficulty Swallowing,Loss of Smell,Skin Peeling,Sore Throat,Runny Nose,High Blood Pressure,Weakness,Flu
Low Blood Pressure,Muscle Pain,Fever,Blurred Vision,Dizziness,Cough,Joint Pain,Hypotension
Low Blood Pressure,Fatigue,Runny Nose,Loss of Taste,Rapid Heart Rate,Ear Pain,Fever,COVID-19
Diarrhea,Difficulty Swallowing,Rapid Heart Rate,Muscle Pain,Chills,Shortness of Breath,Confusion,Unknown
Low Blood Pressure,Sore Throat,Skin Redness,Chest Pain,Rapid Heart Rate,Joint Pain,Abdominal Pain,Food Poisoning
Joint Pain,Rash,Low Blood Pressure,Skin Peeling,High Blood Pressure,Cough,Fever,Unknown
Nausea,Shortness of Breath,Skin Redness,Skin Peeling,Dizziness,Low Blood Pressure,Headache,Food Poisoning
Vomiting,Rapid Heart Rate,Sweating,Ear Pain,Blurred Vision,Loss of Smell,Muscle Pain,Malaria
High Blood Pressure,Difficulty Swallowing,Low Blood Pressure,Muscle Pain,Shortness of Breath,Chest Pain,Confusion,Hypertension
Muscle Pain,Fatigue,Blurred Vision,Headache,Diarrhea,Dizziness,Chest Pain,Food Poisoning
Cough,Difficulty Swallowing,Muscle Pain,Skin Redness,Loss of Smell,Diarrhea,Sore Throat,Flu
Abdominal Pain,Dizziness,Cough,Weakness,Diarrhea,Swollen Lymph Nodes,Blurred Vision,Unknown
Sore Throat,Abdominal Pain,Runny Nose,Rapid Heart Rate,Chest Pain,Low Blood Pressure,Skin Peeling,Unknown
Nausea,Vomiting,Weakness,Diarrhea,Abdominal Pain,Cough,Rapid Heart Rate,Unknown
Loss of Smell,Fever,Runny Nose,Sore Throat,Rapid Heart Rate,Muscle Pain,Confusion,Unknown
Vomiting,Blurred Vision,Sore Throat,Weakness,Fatigue,Runny Nose,Rash,Malaria
Headache,Sore Throat,Abdominal Pain,Vomiting,Loss of Taste,Weakness,Ear Pain,Strep Throat
Cough,Skin Peeling,High Blood Pressure,Muscle Pain,Diarrhea,Rash,Loss of Taste,Pneumonia
Loss of Smell,Fatigue,Skin Redness,Diarrhea,Loss of Taste,Loss of Appetite,Shortness of Breath,Unknown
Cough,Weakness,Sweating,Headache,Dizziness,Low Blood Pressure,Fatigue,Meningitis
Cough,Chills,Runny Nose,Blurred Vision,Fever,Loss of Smell,Weakness,Meningitis
Rapid Heart Rate,Loss of Appetite,Swollen Lymph Nodes,High Blood Pressure,Fever,Low Blood Pressure,Chills,Hypertension
Headache,Abdominal Pain,Fever,Skin Peeling,Cough,Ear Pain,Muscle Pain,COVID-19
High Blood Pressure,Joint Pain,Rapid Heart Rate,Runny Nose,Diarrhea,Chills,Sore Throat,Strep Throat
Confusion,Runny Nose,Chills,Sweating,Ear Pain,Skin Redness,Loss of Appetite,Unknown
Vomiting,Loss of Taste,Loss of Smell,Headache,Nausea,Blurred Vision,Joint Pain,Unknown
Vomiting,Chest Pain,Nausea,Joint Pain,Dizziness,Muscle Pain,Fever,Dengue
Loss of Appetite,Confusion,Sweating,Skin Redness,Swollen Lymph Nodes,Weakness,Shortness of Breath,Pneumonia
Muscle Pain,Dizziness,Low Blood Pressure,Swollen Lymph Nodes,Shortness of Breath,Headache,Fever,Pneumonia
Runny Nose,Sweating,Cough,Rash,Muscle Pain,Low Blood Pressure,Skin Redness,Unknown
Ear Pain,Rash,Chills,Rapid Heart Rate,Loss of Smell,Dizziness,Nausea,Food Poisoning
Runny Nose,Loss of Smell,Loss of Appetite,Nausea,Swollen Lymph Nodes,Rapid Heart Rate,Low Blood Pressure,Migraine
Rapid Heart Rate,Chest Pain,Shortness of Breath,High Blood Pressure,Cough,Skin Peeling,Fatigue,Unknown
Low Blood Pressure,Sore Throat,Shortness of Breath,Fever,Rash,Fatigue,Vomiting,Strep Throat
Nausea,Low Blood Pressure,Rash,Muscle Pain,Sore Throat,Abdominal Pain,Difficulty Swallowing,Meningitis
Fever,Loss of Taste,Loss of Smell,Rapid Heart Rate,Shortness of Breath,Abdominal Pain,Loss of Appetite,Ear Infection
Chills,Rash,Loss of Appetite,Confusion,Shortness of Breath,Swollen Lymph Nodes,Dizziness,Unknown
Fatigue,Skin Redness,Muscle Pain,Skin Peeling,Rash,Runny Nose,Weakness,COVID-19
Vomiting,Low Blood Pressure,Muscle Pain,Sore Throat,Confusion,Shortness of Breath,Nausea,Pneumonia
Difficulty Swallowing,Ear Pain,Fever,Loss of Smell,Runny Nose,Confusion,Vomiting,Cold
Shortness of Breath,Vomiting,Confusion,Ear Pain,Fever,Joint Pain,Rash,Flu
Weakness,Sore Throat,Sweating,Chills,Headache,Rash,Confusion,Hypertension
Skin Peeling,Ear Pain,Vomiting,Sweating,Fatigue,Joint Pain,Difficulty Swallowing,Hypertension
High Blood Pressure,Headache,Muscle Pain,Loss of Taste,Fever,Abdominal Pain,Runny Nose,COVID-19
Low Blood Pressure,Weakness,Skin Peeling,Loss of Taste,Cough,Joint Pain,Chills,Malaria
Rapid Heart Rate,Skin Redness,Loss of Taste,Sweating,Headache,Joint Pain,Diarrhea,Hypotension
Muscle Pain,Cough,Nausea,Weakness,Rash,Loss of Appetite,Headache,Meningitis
Rapid Heart Rate,Confusion,Chills,Low Blood Pressure,Shortness of Breath,Difficulty Swallowing,Fever,Unknown
Chest Pain,Skin Peeling,Dizziness,High Blood Pressure,Sore Throat,Confusion,Rapid Heart Rate,Unknown
Headache,Weakness,Cough,Joint Pain,Dizziness,Loss of Smell,Rash,Hypotension
Loss of Taste,Diarrhea,Rapid Heart Rate,Rash,Loss of Smell,Headache,Shortness of Breath,Food Poisoning
Skin Redness,Joint Pain,Difficulty Swallowing,Loss of Taste,Sore Throat,Weakness,Abdominal Pain,Unknown
Skin Redness,Sweating,Fatigue,Loss of Smell,Ear Pain,Confusion,Rapid Heart Rate,Flu
Skin Redness,Shortness of Breath,Loss of Taste,Chest Pain,Difficulty Swallowing,Fever,Chills,Unknown
Loss of Smell,Skin Peeling,Confusion,Loss of Appetite,Abdominal Pain,Dizziness,Rapid Heart Rate,Hypotension
Rash,Loss of Appetite,Difficulty Swallowing,Weakness,Headache,Low Blood Pressure,Blurred Vision,Meningitis
Skin Redness,Muscle Pain,Sweating,Joint Pain,Confusion,Cough,Abdominal Pain,Unknown
Shortness of Breath,Blurred Vision,Chest Pain,Chills,Sore Throat,Loss of Taste,Skin Redness,Unknown
Blurred Vision,Fever,Fatigue,Skin Peeling,Abdominal Pain,High Blood Pressure,Difficulty Swallowing,Unknown
Confusion,Weakness,Fever,Diarrhea,Rapid Heart Rate,Fatigue,Cough,Typhoid
Loss of Smell,Nausea,Ear Pain,Vomiting,High Blood Pressure,Chills,Rash,Unknown
Dizziness,Weakness,Low Blood Pressure,Sore Throat,Ear Pain,Chest Pain,Fatigue,Cold
Vomiting,Joint Pain,Sore Throat,Skin Redness,Ear Pain,Difficulty Swallowing,Fatigue,Ear Infection
Diarrhea,Loss of Appetite,Headache,Joint Pain,Loss of Smell,High Blood Pressure,Runny Nose,Typhoid
Dizziness,Fatigue,Swollen Lymph Nodes,Vomiting,Loss of Taste,Joint Pain,Fever,Dengue
Muscle Pain,Shortness of Breath,Chest Pain,Rash,Confusion,Sore Throat,Weakness,COVID-19
High Blood Pressure,Runny Nose,Cough,Confusion,Rash,Blurred Vision,Sweating,Pneumonia
Sore Throat,Loss of Appetite,Loss of Taste,Sweating,Muscle Pain,Headache,Abdominal Pain,Typhoid
Rash,High Blood Pressure,Blurred Vision,Headache,Muscle Pain,Diarrhea,Chills,Unknown
Loss of Smell,Sweating,Dizziness,Muscle Pain,Sore Throat,Fever,Chest Pain,Pneumonia
High Blood Pressure,Skin Peeling,Blurred Vision,Difficulty Swallowing,Vomiting,Rash,Sore Throat,Flu
Fever,Low Blood Pressure,Weakness,Abdominal Pain,Muscle Pain,Loss of Taste,Nausea,Dengue
Cough,Rash,Vomiting,Blurred Vision,Loss of Appetite,Rapid Heart Rate,Fever,COVID-19
Chills,Confusion,Low Blood Pressure,Cough,Blurred Vision,Diarrhea,Vomiting,Pneumonia
Ear Pain,Fever,Sore Throat,Loss of Appetite,Headache,Shortness of Breath,Blurred Vision,Strep Throat
High Blood Pressure,Rash,Rapid Heart Rate,Sweating,Headache,Diarrhea,Weakness,Hypotension
Sore Throat,Loss of Smell,Blurred Vision,Skin Redness,Shortness of Breath,Joint Pain,Nausea,Strep Throat
Fever,Chills,Loss of Taste,Low Blood Pressure,Difficulty Swallowing,Dizziness,Loss of Appetite,Scarlet Fever
Low Blood Pressure,Runny Nose,Diarrhea,Weakness,Sore Throat,High Blood Pressure,Ear Pain,Unknown
Confusion,Weakness,Blurred Vision,Ear Pain,Abdominal Pain,Loss of Taste,Fever,Unknown
Loss of Appetite,Blurred Vision,High Blood Pressure,Vomiting,Fever,Ear Pain,Muscle Pain,Strep Throat
Fever,Vomiting,Skin Peeling,Sweating,Loss of Taste,Headache,Skin Redness,COVID-19
Confusion,Headache,Difficulty Swallowing,Loss of Taste,Ear Pain,Skin Peeling,Diarrhea,Unknown
Abdominal Pain,Sore Throat,Muscle Pain,Fatigue,Swollen Lymph Nodes,Ear Pain,Skin Peeling,Unknown
Cough,Low Blood Pressure,Chest Pain,Diarrhea,Swollen Lymph Nodes,Blurred Vision,Sweating,Unknown
Ear Pain,Fever,Joint Pain,Blurred Vision,Diarrhea,Runny Nose,Loss of Taste,Pneumonia
Fatigue,Ear Pain,Loss of Taste,Muscle Pain,Sweating,Difficulty Swallowing,Sore Throat,Unknown
Joint Pain,Abdominal Pain,Fatigue,Confusion,Rash,High Blood Pressure,Ear Pain,Food Poisoning
Ear Pain,Cough,Low Blood Pressure,Dizziness,Swollen Lymph Nodes,Diarrhea,Rapid Heart Rate,Unknown
Rapid Heart Rate,Diarrhea,Loss of Smell,Fever,Vomiting,Shortness of Breath,Abdominal Pain,Unknown
Chills,Loss of Appetite,Confusion,Weakness,Loss of Taste,Dizziness,Blurred Vision,Hypertension
Rapid Heart Rate,Skin Redness,Dizziness,Low Blood Pressure,Fever,Chills,Fatigue,COVID-19
Skin Redness,Weakness,Joint Pain,Skin Peeling,Chills,Loss of Taste,Chest Pain,Unknown
Vomiting,Skin Redness,Confusion,Swollen Lymph Nodes,Runny Nose,Chills,Weakness,Typhoid
Diarrhea,Shortness of Breath,Loss of Appetite,High Blood Pressure,Muscle Pain,Ear Pain,Cough,Ear Infection
Runny Nose,Skin Redness,High Blood Pressure,Joint Pain,Cough,Blurred Vision,Low Blood Pressure,Migraine
Shortness of Breath,Difficulty Swallowing,Rapid Heart Rate,Fever,Sweating,Joint Pain,High Blood Pressure,Scarlet Fever
Runny Nose,Chest Pain,Rash,Skin Peeling,Confusion,Loss of Appetite,Joint Pain,Unknown
Diarrhea,Skin Redness,Confusion,Headache,Runny Nose,Cough,Sweating,Pneumonia
Chills,Chest Pain,Skin Peeling,Fever,Swollen Lymph Nodes,High Blood Pressure,Weakness,Typhoid
Cough,Chest Pain,Confusion,Low Blood Pressure,Swollen Lymph Nodes,Blurred Vision,Vomiting,Unknown
Shortness of Breath,Loss of Taste,Sweating,Blurred Vision,High Blood Pressure,Abdominal Pain,Sore Throat,Cold
Weakness,Dizziness,Nausea,Low Blood Pressure,Sore Throat,Fever,Loss of Appetite,Cold
Chest Pain,Diarrhea,Ear Pain,Dizziness,Swollen Lymph Nodes,Fever,Sweating,Malaria
Diarrhea,Chest Pain,Loss of Smell,High Blood Pressure,Dizziness,Blurred Vision,Nausea,Hypertension
Skin Redness,Sweating,Ear Pain,Nausea,Sore Throat,Joint Pain,Weakness,Typhoid
Difficulty Swallowing,Skin Peeling,Vomiting,Loss of Appetite,Loss of Taste,Chest Pain,Runny Nose,Scarlet Fever
Skin Redness,Diarrhea,Ear Pain,Joint Pain,Loss of Smell,Skin Peeling,Chills,Unknown
Vomiting,Skin Redness,Blurred Vision,Shortness of Breath,Chills,Chest Pain,Cough,Pneumonia
Swollen Lymph Nodes,Chills,Sore Throat,Chest Pain,Vomiting,Nausea,Low Blood Pressure,Unknown
Runny Nose,High Blood Pressure,Rapid Heart Rate,Difficulty Swallowing,Skin Peeling,Sore Throat,Blurred Vision,Cold
Difficulty Swallowing,Sweating,Skin Peeling,Loss of Smell,Low Blood Pressure,Shortness of Breath,Headache,Pneumonia
Abdominal Pain,Skin Peeling,Vomiting,Difficulty Swallowing,Runny Nose,Shortness of Breath,Loss of Appetite,Scarlet Fever
Headache,Blurred Vision,Low Blood Pressure,Abdominal Pain,Shortness of Breath,Ear Pain,Sweating,Typhoid
Skin Peeling,Ear Pain,Loss of Smell,Rapid Heart Rate,Vomiting,Difficulty Swallowing,Chest Pain,Hypotension
Swollen Lymph Nodes,Chills,Fatigue,Fever,Confusion,Rash,Loss of Taste,Typhoid
Chills,Skin Peeling,Weakness,Confusion,Sore Throat,Diarrhea,Blurred Vision,Cold
Low Blood Pressure,Loss of Taste,Nausea,Loss of Smell,Sweating,Rapid Heart Rate,Loss of Appetite,Unknown
Joint Pain,Fever,Blurred Vision,Skin Redness,Ear Pain,Fatigue,Sweating,Meningitis
Loss of Appetite,Runny Nose,Sore Throat,Low Blood Pressure,Nausea,Cough,Muscle Pain,Strep Throat
Swollen Lymph Nodes,Rash,Joint Pain,Headache,Chest Pain,Weakness,Loss of Smell,Unknown
Skin Peeling,Chills,Runny Nose,Blurred Vision,Headache,Chest Pain,Sore Throat,Unknown
Muscle Pain,Ear Pain,Shortness of Breath,Blurred Vision,Swollen Lymph Nodes,Loss of Appetite,Confusion,Unknown
Shortness of Breath,Muscle Pain,Blurred Vision,Skin Redness,Difficulty Swallowing,Loss of Appetite,Rapid Heart Rate,Unknown
Swollen Lymph Nodes,Headache,Shortness of Breath,Skin Redness,Fever,Ear Pain,Joint Pain,COVID-19
Sweating,Dizziness,High Blood Pressure,Diarrhea,Nausea,Vomiting,Headache,Malaria
Difficulty Swallowing,Loss of Appetite,Rapid Heart Rate,Nausea,Low Blood Pressure,Ear Pain,Shortness of Breath,Unknown
Weakness,Blurred Vision,Confusion,Nausea,Skin Peeling,Loss of Smell,Fatigue,Scarlet Fever
Dizziness,Difficulty Swallowing,Fever,Runny Nose,High Blood Pressure,Shortness of Breath,Low Blood Pressure,Typhoid
Weakness,Muscle Pain,Chills,Nausea,Diarrhea,Skin Peeling,Fever,Pneumonia
Sore Throat,Muscle Pain,Swollen Lymph Nodes,Dizziness,Headache,Rash,Diarrhea,Unknown
Nausea,Blurred Vision,Ear Pain,Skin Redness,Loss of Taste,Rapid Heart Rate,Loss of Appetite,Scarlet Fever
Chills,Loss of Taste,Loss of Smell,Muscle Pain,Vomiting,Blurred Vision,Confusion,Unknown
Chills,Rapid Heart Rate,Nausea,Headache,Weakness,Difficulty Swallowing,Sore Throat,Dengue
Dizziness,Joint Pain,Vomiting,Skin Redness,Abdominal Pain,Cough,Swollen Lymph Nodes,Cold
Loss of Taste,Chills,Difficulty Swallowing,Sore Throat,High Blood Pressure,Loss of Smell,Chest Pain,Unknown
Abdominal Pain,Rash,Swollen Lymph Nodes,Weakness,Loss of Smell,Confusion,Nausea,Unknown
Ear Pain,Fever,Sweating,Fatigue,Muscle Pain,Cough,Loss of Smell,Pneumonia
Sore Throat,Rash,Cough,Abdominal Pain,Chills,Swollen Lymph Nodes,Confusion,Cold
Cough,Rash,Low Blood Pressure,Confusion,Muscle Pain,Difficulty Swallowing,High Blood Pressure,Flu
Loss of Appetite,Diarrhea,Runny Nose,High Blood Pressure,Chills,Loss of Smell,Loss of Taste,Unknown
Confusion,Abdominal Pain,Sweating,High Blood Pressure,Cough,Weakness,Muscle Pain,Pneumonia
Rapid Heart Rate,Nausea,Joint Pain,Loss of Taste,Fever,Rash,Shortness of Breath,Ear Infection
Sweating,Cough,Ear Pain,Swollen Lymph Nodes,Difficulty Swallowing,Abdominal Pain,Fever,COVID-19
Difficulty Swallowing,Sore Throat,Diarrhea,Rash,Shortness of Breath,Muscle Pain,High Blood Pressure,Unknown
Weakness,Chest Pain,Sweating,Swollen Lymph Nodes,Chills,High Blood Pressure,Rapid Heart Rate,Unknown
Shortness of Breath,Nausea,Rapid Heart Rate,Chest Pain,Joint Pain,Ear Pain,Sore Throat,Meningitis
Sore Throat,Vomiting,Loss of Smell,Fever,Runny Nose,Fatigue,Skin Redness,Hypertension
Sweating,Sore Throat,Ear Pain,Chills,Cough,Fever,Blurred Vision,COVID-19
Loss of Taste,Joint Pain,Sweating,Loss of Smell,Cough,Rash,Shortness of Breath,Malaria
Cough,Shortness of Breath,Loss of Smell,Fatigue,Blurred Vision,Difficulty Swallowing,Chest Pain,Migraine
Diarrhea,Fatigue,Chills,Rash,Low Blood Pressure,Loss of Smell,Sweating,COVID-19
Cough,Swollen Lymph Nodes,Chest Pain,Fatigue,Abdominal Pain,Dizziness,Loss of Taste,Hypotension
Confusion,Cough,Nausea,Weakness,Loss of Appetite,Vomiting,Diarrhea,Flu
Fever,Cough,Loss of Taste,High Blood Pressure,Sweating,Vomiting,Chest Pain,Cold
Muscle Pain,Sweating,Swollen Lymph Nodes,Cough,Dizziness,Fever,Diarrhea,Hypertension
Rapid Heart Rate,Vomiting,Abdominal Pain,Headache,Chills,Fever,High Blood Pressure,Meningitis
Loss of Appetite,Rapid Heart Rate,Fatigue,Cough,Skin Peeling,Difficulty Swallowing,Loss of Taste,Flu
Sweating,Muscle Pain,Vomiting,High Blood Pressure,Loss of Appetite,Confusion,Dizziness,Hypertension
Swollen Lymph Nodes,Chest Pain,Headache,Fever,Skin Peeling,Muscle Pain,Loss of Smell,Ear Infection
Muscle Pain,Swollen Lymph Nodes,Skin Peeling,Confusion,Chills,Sore Throat,Chest Pain,Unknown
Cough,Rash,Loss of Smell,Skin Redness,Difficulty Swallowing,Sore Throat,High Blood Pressure,Dengue
Fever,Rash,Loss of Taste,Vomiting,Skin Peeling,Chills,Cough,Typhoid
Chills,Cough,Blurred Vision,Skin Redness,Weakness,Rapid Heart Rate,Ear Pain,Flu
Loss of Taste,Loss of Smell,Rash,Confusion,Fever,Vomiting,Blurred Vision,Unknown
Difficulty Swallowing,Blurred Vision,Loss of Smell,Vomiting,Joint Pain,Loss of Taste,Nausea,Strep Throat
Sweating,Rapid Heart Rate,Skin Redness,Cough,Loss of Appetite,Fever,Weakness,Unknown
Chills,Rapid Heart Rate,Dizziness,Ear Pain,Sore Throat,Shortness of Breath,Difficulty Swallowing,Cold
Skin Peeling,Blurred Vision,Dizziness,High Blood Pressure,Ear Pain,Shortness of Breath,Cough,Unknown
Loss of Appetite,Skin Peeling,Ear Pain,Vomiting,Loss of Taste,Confusion,Dizziness,Migraine
Sore Throat,Sweating,Skin Redness,Joint Pain,Diarrhea,Blurred Vision,Headache,Hypertension
Skin Redness,Ear Pain,Vomiting,Swollen Lymph Nodes,Confusion,Weakness,Difficulty Swallowing,Unknown
Rapid Heart Rate,Loss of Smell,Sore Throat,Dizziness,Chills,Nausea,Sweating,Strep Throat
Loss of Taste,Rash,Skin Peeling,Nausea,Loss of Smell,Fatigue,Dizziness,Unknown
Joint Pain,Dizziness,Muscle Pain,Weakness,High Blood Pressure,Ear Pain,Sore Throat,Hypertension
Joint Pain,Blurred Vision,Headache,Cough,Weakness,Confusion,Sweating,COVID-19
Shortness of Breath,Swollen Lymph Nodes,Cough,Runny Nose,Sweating,Fever,Ear Pain,Unknown
High Blood Pressure,Shortness of Breath,Low Blood Pressure,Muscle Pain,Fatigue,Headache,Rash,Meningitis
Chest Pain,Sore Throat,Sweating,Skin Peeling,Loss of Smell,Vomiting,Dizziness,Food Poisoning
Abdominal Pain,Blurred Vision,Confusion,Weakness,Diarrhea,Muscle Pain,Shortness of Breath,Unknown
Skin Redness,Loss of Appetite,Sore Throat,Joint Pain,Dizziness,Chest Pain,Confusion,COVID-19
High Blood Pressure,Muscle Pain,Sweating,Weakness,Loss of Appetite,Joint Pain,Sore Throat,Hypotension
Headache,Blurred Vision,Shortness of Breath,Weakness,Rash,Loss of Taste,Loss of Smell,Dengue
Low Blood Pressure,Joint Pain,Runny Nose,Difficulty Swallowing,Abdominal Pain,Loss of Appetite,Swollen Lymph Nodes,Hypotension
Runny Nose,Chest Pain,Skin Peeling,Joint Pain,Abdominal Pain,Skin Redness,Sweating,Unknown
Ear Pain,High Blood Pressure,Difficulty Swallowing,Sore Throat,Joint Pain,Cough,Skin Redness,Unknown
High Blood Pressure,Cough,Confusion,Muscle Pain,Swollen Lymph Nodes,Sweating,Low Blood Pressure,Unknown
Skin Redness,Weakness,Muscle Pain,Fatigue,Loss of Smell,Joint Pain,Swollen Lymph Nodes,Unknown
Cough,Runny Nose,Sweating,Fever,Swollen Lymph Nodes,Skin Redness,Ear Pain,Typhoid
Sore Throat,Confusion,Vomiting,Sweating,Skin Peeling,Chest Pain,Fatigue,Flu
Joint Pain,High Blood Pressure,Skin Peeling,Difficulty Swallowing,Rash,Ear Pain,Shortness of Breath,Unknown
Loss of Taste,Sore Throat,Low Blood Pressure,Joint Pain,Loss of Appetite,Chest Pain,Chills,Unknown
Dizziness,Fever,High Blood Pressure,Abdominal Pain,Loss of Smell,Vomiting,Rash,Scarlet Fever
Abdominal Pain,Blurred Vision,Vomiting,Chest Pain,Diarrhea,Rash,Chills,Unknown
Rapid Heart Rate,Weakness,Skin Redness,Fatigue,Fever,Loss of Taste,Blurred Vision,Cold
Dizziness,Cough,Rash,Skin Peeling,Muscle Pain,Loss of Taste,Loss of Smell,Hypotension
Difficulty Swallowing,Muscle Pain,Dizziness,Confusion,Blurred Vision,Swollen Lymph Nodes,Weakness,Migraine
Skin Peeling,Difficulty Swallowing,Diarrhea,Sweating,Cough,Sore Throat,Vomiting,Food Poisoning
Cough,Muscle Pain,Loss of Smell,Headache,Fatigue,Difficulty Swallowing,Rapid Heart Rate,Hypotension
Weakness,Swollen Lymph Nodes,Chest Pain,Loss of Appetite,Abdominal Pain,Fatigue,Shortness of Breath,Strep Throat
Vomiting,Sweating,Runny Nose,Chest Pain,Loss of Smell,Fatigue,Sore Throat,Strep Throat
Weakness,Shortness of Breath,Runny Nose,Chest Pain,Dizziness,Fatigue,Fever,Strep Throat
Cough,High Blood Pressure,Chest Pain,Swollen Lymph Nodes,Nausea,Confusion,Low Blood Pressure,COVID-19
Chills,Sore Throat,Swollen Lymph Nodes,Cough,Fatigue,Confusion,High Blood Pressure,COVID-19
Sweating,Difficulty Swallowing,Loss of Taste,Blurred Vision,Skin Redness,Diarrhea,Rapid Heart Rate,COVID-19
Loss of Taste,Runny Nose,Joint Pain,Fever,Blurred Vision,High Blood Pressure,Difficulty Swallowing,Hypertension
Cough,Confusion,Nausea,Loss of Appetite,Low Blood Pressure,Swollen Lymph Nodes,Chills,Migraine
Rash,Muscle Pain,Loss of Taste,Nausea,Confusion,Cough,Runny Nose,Food Poisoning
Low Blood Pressure,Ear Pain,Loss of Taste,Sore Throat,Difficulty Swallowing,Chills,Confusion,Meningitis
Weakness,Fever,High Blood Pressure,Joint Pain,Sore Throat,Nausea,Ear Pain,Dengue
Abdominal Pain,Chills,Weakness,Rash,Muscle Pain,Blurred Vision,Vomiting,Hypotension
Rash,Loss of Smell,Sweating,Sore Throat,Diarrhea,Blurred Vision,Low Blood Pressure,Migraine
Swollen Lymph Nodes,Nausea,Sore Throat,Chest Pain,Joint Pain,Difficulty Swallowing,Sweating,Cold
Sore Throat,Joint Pain,Fatigue,Sweating,Weakness,Blurred Vision,Low Blood Pressure,Malaria
Muscle Pain,Rapid Heart Rate,Weakness,Vomiting,Diarrhea,Fatigue,Ear Pain,Food Poisoning
Fatigue,Skin Redness,Rapid Heart Rate,Rash,Shortness of Breath,Sweating,Loss of Taste,Unknown
Runny Nose,Low Blood Pressure,Cough,Chest Pain,Vomiting,Joint Pain,Chills,Cold
Shortness of Breath,Diarrhea,Abdominal Pain,Skin Redness,Loss of Appetite,Difficulty Swallowing,Loss of Taste,Unknown
Chills,Rash,Loss of Appetite,Sweating,Vomiting,Confusion,Dizziness,Unknown
Loss of Taste,Joint Pain,Sweating,Cough,Low Blood Pressure,Diarrhea,Weakness,Dengue
Difficulty Swallowing,Nausea,Abdominal Pain,Dizziness,Vomiting,Joint Pain,Confusion,Meningitis
Blurred Vision,Skin Peeling,Joint Pain,Runny Nose,Nausea,Loss of Appetite,Weakness,Unknown
Fatigue,Loss of Taste,Low Blood Pressure,Swollen Lymph Nodes,Ear Pain,Difficulty Swallowing,Shortness of Breath,Flu
Loss of Appetite,Fatigue,Sore Throat,Low Blood Pressure,Joint Pain,Loss of Smell,Shortness of Breath,Flu
Fatigue,Abdominal Pain,Shortness of Breath,Sweating,Skin Redness,Weakness,Difficulty Swallowing,Typhoid
Fever,Skin Redness,Nausea,Skin Peeling,Sore Throat,Swollen Lymph Nodes,Loss of Taste,Typhoid
High Blood Pressure,Skin Redness,Weakness,Muscle Pain,Loss of Appetite,Fever,Headache,Hypotension
Blurred Vision,High Blood Pressure,Runny Nose,Nausea,Abdominal Pain,Fever,Sweating,COVID-19
Diarrhea,Chills,Sore Throat,Joint Pain,Confusion,Ear Pain,Shortness of Breath,Malaria
Joint Pain,Fever,Rash,Rapid Heart Rate,Confusion,Muscle Pain,Sore Throat,Pneumonia
Blurred Vision,Loss of Taste,Shortness of Breath,Loss of Smell,Weakness,Ear Pain,Nausea,Food Poisoning
Swollen Lymph Nodes,Difficulty Swallowing,Fatigue,Loss of Smell,Rash,Skin Redness,Loss of Appetite,Dengue
Diarrhea,Joint Pain,Loss of Appetite,Abdominal Pain,Loss of Smell,Skin Redness,Rapid Heart Rate,Typhoid
High Blood Pressure,Loss of Smell,Shortness of Breath,Weakness,Rash,Rapid Heart Rate,Low Blood Pressure,Unknown
Abdominal Pain,Confusion,Diarrhea,Weakness,Dizziness,Loss of Smell,Rash,Unknown
Cough,Confusion,Rapid Heart Rate,Shortness of Breath,Low Blood Pressure,Vomiting,Diarrhea,Unknown
Skin Peeling,Chills,Runny Nose,Nausea,Abdominal Pain,Vomiting,Fever,Meningitis
Joint Pain,Muscle Pain,Fever,Blurred Vision,Chills,Skin Redness,Loss of Smell,Unknown
Joint Pain,Shortness of Breath,Diarrhea,Swollen Lymph Nodes,Dizziness,Difficulty Swallowing,Fever,Flu
Skin Redness,Low Blood Pressure,Diarrhea,Sweating,Nausea,Vomiting,Rapid Heart Rate,Unknown
High Blood Pressure,Headache,Swollen Lymph Nodes,Shortness of Breath,Nausea,Difficulty Swallowing,Loss of Smell,Malaria
Skin Peeling,Confusion,Difficulty Swallowing,Abdominal Pain,Chest Pain,Fatigue,Rapid Heart Rate,Typhoid
Ear Pain,High Blood Pressure,Runny Nose,Blurred Vision,Chest Pain,Weakness,Abdominal Pain,Unknown
Diarrhea,Vomiting,High Blood Pressure,Chills,Loss of Taste,Nausea,Rash,Malaria
Abdominal Pain,Swollen Lymph Nodes,Dizziness,Chest Pain,Loss of Smell,Loss of Appetite,Diarrhea,Hypotension
Rapid Heart Rate,Rash,Sore Throat,Ear Pain,Fever,Loss of Smell,Muscle Pain,Cold
Sore Throat,Loss of Taste,Muscle Pain,Joint Pain,Rapid Heart Rate,Diarrhea,Dizziness,Unknown
Blurred Vision,Skin Peeling,Rapid Heart Rate,Loss of Taste,Swollen Lymph Nodes,Skin Redness,Loss of Smell,Unknown
Runny Nose,Loss of Taste,Chills,Difficulty Swallowing,Nausea,Rapid Heart Rate,Diarrhea,Hypotension
Low Blood Pressure,Loss of Taste,Fever,Blurred Vision,Skin Redness,Runny Nose,Joint Pain,Dengue
Fever,Sweating,Shortness of Breath,Rapid Heart Rate,Rash,Nausea,Chest Pain,Dengue
Nausea,Rash,High Blood Pressure,Muscle Pain,Low Blood Pressure,Headache,Fatigue,Cold
Shortness of Breath,Headache,Skin Redness,Abdominal Pain,Diarrhea,Loss of Smell,High Blood Pressure,Unknown
Weakness,Shortness of Breath,Rapid Heart Rate,Ear Pain,Blurred Vision,Headache,Chills,Unknown
Chest Pain,Vomiting,Muscle Pain,Runny Nose,Skin Redness,Fatigue,Chills,Unknown
Sweating,Swollen Lymph Nodes,Headache,Abdominal Pain,Muscle Pain,Diarrhea,Dizziness,Food Poisoning
Runny Nose,Cough,Fever,Chills,Shortness of Breath,Rapid Heart Rate,Nausea,Flu
Headache,Loss of Smell,Low Blood Pressure,Skin Redness,Shortness of Breath,Swollen Lymph Nodes,Skin Peeling,Migraine
Chest Pain,Abdominal Pain,Cough,Rapid Heart Rate,Nausea,Fever,Loss of Taste,Flu
Weakness,Muscle Pain,Vomiting,Chills,Difficulty Swallowing,Headache,Loss of Appetite,Food Poisoning
Fever,Chest Pain,Headache,Weakness,Rash,Difficulty Swallowing,Rapid Heart Rate,Unknown
Shortness of Breath,Headache,Low Blood Pressure,Runny Nose,Rapid Heart Rate,Chest Pain,Muscle Pain,Migraine
Joint Pain,Chills,High Blood Pressure,Diarrhea,Chest Pain,Fever,Loss of Taste,Unknown
Chills,Low Blood Pressure,Swollen Lymph Nodes,Weakness,High Blood Pressure,Dizziness,Abdominal Pain,Hypertension
Joint Pain,Muscle Pain,Rapid Heart Rate,Low Blood Pressure,Nausea,Fatigue,Sweating,Hypertension
Abdominal Pain,Nausea,Rapid Heart Rate,Sweating,Vomiting,Shortness of Breath,Weakness,Migraine
Chest Pain,Shortness of Breath,Dizziness,Skin Peeling,Joint Pain,Muscle Pain,Vomiting,Food Poisoning
Loss of Appetite,Joint Pain,Blurred Vision,Vomiting,Rapid Heart Rate,Ear Pain,Headache,Typhoid
Loss of Taste,Headache,Swollen Lymph Nodes,Shortness of Breath,Ear Pain,Skin Peeling,Dizziness,Scarlet Fever
Dizziness,Runny Nose,Diarrhea,Nausea,Loss of Appetite,Muscle Pain,Skin Peeling,Unknown
Nausea,Fever,Blurred Vision,Muscle Pain,Weakness,Abdominal Pain,Vomiting,Pneumonia
Joint Pain,Skin Redness,Difficulty Swallowing,Muscle Pain,Blurred Vision,Confusion,Fatigue,Scarlet Fever
Fever,Chest Pain,High Blood Pressure,Loss of Appetite,Nausea,Loss of Smell,Confusion,Meningitis
Loss of Smell,Fatigue,Abdominal Pain,Nausea,Shortness of Breath,Loss of Taste,Blurred Vision,Migraine
Difficulty Swallowing,Loss of Smell,Runny Nose,Ear Pain,Loss of Taste,Abdominal Pain,Headache,Strep Throat
High Blood Pressure,Dizziness,Sweating,Swollen Lymph Nodes,Ear Pain,Skin Peeling,Low Blood Pressure,Unknown
Nausea,Difficulty Swallowing,High Blood Pressure,Swollen Lymph Nodes,Chills,Rash,Skin Peeling,Unknown
Loss of Smell,Chills,Chest Pain,Weakness,Headache,Sore Throat,Rash,Dengue
Cough,Blurred Vision,Low Blood Pressure,Runny Nose,High Blood Pressure,Difficulty Swallowing,Fatigue,Unknown
Dizziness,Nausea,Loss of Smell,Loss of Appetite,Sweating,Rapid Heart Rate,Headache,Flu
Loss of Appetite,Weakness,Dizziness,Joint Pain,Rapid Heart Rate,Chest Pain,Rash,Unknown
Joint Pain,Chest Pain,Runny Nose,Fatigue,Rapid Heart Rate,Headache,Fever,Flu
Vomiting,Abdominal Pain,Shortness of Breath,Headache,Swollen Lymph Nodes,Sweating,Sore Throat,Scarlet Fever
Blurred Vision,Loss of Taste,Diarrhea,Loss of Appetite,Confusion,Joint Pain,Abdominal Pain,Unknown
Blurred Vision,Low Blood Pressure,Rash,Vomiting,Loss of Smell,Headache,Fatigue,Unknown
Blurred Vision,Dizziness,Skin Redness,Rapid Heart Rate,Loss of Smell,Fever,Muscle Pain,Ear Infection
Fatigue,Loss of Taste,Blurred Vision,Runny Nose,Skin Redness,Headache,Loss of Smell,Food Poisoning
Ear Pain,Abdominal Pain,Difficulty Swallowing,Chills,Loss of Taste,Rash,Swollen Lymph Nodes,Food Poisoning
Loss of Taste,Rapid Heart Rate,Difficulty Swallowing,Vomiting,High Blood Pressure,Shortness of Breath,Loss of Appetite,Unknown
Chills,Loss of Smell,Rash,Fatigue,Diarrhea,Chest Pain,Skin Redness,Cold
Dizziness,Weakness,Loss of Appetite,Fever,Sweating,Skin Redness,Cough,Malaria
Ear Pain,Swollen Lymph Nodes,Skin Peeling,Confusion,Skin Redness,Nausea,High Blood Pressure,Food Poisoning
Rash,Skin Peeling,Headache,Nausea,Difficulty Swallowing,Fatigue,Joint Pain,Hypertension
Headache,Chills,Sore Throat,Diarrhea,High Blood Pressure,Skin Peeling,Swollen Lymph Nodes,Flu
Loss of Appetite,Loss of Smell,Loss of Taste,Muscle Pain,Ear Pain,Shortness of Breath,Fever,Typhoid
Loss of Smell,Shortness of Breath,Confusion,Nausea,Joint Pain,Diarrhea,High Blood Pressure,Meningitis
Loss of Taste,Confusion,Sweating,Loss of Appetite,Cough,Shortness of Breath,Swollen Lymph Nodes,Unknown
Chills,Nausea,Skin Redness,Loss of Smell,Swollen Lymph Nodes,Chest Pain,Fever,Pneumonia
Skin Peeling,Loss of Smell,Nausea,Abdominal Pain,High Blood Pressure,Sweating,Rash,Typhoid
Runny Nose,Abdominal Pain,Cough,Vomiting,Headache,Diarrhea,Sore Throat,Migraine
Chest Pain,Skin Redness,Dizziness,Rapid Heart Rate,Low Blood Pressure,Sweating,Weakness,Unknown
Difficulty Swallowing,Swollen Lymph Nodes,Vomiting,Chest Pain,Confusion,Rapid Heart Rate,Shortness of Breath,Meningitis
Diarrhea,Dizziness,Runny Nose,Muscle Pain,Sore Throat,Shortness of Breath,Difficulty Swallowing,Ear Infection
Confusion,Vomiting,Ear Pain,Rapid Heart Rate,Skin Redness,Blurred Vision,Swollen Lymph Nodes,Hypotension
Blurred Vision,Cough,Loss of Taste,Sweating,Chest Pain,Abdominal Pain,Low Blood Pressure,Cold
Fever,Weakness,Chills,High Blood Pressure,Blurred Vision,Chest Pain,Confusion,Dengue
Diarrhea,Weakness,High Blood Pressure,Confusion,Cough,Fatigue,Blurred Vision,Food Poisoning
Rapid Heart Rate,Headache,Blurred Vision,Confusion,High Blood Pressure,Dizziness,Diarrhea,Unknown
Cough,Swollen Lymph Nodes,Sore Throat,Vomiting,Rash,Diarrhea,Difficulty Swallowing,Dengue
Cough,Chills,Vomiting,Swollen Lymph Nodes,Chest Pain,Weakness,Difficulty Swallowing,Hypotension
Blurred Vision,Confusion,Chills,Rash,Sweating,Dizziness,Fatigue,Cold
Blurred Vision,Dizziness,Nausea,Difficulty Swallowing,Joint Pain,Vomiting,Skin Peeling,Unknown
Vomiting,Joint Pain,Dizziness,Rash,Fatigue,Weakness,Fever,Malaria
Sore Throat,Low Blood Pressure,Skin Peeling,Loss of Taste,Loss of Appetite,Rapid Heart Rate,Difficulty Swallowing,Unknown
Vomiting,Weakness,Cough,Headache,Dizziness,Fatigue,Fever,Strep Throat
Diarrhea,Ear Pain,Chest Pain,Confusion,Sore Throat,Chills,Vomiting,Unknown
Skin Peeling,Swollen Lymph Nodes,Loss of Appetite,Chest Pain,Ear Pain,Dizziness,Chills,Ear Infection
Loss of Smell,Skin Peeling,Shortness of Breath,Confusion,Muscle Pain,Fever,Sore Throat,Ear Infection
Joint Pain,Skin Redness,Dizziness,Muscle Pain,High Blood Pressure,Shortness of Breath,Rash,Pneumonia
Loss of Smell,Vomiting,High Blood Pressure,Headache,Fever,Muscle Pain,Loss of Appetite,Unknown
High Blood Pressure,Muscle Pain,Weakness,Headache,Loss of Appetite,Difficulty Swallowing,Fever,Migraine
Abdominal Pain,Skin Redness,Chest Pain,Sore Throat,Difficulty Swallowing,Diarrhea,Blurred Vision,Pneumonia
Ear Pain,High Blood Pressure,Swollen Lymph Nodes,Loss of Smell,Cough,Dizziness,Chills,Unknown
Rapid Heart Rate,Muscle Pain,Chest Pain,Loss of Taste,High Blood Pressure,Swollen Lymph Nodes,Ear Pain,Unknown
Skin Peeling,High Blood Pressure,Sore Throat,Chest Pain,Rapid Heart Rate,Loss of Taste,Sweating,Flu
Chest Pain,Confusion,High Blood Pressure,Dizziness,Runny Nose,Low Blood Pressure,Vomiting,Unknown
High Blood Pressure,Sweating,Dizziness,Rash,Blurred Vision,Confusion,Rapid Heart Rate,Unknown
Fatigue,Dizziness,Weakness,Shortness of Breath,Diarrhea,Low Blood Pressure,Skin Redness,Pneumonia
Cough,Skin Redness,Loss of Smell,Loss of Appetite,Confusion,Low Blood Pressure,Dizziness,Hypertension
Blurred Vision,Dizziness,Loss of Taste,Headache,Diarrhea,Confusion,Joint Pain,Migraine
Skin Peeling,Headache,Vomiting,Swollen Lymph Nodes,Chest Pain,Weakness,Loss of Taste,Flu
Loss of Appetite,Chills,Rapid Heart Rate,High Blood Pressure,Swollen Lymph Nodes,Sore Throat,Abdominal Pain,Flu
Shortness of Breath,Skin Peeling,Diarrhea,Muscle Pain,Sore Throat,Joint Pain,Blurred Vision,Unknown
Ear Pain,Rapid Heart Rate,Chills,Swollen Lymph Nodes,Shortness of Breath,Diarrhea,Rash,COVID-19
Blurred Vision,High Blood Pressure,Ear Pain,Shortness of Breath,Rapid Heart Rate,Low Blood Pressure,Loss of Smell,COVID-19
Joint Pain,Nausea,Loss of Smell,Runny Nose,Loss of Appetite,Chills,Weakness,Malaria
Low Blood Pressure,Loss of Taste,Diarrhea,Loss of Smell,Difficulty Swallowing,Dizziness,Sore Throat,Unknown
Sore Throat,Skin Redness,Weakness,Diarrhea,Rapid Heart Rate,Ear Pain,Loss of Taste,Unknown
Diarrhea,Shortness of Breath,Fatigue,Runny Nose,Skin Redness,Nausea,Cough,Unknown
Rapid Heart Rate,Cough,Diarrhea,Sore Throat,Fever,High Blood Pressure,Fatigue,Flu
Sore Throat,Nausea,Shortness of Breath,Runny Nose,High Blood Pressure,Diarrhea,Blurred Vision,Unknown
Low Blood Pressure,Sweating,Difficulty Swallowing,Blurred Vision,Swollen Lymph Nodes,Confusion,Cough,Ear Infection
Blurred Vision,Loss of Smell,Muscle Pain,Weakness,Low Blood Pressure,Dizziness,Rash,Migraine
Weakness,Swollen Lymph Nodes,Rash,Low Blood Pressure,Runny Nose,High Blood Pressure,Difficulty Swallowing,Strep Throat
Diarrhea,Runny Nose,Abdominal Pain,Cough,Muscle Pain,Rapid Heart Rate,Fatigue,Unknown
Chills,Fatigue,Skin Peeling,Weakness,Swollen Lymph Nodes,Loss of Smell,Shortness of Breath,Unknown
Chills,Fatigue,Chest Pain,Vomiting,Dizziness,Loss of Smell,Blurred Vision,Pneumonia
Difficulty Swallowing,Low Blood Pressure,Confusion,Fever,Ear Pain,Headache,Dizziness,Pneumonia
Blurred Vision,Sore Throat,Swollen Lymph Nodes,Cough,Dizziness,Low Blood Pressure,Loss of Appetite,Hypotension
Weakness,Rapid Heart Rate,Sore Throat,Loss of Taste,Swollen Lymph Nodes,Fever,Dizziness,Cold
Chest Pain,Cough,Headache,Sweating,Diarrhea,Joint Pain,Muscle Pain,Malaria
Headache,Chills,Rash,Skin Peeling,Low Blood Pressure,High Blood Pressure,Sore Throat,Scarlet Fever
Muscle Pain,Joint Pain,Loss of Taste,Shortness of Breath,Weakness,Headache,Fatigue,Migraine
Ear Pain,Fatigue,Muscle Pain,Swollen Lymph Nodes,Skin Redness,Nausea,Chest Pain,Ear Infection
Skin Redness,Rash,Difficulty Swallowing,Cough,Sore Throat,Weakness,Chills,Dengue
Difficulty Swallowing,Fever,Weakness,Chest Pain,Shortness of Breath,Skin Redness,Abdominal Pain,Pneumonia
Rash,Dizziness,Vomiting,Nausea,Chills,Weakness,Shortness of Breath,Hypotension
Runny Nose,Blurred Vision,Loss of Appetite,Low Blood Pressure,Muscle Pain,Weakness,Headache,Cold
Swollen Lymph Nodes,Loss of Appetite,Cough,Chills,Skin Redness,Confusion,Shortness of Breath,Strep Throat
Loss of Appetite,Vomiting,Runny Nose,Skin Redness,Sore Throat,Dizziness,Cough,Hypertension
Sore Throat,Loss of Appetite,Chest Pain,Shortness of Breath,Joint Pain,Headache,Abdominal Pain,Pneumonia
Skin Peeling,Loss of Smell,Chest Pain,Headache,Dizziness,Shortness of Breath,Cough,Scarlet Fever
Loss of Smell,Fever,Nausea,Sore Throat,Chills,Rash,Headache,Typhoid
Rapid Heart Rate,Shortness of Breath,High Blood Pressure,Vomiting,Weakness,Headache,Sore Throat,Strep Throat
Rash,Skin Redness,Loss of Smell,Headache,Dizziness,Swollen Lymph Nodes,Nausea,Food Poisoning
Vomiting,Headache,Sore Throat,Muscle Pain,Loss of Appetite,Chest Pain,Low Blood Pressure,Meningitis
Skin Redness,Abdominal Pain,Loss of Appetite,Joint Pain,Cough,Runny Nose,High Blood Pressure,Typhoid
Vomiting,Skin Peeling,Runny Nose,Chills,Skin Redness,Weakness,Muscle Pain,Unknown
Loss of Taste,Sweating,Muscle Pain,Weakness,High Blood Pressure,Joint Pain,Dizziness,Dengue
Swollen Lymph Nodes,Headache,Weakness,Chills,Rash,Vomiting,Dizziness,Meningitis
Loss of Taste,Headache,Loss of Appetite,Fatigue,Difficulty Swallowing,Vomiting,Loss of Smell,Typhoid
Loss of Appetite,Ear Pain,Chills,Shortness of Breath,Cough,Low Blood Pressure,High Blood Pressure,Flu
Weakness,Loss of Taste,Shortness of Breath,Vomiting,Runny Nose,Loss of Appetite,Fever,Flu
Weakness,Headache,Blurred Vision,Difficulty Swallowing,Shortness of Breath,Sweating,Rapid Heart Rate,Hypotension
Rapid Heart Rate,Joint Pain,Confusion,Muscle Pain,Headache,Cough,Skin Redness,Cold
Loss of Smell,Rapid Heart Rate,Skin Redness,Cough,Joint Pain,Diarrhea,Sore Throat,Unknown
Loss of Smell,Shortness of Breath,Cough,Muscle Pain,Sweating,Weakness,Chills,Hypotension
Runny Nose,High Blood Pressure,Muscle Pain,Fatigue,Dizziness,Skin Redness,Nausea,Hypotension
Swollen Lymph Nodes,Skin Peeling,Ear Pain,Chest Pain,Difficulty Swallowing,Sore Throat,High Blood Pressure,Pneumonia
Loss of Smell,Shortness of Breath,Blurred Vision,High Blood Pressure,Swollen Lymph Nodes,Dizziness,Headache,Dengue
Difficulty Swallowing,High Blood Pressure,Sweating,Sore Throat,Chills,Rash,Swollen Lymph Nodes,Malaria
Difficulty Swallowing,Confusion,Fatigue,High Blood Pressure,Rash,Runny Nose,Chest Pain,Typhoid
Shortness of Breath,Nausea,Runny Nose,Loss of Appetite,High Blood Pressure,Weakness,Chest Pain,Cold
Loss of Appetite,Difficulty Swallowing,Low Blood Pressure,Chest Pain,Sweating,Headache,Muscle Pain,Flu
Loss of Appetite,Runny Nose,Chest Pain,Fever,Low Blood Pressure,Skin Peeling,Dizziness,Malaria
Weakness,Fever,Abdominal Pain,Loss of Taste,Muscle Pain,Nausea,Confusion,Food Poisoning
Skin Peeling,Fatigue,Chest Pain,Swollen Lymph Nodes,Blurred Vision,Sweating,Joint Pain,Dengue
Rash,Loss of Appetite,Dizziness,Blurred Vision,Difficulty Swallowing,Cough,Rapid Heart Rate,Flu
Difficulty Swallowing,Fatigue,Muscle Pain,Chills,Rapid Heart Rate,Blurred Vision,Cough,Hypotension
Loss of Taste,Skin Redness,Skin Peeling,Low Blood Pressure,Fatigue,Swollen Lymph Nodes,Diarrhea,Typhoid
Loss of Taste,Loss of Appetite,Skin Redness,Runny Nose,Cough,Vomiting,Skin Peeling,Pneumonia
Rash,Fever,Sore Throat,Skin Peeling,Blurred Vision,Ear Pain,Sweating,Ear Infection
Runny Nose,Vomiting,Low Blood Pressure,Rapid Heart Rate,Fatigue,Loss of Taste,Swollen Lymph Nodes,Strep Throat
Blurred Vision,Skin Redness,Fever,Ear Pain,Loss of Taste,High Blood Pressure,Difficulty Swallowing,Flu
Skin Redness,Abdominal Pain,Loss of Smell,Nausea,Fatigue,Headache,Joint Pain,Unknown
Shortness of Breath,Difficulty Swallowing,Nausea,Rash,Dizziness,Abdominal Pain,Chills,Unknown
Diarrhea,Loss of Taste,Low Blood Pressure,High Blood Pressure,Vomiting,Loss of Appetite,Ear Pain,Typhoid
Skin Redness,Dizziness,Headache,Loss of Taste,Loss of Smell,Rash,Blurred Vision,Malaria
Skin Peeling,Difficulty Swallowing,High Blood Pressure,Diarrhea,Chills,Shortness of Breath,Loss of Appetite,Unknown
Skin Peeling,Swollen Lymph Nodes,Difficulty Swallowing,Fever,Rapid Heart Rate,Diarrhea,Blurred Vision,COVID-19
Chest Pain,Rapid Heart Rate,Ear Pain,Cough,Muscle Pain,Fatigue,Diarrhea,Food Poisoning
Chest Pain,Blurred Vision,Confusion,Rash,Sweating,High Blood Pressure,Joint Pain,Meningitis
Fatigue,Fever,Sweating,Skin Redness,Vomiting,High Blood Pressure,Joint Pain,Strep Throat
Headache,Skin Redness,Dizziness,Swollen Lymph Nodes,Confusion,Diarrhea,Loss of Appetite,Typhoid
Headache,Diarrhea,Weakness,Rapid Heart Rate,Fatigue,Shortness of Breath,Sweating,Typhoid
Difficulty Swallowing,Low Blood Pressure,Nausea,Loss of Taste,Vomiting,Headache,Rapid Heart Rate,Hypotension
Joint Pain,Rash,Sweating,Loss of Appetite,Fatigue,High Blood Pressure,Nausea,Unknown
Loss of Smell,Headache,Muscle Pain,Nausea,Cough,Ear Pain,High Blood Pressure,Cold
Sweating,Swollen Lymph Nodes,Fatigue,High Blood Pressure,Dizziness,Muscle Pain,Confusion,Food Poisoning
Swollen Lymph Nodes,Blurred Vision,High Blood Pressure,Sweating,Low Blood Pressure,Skin Redness,Headache,Migraine
Loss of Appetite,Low Blood Pressure,Confusion,Loss of Taste,Loss of Smell,Sweating,Dizziness,Unknown
Difficulty Swallowing,Dizziness,Cough,Vomiting,Rapid Heart Rate,Joint Pain,Loss of Smell,Unknown
Loss of Taste,Skin Redness,Shortness of Breath,Chills,Weakness,Ear Pain,Fever,Strep Throat
High Blood Pressure,Dizziness,Headache,Cough,Sore Throat,Swollen Lymph Nodes,Ear Pain,Pneumonia
High Blood Pressure,Runny Nose,Difficulty Swallowing,Weakness,Cough,Skin Redness,Shortness of Breath,Hypotension
Fatigue,Nausea,Low Blood Pressure,Loss of Smell,Dizziness,High Blood Pressure,Headache,Unknown
Swollen Lymph Nodes,Ear Pain,Dizziness,Chest Pain,Runny Nose,Skin Peeling,Sore Throat,Unknown
Ear Pain,Swollen Lymph Nodes,Runny Nose,Muscle Pain,Sore Throat,Chest Pain,Sweating,Unknown
Headache,Fever,Difficulty Swallowing,Low Blood Pressure,Skin Peeling,Sore Throat,Loss of Appetite,Unknown
Skin Peeling,Sweating,Loss of Appetite,Chest Pain,Skin Redness,Fatigue,Confusion,Pneumonia
Joint Pain,Loss of Taste,Sore Throat,Nausea,Ear Pain,Swollen Lymph Nodes,Fever,Dengue
Diarrhea,Loss of Smell,Skin Redness,Cough,Sweating,Loss of Taste,High Blood Pressure,Unknown
Weakness,Abdominal Pain,High Blood Pressure,Runny Nose,Loss of Smell,Ear Pain,Skin Redness,Unknown
Ear Pain,Dizziness,Nausea,Fever,Diarrhea,Weakness,Runny Nose,Hypotension
Ear Pain,Skin Peeling,Chest Pain,Abdominal Pain,Vomiting,Sore Throat,Muscle Pain,Dengue
Abdominal Pain,Loss of Appetite,Rash,Joint Pain,Muscle Pain,Cough,Chest Pain,COVID-19
Fever,Headache,Abdominal Pain,Chest Pain,High Blood Pressure,Loss of Taste,Runny Nose,Migraine
Swollen Lymph Nodes,Sweating,Dizziness,Diarrhea,Shortness of Breath,Sore Throat,Vomiting,Unknown
Chest Pain,Runny Nose,Vomiting,High Blood Pressure,Swollen Lymph Nodes,Skin Peeling,Cough,Hypertension
Muscle Pain,Ear Pain,Loss of Appetite,Sweating,Abdominal Pain,Shortness of Breath,Joint Pain,Pneumonia
Muscle Pain,Ear Pain,Loss of Smell,Runny Nose,Blurred Vision,Cough,Chest Pain,Flu
Weakness,Shortness of Breath,Cough,Loss of Appetite,Difficulty Swallowing,Skin Peeling,Low Blood Pressure,Malaria
Loss of Taste,Loss of Smell,Low Blood Pressure,Ear Pain,Swollen Lymph Nodes,Shortness of Breath,Sore Throat,Unknown
Joint Pain,Low Blood Pressure,Cough,Diarrhea,Vomiting,Sweating,Swollen Lymph Nodes,Unknown
Headache,Joint Pain,Loss of Smell,Ear Pain,Swollen Lymph Nodes,Loss of Appetite,Diarrhea,Meningitis
Fatigue,High Blood Pressure,Dizziness,Skin Peeling,Loss of Appetite,Swollen Lymph Nodes,Chills,Food Poisoning
Sore Throat,Difficulty Swallowing,Fever,Rash,Dizziness,Rapid Heart Rate,Swollen Lymph Nodes,Strep Throat
Rapid Heart Rate,Skin Redness,Headache,Ear Pain,Sore Throat,Shortness of Breath,High Blood Pressure,Strep Throat
Loss of Taste,Blurred Vision,Weakness,Muscle Pain,Sweating,Chills,Nausea,Dengue
Chest Pain,Joint Pain,Fever,Skin Redness,Rash,Difficulty Swallowing,Shortness of Breath,Unknown
Headache,Dizziness,Rash,Abdominal Pain,Vomiting,Low Blood Pressure,Nausea,Hypertension
Dizziness,Loss of Taste,Weakness,Sore Throat,Loss of Smell,Chills,Shortness of Breath,Unknown
Shortness of Breath,Skin Redness,Difficulty Swallowing,Nausea,Low Blood Pressure,High Blood Pressure,Diarrhea,Food Poisoning
Ear Pain,Loss of Appetite,Abdominal Pain,Headache,Chest Pain,Muscle Pain,Skin Redness,Meningitis
Vomiting,Rash,Diarrhea,Low Blood Pressure,Abdominal Pain,Rapid Heart Rate,Dizziness,Unknown
Weakness,Shortness of Breath,Chest Pain,Difficulty Swallowing,Ear Pain,Loss of Taste,High Blood Pressure,Pneumonia
Runny Nose,Ear Pain,Loss of Taste,Abdominal Pain,Sweating,High Blood Pressure,Joint Pain,Unknown
Sweating,Confusion,Rapid Heart Rate,Joint Pain,Ear Pain,Abdominal Pain,Chest Pain,Unknown
High Blood Pressure,Runny Nose,Muscle Pain,Sore Throat,Difficulty Swallowing,Fatigue,Loss of Taste,COVID-19
Low Blood Pressure,Loss of Appetite,Fever,Loss of Taste,High Blood Pressure,Skin Redness,Headache,Strep Throat
Chest Pain,Fever,Headache,Muscle Pain,Sore Throat,Loss of Appetite,Chills,Meningitis
Skin Redness,Sweating,Swollen Lymph Nodes,Shortness of Breath,Fatigue,Chills,Loss of Smell,Scarlet Fever
Dizziness,Chills,Blurred Vision,Fatigue,Difficulty Swallowing,Loss of Taste,Shortness of Breath,Food Poisoning
Rapid Heart Rate,Abdominal Pain,Swollen Lymph Nodes,Shortness of Breath,Sweating,Skin Redness,Fatigue,COVID-19
Abdominal Pain,Chest Pain,Diarrhea,Shortness of Breath,Cough,Runny Nose,Headache,Meningitis
Loss of Taste,Fever,Sweating,Vomiting,Loss of Smell,Skin Redness,Skin Peeling,Ear Infection
Blurred Vision,Nausea,Swollen Lymph Nodes,Loss of Appetite,Runny Nose,Ear Pain,Skin Peeling,Unknown
Fatigue,Cough,Sweating,Joint Pain,Skin Peeling,Ear Pain,Loss of Appetite,Hypertension
Vomiting,Shortness of Breath,Blurred Vision,Skin Peeling,Nausea,Chest Pain,Loss of Appetite,Unknown
Nausea,Confusion,Fever,Chills,Muscle Pain,Vomiting,Low Blood Pressure,Typhoid
Fatigue,Weakness,Confusion,High Blood Pressure,Low Blood Pressure,Loss of Taste,Diarrhea,Typhoid
Weakness,Loss of Taste,Cough,Rapid Heart Rate,Chest Pain,Joint Pain,Abdominal Pain,Dengue
Sore Throat,Difficulty Swallowing,Fever,Diarrhea,Confusion,Abdominal Pain,Loss of Smell,Unknown
Nausea,Vomiting,Loss of Appetite,Sweating,Fever,Shortness of Breath,Fatigue,Hypertension
Joint Pain,Diarrhea,Fatigue,Cough,Headache,Rash,Shortness of Breath,Unknown
Sore Throat,Cough,Fever,Ear Pain,Weakness,Blurred Vision,Loss of Appetite,Dengue
Loss of Taste,Low Blood Pressure,Fatigue,Loss of Smell,Blurred Vision,Runny Nose,Dizziness,Hypotension
Ear Pain,High Blood Pressure,Sweating,Weakness,Nausea,Chills,Loss of Smell,Hypotension
Cough,Nausea,Shortness of Breath,Muscle Pain,Headache,Abdominal Pain,Fever,Unknown
Loss of Appetite,Confusion,Low Blood Pressure,High Blood Pressure,Ear Pain,Chills,Fatigue,Unknown
Confusion,Sweating,Diarrhea,Dizziness,Loss of Smell,Runny Nose,Nausea,Food Poisoning
Dizziness,Sweating,Difficulty Swallowing,Low Blood Pressure,Rash,Skin Redness,Weakness,Strep Throat
Loss of Taste,Skin Redness,Loss of Smell,Swollen Lymph Nodes,Skin Peeling,Ear Pain,Sweating,Unknown
Chest Pain,Loss of Smell,Weakness,Diarrhea,Vomiting,Rash,Cough,Typhoid
Nausea,Chills,Skin Redness,Rapid Heart Rate,Confusion,Weakness,Blurred Vision,Food Poisoning
Joint Pain,Chills,Sore Throat,Cough,Chest Pain,Loss of Taste,Loss of Smell,Flu
Skin Peeling,Headache,Shortness of Breath,Nausea,Sweating,Rapid Heart Rate,Dizziness,Unknown
Loss of Taste,Cough,Loss of Appetite,Weakness,Skin Peeling,Rash,Fever,Scarlet Fever
Chest Pain,Loss of Appetite,Diarrhea,Low Blood Pressure,Confusion,Skin Redness,Difficulty Swallowing,Hypotension
Rapid Heart Rate,Low Blood Pressure,Ear Pain,Chest Pain,Sore Throat,Difficulty Swallowing,Fever,Cold
Low Blood Pressure,Difficulty Swallowing,Weakness,Sore Throat,Chills,Abdominal Pain,Headache,Strep Throat
Headache,Fever,Sweating,Blurred Vision,Rapid Heart Rate,Nausea,Cough,Meningitis
Sore Throat,Rapid Heart Rate,Weakness,Joint Pain,Runny Nose,High Blood Pressure,Nausea,Flu
Chest Pain,Weakness,Loss of Appetite,Sore Throat,Sweating,Runny Nose,Nausea,Flu
Swollen Lymph Nodes,Rash,Difficulty Swallowing,High Blood Pressure,Fatigue,Runny Nose,Blurred Vision,Unknown
Sore Throat,Chest Pain,Abdominal Pain,Swollen Lymph Nodes,Confusion,Nausea,Diarrhea,Unknown
Chest Pain,Rapid Heart Rate,Fever,Fatigue,Loss of Taste,Shortness of Breath,Ear Pain,Dengue
Dizziness,Nausea,Sweating,Ear Pain,Cough,Confusion,Chills,Ear Infection
Rapid Heart Rate,Shortness of Breath,Swollen Lymph Nodes,Diarrhea,Abdominal Pain,Cough,Nausea,Unknown
Ear Pain,Sweating,Loss of Taste,Difficulty Swallowing,Abdominal Pain,Low Blood Pressure,Confusion,COVID-19
Difficulty Swallowing,Chest Pain,Blurred Vision,Loss of Appetite,Chills,Nausea,Runny Nose,Malaria
Loss of Taste,High Blood Pressure,Skin Peeling,Shortness of Breath,Rash,Ear Pain,Cough,Pneumonia
Vomiting,Chills,Shortness of Breath,Loss of Smell,Headache,Swollen Lymph Nodes,Low Blood Pressure,Pneumonia
Skin Peeling,Skin Redness,Shortness of Breath,Sweating,Confusion,Low Blood Pressure,Dizziness,Unknown
Rapid Heart Rate,Loss of Appetite,Swollen Lymph Nodes,Difficulty Swallowing,Sore Throat,Loss of Taste,Blurred Vision,Strep Throat
High Blood Pressure,Vomiting,Joint Pain,Runny Nose,Loss of Taste,Abdominal Pain,Muscle Pain,Unknown
Runny Nose,Dizziness,Sore Throat,Nausea,High Blood Pressure,Vomiting,Joint Pain,Meningitis
Skin Peeling,Muscle Pain,Sore Throat,Swollen Lymph Nodes,Weakness,Chills,Fatigue,Unknown
Fatigue,Rash,Skin Redness,Rapid Heart Rate,Headache,Abdominal Pain,Runny Nose,Dengue
Runny Nose,Vomiting,Chest Pain,Diarrhea,Difficulty Swallowing,Cough,Loss of Appetite,Unknown
Runny Nose,Rash,Confusion,Loss of Taste,Loss of Appetite,Skin Peeling,Cough,Typhoid
Ear Pain,Cough,Blurred Vision,Swollen Lymph Nodes,Shortness of Breath,Diarrhea,Runny Nose,Strep Throat
Joint Pain,Swollen Lymph Nodes,Fatigue,Fever,Rash,Loss of Appetite,Blurred Vision,Migraine
Blurred Vision,Shortness of Breath,Sore Throat,Fatigue,Skin Peeling,Loss of Taste,Rapid Heart Rate,Cold
Loss of Smell,Abdominal Pain,Chills,Muscle Pain,Rapid Heart Rate,Vomiting,Skin Peeling,Unknown
Dizziness,Swollen Lymph Nodes,Sore Throat,Fever,Joint Pain,Chest Pain,High Blood Pressure,Unknown
Ear Pain,Runny Nose,Low Blood Pressure,Rash,Headache,Joint Pain,Sweating,Flu
Muscle Pain,Chills,Sweating,Confusion,Loss of Taste,Headache,Loss of Smell,Unknown
Skin Redness,High Blood Pressure,Rapid Heart Rate,Chest Pain,Fatigue,Diarrhea,Sweating,Food Poisoning
Loss of Appetite,Weakness,Sweating,Runny Nose,Blurred Vision,Vomiting,Headache,Meningitis
Nausea,Sore Throat,High Blood Pressure,Chest Pain,Sweating,Blurred Vision,Diarrhea,Meningitis
Blurred Vision,Cough,Sore Throat,Fever,Skin Redness,Skin Peeling,Weakness,Migraine
Blurred Vision,Difficulty Swallowing,Fatigue,Weakness,Diarrhea,Abdominal Pain,Loss of Smell,Malaria
Cough,Muscle Pain,Headache,Rash,Swollen Lymph Nodes,Loss of Appetite,Chills,Flu
Runny Nose,Diarrhea,Low Blood Pressure,Weakness,Headache,Loss of Smell,Ear Pain,COVID-19
Cough,Chest Pain,Chills,Loss of Smell,Loss of Taste,Nausea,Muscle Pain,Dengue
Cough,Rapid Heart Rate,Shortness of Breath,Fever,Muscle Pain,Blurred Vision,High Blood Pressure,Typhoid
Loss of Appetite,Low Blood Pressure,Skin Redness,Skin Peeling,Runny Nose,Loss of Taste,Rash,COVID-19
Abdominal Pain,Muscle Pain,Fever,Rash,Joint Pain,Blurred Vision,Fatigue,Typhoid
Rapid Heart Rate,Weakness,Rash,Loss of Smell,Fatigue,Loss of Appetite,High Blood Pressure,Unknown
Loss of Smell,Rapid Heart Rate,Cough,Sore Throat,Fatigue,Skin Peeling,Difficulty Swallowing,Cold
Nausea,Swollen Lymph Nodes,Diarrhea,Vomiting,Abdominal Pain,Muscle Pain,Chills,Meningitis
Swollen Lymph Nodes,Chills,Nausea,Sweating,Low Blood Pressure,Loss of Smell,Muscle Pain,Unknown
Muscle Pain,Sweating,Shortness of Breath,Loss of Appetite,Runny Nose,Rapid Heart Rate,Headache,Migraine
Ear Pain,Diarrhea,Joint Pain,Skin Redness,Shortness of Breath,Loss of Taste,Rash,Scarlet Fever
Swollen Lymph Nodes,Chills,Loss of Taste,Confusion,Loss of Smell,Shortness of Breath,Skin Peeling,Unknown
Fatigue,High Blood Pressure,Rapid Heart Rate,Nausea,Dizziness,Cough,Sweating,Unknown
Swollen Lymph Nodes,Diarrhea,Chills,Chest Pain,Rash,Blurred Vision,Loss of Taste,Strep Throat
Headache,Loss of Taste,Fever,Abdominal Pain,Rapid Heart Rate,Ear Pain,Nausea,COVID-19
Loss of Smell,Blurred Vision,Loss of Taste,Skin Redness,Nausea,Abdominal Pain,Joint Pain,COVID-19
Sweating,Vomiting,High Blood Pressure,Skin Redness,Rapid Heart Rate,Sore Throat,Headache,Scarlet Fever
Fatigue,Swollen Lymph Nodes,Skin Peeling,Weakness,Loss of Smell,Shortness of Breath,Fever,Flu
Sore Throat,Skin Peeling,Diarrhea,High Blood Pressure,Low Blood Pressure,Skin Redness,Headache,Ear Infection
Loss of Taste,Blurred Vision,Chest Pain,Nausea,Skin Redness,Muscle Pain,Fatigue,Dengue
Loss of Taste,Muscle Pain,Sore Throat,Runny Nose,Weakness,Abdominal Pain,Vomiting,COVID-19
Rash,Runny Nose,High Blood Pressure,Cough,Headache,Joint Pain,Sore Throat,Flu
Chest Pain,Vomiting,Headache,Fatigue,Muscle Pain,Low Blood Pressure,Loss of Smell,COVID-19
Nausea,Diarrhea,Skin Peeling,Sore Throat,Joint Pain,Blurred Vision,Skin Redness,Unknown
Cough,Chills,Diarrhea,Fatigue,Ear Pain,Nausea,Sweating,Hypertension
Shortness of Breath,Blurred Vision,Loss of Taste,Runny Nose,Cough,Fatigue,Skin Peeling,COVID-19
Diarrhea,Weakness,Chills,Low Blood Pressure,Confusion,Nausea,Abdominal Pain,Unknown
Abdominal Pain,Loss of Smell,Nausea,Chills,Runny Nose,Weakness,Joint Pain,Unknown
Fatigue,Rash,Abdominal Pain,Skin Peeling,Dizziness,Weakness,Confusion,Malaria
Rash,Joint Pain,Muscle Pain,Sweating,Swollen Lymph Nodes,Chills,High Blood Pressure,Unknown
Swollen Lymph Nodes,Fatigue,Chest Pain,Blurred Vision,Vomiting,Ear Pain,Loss of Smell,Ear Infection
Sore Throat,Cough,Dizziness,Weakness,Loss of Taste,Swollen Lymph Nodes,Loss of Smell,Pneumonia
Joint Pain,Difficulty Swallowing,Loss of Smell,Loss of Taste,Confusion,Chills,Skin Peeling,Unknown
Sweating,Skin Redness,Low Blood Pressure,Muscle Pain,Loss of Smell,Sore Throat,Joint Pain,Dengue
Fatigue,Nausea,Rash,Skin Peeling,Difficulty Swallowing,Dizziness,Runny Nose,Unknown
Runny Nose,Nausea,High Blood Pressure,Weakness,Rash,Skin Peeling,Cough,Malaria
Nausea,Loss of Appetite,Chest Pain,Runny Nose,High Blood Pressure,Fatigue,Joint Pain,Unknown
Chest Pain,Skin Redness,Sweating,Rapid Heart Rate,Chills,Joint Pain,Dizziness,Unknown
Diarrhea,Cough,Rash,Blurred Vision,Muscle Pain,Swollen Lymph Nodes,Skin Redness,Food Poisoning
Chest Pain,Diarrhea,Fatigue,Low Blood Pressure,Abdominal Pain,Ear Pain,Muscle Pain,Ear Infection
Sore Throat,Muscle Pain,Chest Pain,Diarrhea,Ear Pain,Shortness of Breath,Joint Pain,Unknown
Muscle Pain,Cough,Joint Pain,Difficulty Swallowing,Fever,Nausea,Chills,Unknown
Skin Redness,Joint Pain,Fever,Loss of Smell,Sweating,Muscle Pain,Nausea,Unknown
Rapid Heart Rate,Chills,Fever,Headache,Vomiting,Confusion,Weakness,Ear Infection
Headache,High Blood Pressure,Runny Nose,Fatigue,Difficulty Swallowing,Confusion,Fever,Food Poisoning
Chills,Shortness of Breath,Rash,Loss of Taste,Runny Nose,Sweating,Confusion,COVID-19
Chills,High Blood Pressure,Skin Redness,Low Blood Pressure,Chest Pain,Sore Throat,Loss of Smell,Cold
Headache,Chest Pain,Diarrhea,Skin Peeling,Rash,Weakness,Loss of Appetite,Ear Infection
Loss of Smell,Swollen Lymph Nodes,Nausea,Weakness,Rash,Abdominal Pain,Runny Nose,Cold
Ear Pain,Skin Redness,Abdominal Pain,Joint Pain,Fever,Sweating,Low Blood Pressure,Ear Infection
Fever,Weakness,Sore Throat,Shortness of Breath,Nausea,High Blood Pressure,Diarrhea,Dengue
Difficulty Swallowing,Vomiting,Ear Pain,Swollen Lymph Nodes,Abdominal Pain,Muscle Pain,Chest Pain,Unknown
Headache,Shortness of Breath,Chills,High Blood Pressure,Fever,Sweating,Low Blood Pressure,Dengue
High Blood Pressure,Nausea,Chills,Vomiting,Shortness of Breath,Skin Peeling,Loss of Smell,Unknown
High Blood Pressure,Swollen Lymph Nodes,Fever,Rash,Ear Pain,Dizziness,Skin Peeling,Dengue
Muscle Pain,Ear Pain,Runny Nose,Nausea,Weakness,Confusion,Abdominal Pain,Typhoid
Confusion,Loss of Taste,Nausea,Swollen Lymph Nodes,Skin Redness,Chills,Rapid Heart Rate,Unknown
Abdominal Pain,Shortness of Breath,Chills,Cough,Skin Peeling,Runny Nose,Blurred Vision,Migraine
Chills,Sore Throat,Difficulty Swallowing,Muscle Pain,Chest Pain,Swollen Lymph Nodes,Skin Redness,Unknown
Diarrhea,Skin Redness,Sweating,Cough,Loss of Taste,Dizziness,Runny Nose,Unknown
Loss of Appetite,Rapid Heart Rate,Dizziness,Loss of Taste,Headache,Sweating,Fever,Hypertension
Cough,Muscle Pain,Fatigue,Sore Throat,Nausea,Low Blood Pressure,Diarrhea,Food Poisoning
Fatigue,Joint Pain,Nausea,Fever,Weakness,Diarrhea,Shortness of Breath,Ear Infection
Fever,Abdominal Pain,Blurred Vision,Low Blood Pressure,Muscle Pain,Ear Pain,Shortness of Breath,COVID-19
High Blood Pressure,Chest Pain,Loss of Taste,Sore Throat,Joint Pain,Cough,Difficulty Swallowing,Unknown
Joint Pain,Fatigue,Diarrhea,Headache,Ear Pain,Swollen Lymph Nodes,Rash,Flu
Sore Throat,Rapid Heart Rate,Fatigue,Rash,Diarrhea,Runny Nose,Loss of Taste,Typhoid
Loss of Appetite,Diarrhea,Swollen Lymph Nodes,Chills,Rash,Difficulty Swallowing,Shortness of Breath,Ear Infection
Chills,Nausea,Low Blood Pressure,Headache,Rash,Abdominal Pain,Blurred Vision,Unknown
Ear Pain,Rapid Heart Rate,Skin Peeling,Fever,Abdominal Pain,Loss of Appetite,Joint Pain,Dengue
Headache,Blurred Vision,Ear Pain,Loss of Appetite,Loss of Taste,Skin Redness,Weakness,Migraine
Rapid Heart Rate,Low Blood Pressure,Difficulty Swallowing,Loss of Smell,Loss of Appetite,Nausea,Blurred Vision,Migraine
Difficulty Swallowing,Weakness,Shortness of Breath,Blurred Vision,Muscle Pain,Chills,Dizziness,Typhoid
Chills,Rapid Heart Rate,Loss of Taste,Vomiting,Abdominal Pain,Diarrhea,Difficulty Swallowing,Strep Throat
Skin Peeling,Cough,Joint Pain,Loss of Appetite,Dizziness,Chills,Skin Redness,Hypertension
Chest Pain,Diarrhea,High Blood Pressure,Rash,Cough,Swollen Lymph Nodes,Shortness of Breath,Unknown
Chest Pain,Ear Pain,Blurred Vision,Joint Pain,Fever,Headache,Muscle Pain,Meningitis
Weakness,Sweating,Difficulty Swallowing,Cough,Rash,Chest Pain,Runny Nose,Hypotension
Sweating,Fatigue,Loss of Smell,Nausea,Chills,Headache,Skin Peeling,Unknown
Shortness of Breath,Ear Pain,Skin Redness,Abdominal Pain,Headache,Fever,Dizziness,Scarlet Fever
Joint Pain,Blurred Vision,Rash,Runny Nose,Abdominal Pain,Difficulty Swallowing,Cough,COVID-19
Weakness,Swollen Lymph Nodes,Abdominal Pain,Ear Pain,Confusion,Fatigue,Vomiting,Unknown
Chills,Headache,High Blood Pressure,Shortness of Breath,Cough,Low Blood Pressure,Swollen Lymph Nodes,Migraine
Muscle Pain,Fatigue,Loss of Smell,Skin Redness,Shortness of Breath,Diarrhea,Fever,Cold
Chest Pain,Blurred Vision,Sore Throat,Rash,Muscle Pain,Diarrhea,Dizziness,Unknown
Sweating,Swollen Lymph Nodes,Fever,Shortness of Breath,Sore Throat,Cough,Abdominal Pain,Unknown
Nausea,Difficulty Swallowing,Dizziness,Shortness of Breath,Sweating,Abdominal Pain,Swollen Lymph Nodes,Meningitis
Joint Pain,Sore Throat,Weakness,Ear Pain,Rapid Heart Rate,Sweating,Shortness of Breath,Malaria
Swollen Lymph Nodes,Skin Peeling,Loss of Appetite,Nausea,High Blood Pressure,Headache,Weakness,Flu
Loss of Taste,Weakness,Shortness of Breath,Skin Redness,Low Blood Pressure,Dizziness,Runny Nose,Unknown
Cough,Chest Pain,Shortness of Breath,Chills,Loss of Smell,Loss of Taste,Skin Redness,Pneumonia
Chills,Low Blood Pressure,Rash,Skin Peeling,Loss of Appetite,Ear Pain,Chest Pain,Unknown
Loss of Smell,Low Blood Pressure,Sore Throat,Difficulty Swallowing,Abdominal Pain,Chills,Ear Pain,COVID-19
Sore Throat,Chills,Difficulty Swallowing,Diarrhea,Chest Pain,Runny Nose,Skin Peeling,Strep Throat
Diarrhea,Abdominal Pain,Nausea,Difficulty Swallowing,Headache,Low Blood Pressure,Rapid Heart Rate,Unknown
Confusion,Loss of Appetite,Skin Redness,Nausea,Weakness,Low Blood Pressure,High Blood Pressure,Hypertension
Confusion,Shortness of Breath,Loss of Taste,Chest Pain,Rash,Nausea,Loss of Smell,Dengue
Sore Throat,Fever,Vomiting,Diarrhea,Shortness of Breath,Low Blood Pressure,Loss of Appetite,Food Poisoning
Cough,Chills,Nausea,Diarrhea,Runny Nose,Difficulty Swallowing,Loss of Smell,Food Poisoning
Fatigue,Skin Peeling,Rapid Heart Rate,Difficulty Swallowing,Shortness of Breath,Dizziness,Loss of Smell,Scarlet Fever
Runny Nose,Low Blood Pressure,Rash,Joint Pain,Loss of Appetite,Skin Peeling,Dizziness,Unknown
Shortness of Breath,Diarrhea,Runny Nose,Nausea,Cough,Fatigue,Chest Pain,Unknown
Joint Pain,Weakness,Headache,Shortness of Breath,Cough,High Blood Pressure,Low Blood Pressure,Migraine
Joint Pain,Rapid Heart Rate,Sore Throat,Ear Pain,Dizziness,Swollen Lymph Nodes,Shortness of Breath,Strep Throat
Loss of Smell,Skin Peeling,Nausea,Low Blood Pressure,Chest Pain,Cough,Abdominal Pain,Cold
Low Blood Pressure,Fatigue,Joint Pain,Chills,Muscle Pain,Loss of Taste,High Blood Pressure,Unknown
Dizziness,Skin Peeling,Fatigue,Low Blood Pressure,High Blood Pressure,Cough,Headache,Unknown
Muscle Pain,Swollen Lymph Nodes,Diarrhea,Sore Throat,Sweating,Dizziness,Cough,Unknown
Loss of Appetite,Confusion,Shortness of Breath,Diarrhea,Sweating,Abdominal Pain,Swollen Lymph Nodes,Unknown
Vomiting,Nausea,Muscle Pain,Skin Peeling,Sweating,Weakness,Low Blood Pressure,Unknown
Nausea,Difficulty Swallowing,Fever,Shortness of Breath,Loss of Taste,Skin Redness,Loss of Smell,Unknown
Vomiting,Sweating,Joint Pain,Nausea,Runny Nose,Fever,Skin Peeling,Cold
Joint Pain,Dizziness,Chest Pain,Sore Throat,Weakness,Abdominal Pain,Confusion,Scarlet Fever
Sweating,Fever,Weakness,Ear Pain,Dizziness,Headache,Muscle Pain,Ear Infection
Loss of Appetite,Cough,Difficulty Swallowing,Ear Pain,Sweating,Headache,Fatigue,Hypertension
Confusion,Fatigue,High Blood Pressure,Loss of Smell,Rash,Sore Throat,Low Blood Pressure,Unknown
Cough,Difficulty Swallowing,Loss of Appetite,Confusion,Fatigue,Abdominal Pain,Dizziness,Cold
Rash,Loss of Smell,Skin Peeling,Ear Pain,High Blood Pressure,Shortness of Breath,Cough,COVID-19
Runny Nose,Diarrhea,Blurred Vision,Abdominal Pain,Headache,Chills,Swollen Lymph Nodes,Migraine
Low Blood Pressure,Rapid Heart Rate,Nausea,Ear Pain,Chest Pain,Fever,Swollen Lymph Nodes,Pneumonia
Skin Peeling,Shortness of Breath,Skin Redness,Chills,Diarrhea,Ear Pain,Loss of Taste,COVID-19
Weakness,Ear Pain,Headache,Chest Pain,Cough,Loss of Taste,Abdominal Pain,Meningitis
Shortness of Breath,Nausea,Ear Pain,High Blood Pressure,Chest Pain,Muscle Pain,Skin Redness,Unknown
Shortness of Breath,Sweating,Ear Pain,Skin Redness,Sore Throat,Chills,Fatigue,Unknown
Rapid Heart Rate,Ear Pain,Dizziness,Fever,Loss of Taste,Skin Peeling,Skin Redness,Malaria
High Blood Pressure,Rash,Chest Pain,Vomiting,Difficulty Swallowing,Chills,Sweating,Unknown
Difficulty Swallowing,Sore Throat,Skin Redness,Fatigue,Rash,Loss of Smell,Joint Pain,Unknown
Skin Peeling,Fatigue,High Blood Pressure,Headache,Loss of Taste,Low Blood Pressure,Difficulty Swallowing,Scarlet Fever
Runny Nose,Sweating,Skin Peeling,Swollen Lymph Nodes,Diarrhea,Ear Pain,Loss of Taste,Unknown
Chills,Diarrhea,Rapid Heart Rate,Dizziness,Chest Pain,Loss of Taste,Sore Throat,Migraine
Diarrhea,Loss of Appetite,Runny Nose,High Blood Pressure,Sweating,Rapid Heart Rate,Fatigue,Food Poisoning
Chills,Loss of Smell,Fatigue,Loss of Taste,Diarrhea,Cough,Headache,Dengue
Weakness,Loss of Taste,Runny Nose,Chills,Rash,Abdominal Pain,Sweating,COVID-19
Nausea,Weakness,Skin Peeling,Loss of Taste,Joint Pain,Muscle Pain,Fever,Flu
Dizziness,Blurred Vision,Difficulty Swallowing,Muscle Pain,Sweating,Low Blood Pressure,Headache,Unknown
Headache,Skin Peeling,Sore Throat,Confusion,Dizziness,Skin Redness,Chest Pain,Dengue
Swollen Lymph Nodes,Headache,Chills,High Blood Pressure,Shortness of Breath,Loss of Smell,Confusion,Strep Throat
Low Blood Pressure,Difficulty Swallowing,Chest Pain,Loss of Smell,Weakness,Loss of Taste,Diarrhea,Typhoid
Chills,Blurred Vision,Sore Throat,Nausea,Sweating,Shortness of Breath,Ear Pain,Cold
High Blood Pressure,Ear Pain,Sweating,Confusion,Nausea,Loss of Appetite,Vomiting,Malaria
Chest Pain,Vomiting,Loss of Taste,Rash,Weakness,Diarrhea,Fatigue,Cold
Ear Pain,Chest Pain,Abdominal Pain,Blurred Vision,Swollen Lymph Nodes,Chills,Weakness,Unknown
Weakness,Dizziness,Abdominal Pain,Ear Pain,Difficulty Swallowing,Cough,Nausea,Flu
Swollen Lymph Nodes,High Blood Pressure,Shortness of Breath,Sweating,Chest Pain,Headache,Diarrhea,Flu
Sweating,Abdominal Pain,Dizziness,High Blood Pressure,Weakness,Low Blood Pressure,Difficulty Swallowing,Unknown
Low Blood Pressure,Cough,Shortness of Breath,Sweating,Skin Redness,Fatigue,Loss of Taste,Cold
Fatigue,Skin Peeling,Cough,Loss of Taste,Blurred Vision,Shortness of Breath,Loss of Appetite,Unknown
Loss of Taste,Rash,Swollen Lymph Nodes,Joint Pain,Dizziness,Skin Peeling,Abdominal Pain,Scarlet Fever
Dizziness,Vomiting,Sweating,Headache,Loss of Appetite,Shortness of Breath,Weakness,Ear Infection
Runny Nose,High Blood Pressure,Low Blood Pressure,Vomiting,Confusion,Sweating,Ear Pain,Unknown
Nausea,Blurred Vision,Loss of Taste,Weakness,Rash,Shortness of Breath,Sore Throat,Cold
Loss of Taste,Weakness,Low Blood Pressure,Sweating,Chills,Skin Peeling,Ear Pain,Unknown
Low Blood Pressure,Abdominal Pain,Confusion,Sore Throat,Difficulty Swallowing,Sweating,Rash,Food Poisoning
Ear Pain,Cough,Loss of Smell,Loss of Taste,Chills,Joint Pain,Nausea,Cold
Ear Pain,Chest Pain,High Blood Pressure,Loss of Taste,Rash,Fatigue,Cough,Dengue
Loss of Smell,Confusion,Sore Throat,Joint Pain,Ear Pain,Muscle Pain,Cough,Flu
Weakness,Ear Pain,Chills,Headache,High Blood Pressure,Muscle Pain,Confusion,Dengue
Runny Nose,Loss of Appetite,Fever,Abdominal Pain,Confusion,Swollen Lymph Nodes,Chills,Ear Infection
Blurred Vision,Confusion,Skin Redness,Headache,Chills,Abdominal Pain,Cough,Malaria
Difficulty Swallowing,Runny Nose,Skin Redness,Chest Pain,Loss of Taste,Abdominal Pain,Cough,Unknown
Weakness,Blurred Vision,Loss of Smell,Rash,Difficulty Swallowing,Confusion,Loss of Appetite,Migraine
Difficulty Swallowing,Skin Peeling,Runny Nose,Sore Throat,Blurred Vision,Swollen Lymph Nodes,Abdominal Pain,Unknown
Joint Pain,Swollen Lymph Nodes,Sore Throat,Confusion,Rash,Sweating,Low Blood Pressure,Unknown
Shortness of Breath,Blurred Vision,Fever,Loss of Smell,Diarrhea,Ear Pain,Skin Peeling,Dengue
Fever,Muscle Pain,Blurred Vision,Joint Pain,High Blood Pressure,Sweating,Chest Pain,Ear Infection
Swollen Lymph Nodes,Sore Throat,Runny Nose,Loss of Smell,Fatigue,Shortness of Breath,Cough,Strep Throat
Abdominal Pain,Swollen Lymph Nodes,Sweating,Skin Peeling,Chest Pain,Low Blood Pressure,Shortness of Breath,COVID-19
Cough,Nausea,Abdominal Pain,Fatigue,Diarrhea,Skin Redness,Swollen Lymph Nodes,Unknown
Joint Pain,Blurred Vision,Dizziness,Cough,Muscle Pain,Fever,Weakness,Meningitis
Ear Pain,Fever,Abdominal Pain,Vomiting,Rash,Dizziness,Cough,Ear Infection
Dizziness,Low Blood Pressure,Fatigue,Chest Pain,Sore Throat,Abdominal Pain,Confusion,Flu
Sweating,Skin Redness,Swollen Lymph Nodes,High Blood Pressure,Confusion,Low Blood Pressure,Chest Pain,Unknown
Ear Pain,Low Blood Pressure,Swollen Lymph Nodes,Skin Redness,Muscle Pain,Confusion,Blurred Vision,Hypotension
Nausea,Difficulty Swallowing,Diarrhea,Shortness of Breath,Swollen Lymph Nodes,Blurred Vision,Cough,Unknown
Cough,Confusion,Skin Redness,Difficulty Swallowing,Runny Nose,Skin Peeling,Sore Throat,Unknown
Dizziness,Fatigue,Abdominal Pain,Loss of Taste,Sore Throat,Blurred Vision,Cough,Food Poisoning
Fatigue,Nausea,Weakness,Ear Pain,Loss of Appetite,Sore Throat,Muscle Pain,Ear Infection
Vomiting,Blurred Vision,Headache,High Blood Pressure,Weakness,Rash,Fever,Meningitis
Abdominal Pain,Diarrhea,Rash,Muscle Pain,Fatigue,Difficulty Swallowing,Fever,Hypertension
Headache,Cough,Skin Redness,Chills,Runny Nose,Confusion,Rash,Ear Infection
Sweating,Cough,Low Blood Pressure,Loss of Appetite,Chest Pain,Loss of Taste,Headache,Typhoid
Low Blood Pressure,Skin Redness,Skin Peeling,Fatigue,Chills,Weakness,Loss of Appetite,Unknown
Sore Throat,Diarrhea,Confusion,Nausea,Loss of Taste,Blurred Vision,Loss of Smell,Migraine
Fever,Swollen Lymph Nodes,Blurred Vision,Dizziness,Cough,Joint Pain,Headache,Migraine
Chills,Loss of Appetite,Rapid Heart Rate,Low Blood Pressure,Confusion,Diarrhea,Loss of Taste,Unknown
Loss of Taste,Skin Redness,Rapid Heart Rate,Rash,Shortness of Breath,Chest Pain,Chills,Dengue
Diarrhea,Dizziness,Skin Peeling,Chest Pain,Confusion,Sore Throat,Nausea,Flu
Low Blood Pressure,Rapid Heart Rate,Rash,Fever,Ear Pain,Chills,Chest Pain,Malaria
Headache,Runny Nose,Dizziness,Abdominal Pain,Ear Pain,Skin Peeling,Fever,Pneumonia
Dizziness,Nausea,Ear Pain,Rapid Heart Rate,Confusion,Chills,Sore Throat,Cold
Difficulty Swallowing,Joint Pain,Loss of Taste,Weakness,Confusion,Abdominal Pain,Chest Pain,Unknown
Diarrhea,Muscle Pain,Skin Redness,Chills,Swollen Lymph Nodes,Runny Nose,Loss of Smell,Unknown
Sweating,Runny Nose,Skin Redness,Rapid Heart Rate,Chills,Cough,Blurred Vision,Malaria
Fever,Loss of Appetite,Fatigue,Skin Redness,Headache,Joint Pain,Runny Nose,Typhoid
Sore Throat,Swollen Lymph Nodes,High Blood Pressure,Muscle Pain,Blurred Vision,Loss of Taste,Rapid Heart Rate,Cold
Dizziness,Skin Peeling,Fever,Confusion,Nausea,Loss of Appetite,Cough,Hypotension
Rash,Chest Pain,Skin Peeling,Diarrhea,Fever,Sore Throat,Loss of Smell,Flu
Confusion,Rapid Heart Rate,Headache,Fever,Rash,Cough,Diarrhea,Food Poisoning
Difficulty Swallowing,Cough,Skin Peeling,Abdominal Pain,Swollen Lymph Nodes,Skin Redness,Fever,Meningitis
Fatigue,Chest Pain,Chills,Nausea,Rapid Heart Rate,Muscle Pain,Fever,Hypertension
Muscle Pain,Rapid Heart Rate,Confusion,Low Blood Pressure,Skin Peeling,Loss of Smell,Dizziness,Hypotension
Loss of Appetite,Swollen Lymph Nodes,Ear Pain,Confusion,Joint Pain,Fever,Shortness of Breath,Ear Infection
Blurred Vision,Diarrhea,Abdominal Pain,Nausea,Fatigue,Weakness,Sore Throat,Meningitis
Loss of Smell,Confusion,Abdominal Pain,Shortness of Breath,Headache,Dizziness,Nausea,Flu
Nausea,Skin Peeling,Rapid Heart Rate,Abdominal Pain,Low Blood Pressure,Runny Nose,Shortness of Breath,Hypotension
Sweating,Muscle Pain,Loss of Smell,High Blood Pressure,Diarrhea,Weakness,Ear Pain,Malaria
Confusion,Loss of Smell,Cough,High Blood Pressure,Loss of Taste,Joint Pain,Muscle Pain,Unknown
Nausea,Confusion,Muscle Pain,Chills,Chest Pain,Joint Pain,Fatigue,Food Poisoning
Nausea,Ear Pain,Weakness,Cough,Diarrhea,Sweating,Runny Nose,Unknown
Fever,Sweating,Chills,Chest Pain,Dizziness,Nausea,Fatigue,Typhoid
Blurred Vision,Diarrhea,Skin Redness,Loss of Taste,Loss of Smell,Cough,Sweating,Unknown
Fatigue,Loss of Appetite,Fever,Cough,Ear Pain,Rapid Heart Rate,Nausea,Typhoid
Ear Pain,High Blood Pressure,Cough,Swollen Lymph Nodes,Loss of Taste,Rash,Sore Throat,Scarlet Fever
Loss of Taste,Cough,Chest Pain,Nausea,Fatigue,Rapid Heart Rate,Confusion,COVID-19
Runny Nose,Nausea,Ear Pain,Cough,Chills,Swollen Lymph Nodes,Headache,Migraine
Abdominal Pain,High Blood Pressure,Sweating,Confusion,Weakness,Muscle Pain,Rapid Heart Rate,Unknown
Muscle Pain,Sweating,Cough,Vomiting,Chest Pain,Skin Redness,Confusion,Flu
Weakness,Headache,Skin Redness,Sore Throat,Dizziness,Rapid Heart Rate,Difficulty Swallowing,Ear Infection
Chills,Chest Pain,Sweating,Fatigue,Vomiting,Low Blood Pressure,Skin Redness,Unknown
Ear Pain,Skin Peeling,Fever,Loss of Appetite,Abdominal Pain,Fatigue,Confusion,Cold
Rapid Heart Rate,Fever,Shortness of Breath,Skin Redness,Confusion,Cough,Vomiting,COVID-19
Loss of Taste,Cough,Shortness of Breath,Rapid Heart Rate,High Blood Pressure,Weakness,Skin Redness,Unknown
Chills,Skin Peeling,Skin Redness,Difficulty Swallowing,Swollen Lymph Nodes,Rapid Heart Rate,Fatigue,Unknown
Rapid Heart Rate,Loss of Taste,Blurred Vision,Abdominal Pain,Difficulty Swallowing,Chills,Dizziness,Typhoid
Dizziness,Skin Redness,Weakness,Diarrhea,Joint Pain,Loss of Appetite,Vomiting,Typhoid
Ear Pain,Confusion,Skin Redness,Diarrhea,Difficulty Swallowing,High Blood Pressure,Loss of Appetite,COVID-19
Swollen Lymph Nodes,Sweating,Fever,High Blood Pressure,Blurred Vision,Joint Pain,Difficulty Swallowing,Scarlet Fever
Shortness of Breath,Weakness,Skin Peeling,Fatigue,Chills,Cough,Chest Pain,Unknown
Rapid Heart Rate,Muscle Pain,Swollen Lymph Nodes,Diarrhea,Loss of Taste,Rash,Sweating,Unknown
Chills,Fatigue,High Blood Pressure,Runny Nose,Rash,Skin Redness,Low Blood Pressure,Scarlet Fever
Abdominal Pain,Muscle Pain,Cough,Headache,Loss of Appetite,Skin Redness,Low Blood Pressure,Food Poisoning
Joint Pain,Low Blood Pressure,Headache,Shortness of Breath,Diarrhea,Skin Redness,Runny Nose,Cold
Fever,Low Blood Pressure,Shortness of Breath,Loss of Appetite,Sweating,Rash,Headache,Meningitis
Headache,Swollen Lymph Nodes,Loss of Appetite,Muscle Pain,Diarrhea,Joint Pain,Blurred Vision,Unknown
Sweating,Nausea,Chills,Weakness,Loss of Smell,Vomiting,Skin Redness,Unknown
Diarrhea,Vomiting,Rash,Swollen Lymph Nodes,Weakness,Fever,Chest Pain,Unknown
Blurred Vision,Fever,Abdominal Pain,Low Blood Pressure,Sore Throat,Shortness of Breath,Loss of Smell,Food Poisoning
Headache,Rash,Skin Peeling,Loss of Smell,Loss of Taste,Shortness of Breath,Diarrhea,Unknown
Rash,Diarrhea,Loss of Taste,Dizziness,Headache,Loss of Appetite,Runny Nose,Dengue
Loss of Taste,Sweating,Nausea,Chills,Vomiting,High Blood Pressure,Chest Pain,Migraine
Nausea,Loss of Smell,Loss of Appetite,Diarrhea,Joint Pain,Chest Pain,Fever,Dengue
Chest Pain,Ear Pain,Rapid Heart Rate,Low Blood Pressure,Weakness,Loss of Smell,Sweating,Pneumonia
Runny Nose,Diarrhea,Chills,Weakness,Difficulty Swallowing,Skin Peeling,Vomiting,Typhoid
Abdominal Pain,Loss of Smell,Confusion,Rapid Heart Rate,Cough,Blurred Vision,Weakness,Unknown
Nausea,Sore Throat,Sweating,Vomiting,Fever,Blurred Vision,Difficulty Swallowing,Pneumonia
Loss of Appetite,Fatigue,Abdominal Pain,Ear Pain,Headache,Sweating,Diarrhea,Unknown
Dizziness,Low Blood Pressure,Cough,Skin Redness,Skin Peeling,Rash,Confusion,Hypotension
Skin Peeling,Joint Pain,Ear Pain,Muscle Pain,Rash,Skin Redness,Vomiting,Scarlet Fever
Fatigue,Skin Peeling,Loss of Smell,Diarrhea,Dizziness,Vomiting,Sore Throat,Food Poisoning
Blurred Vision,Abdominal Pain,Vomiting,Sore Throat,Chest Pain,Runny Nose,Confusion,Pneumonia
Ear Pain,Muscle Pain,Sore Throat,Cough,Fatigue,Diarrhea,Rapid Heart Rate,Hypotension
Chest Pain,Low Blood Pressure,Rash,Joint Pain,Headache,High Blood Pressure,Muscle Pain,Hypertension
Dizziness,Skin Peeling,Difficulty Swallowing,Swollen Lymph Nodes,Chills,Skin Redness,Loss of Appetite,Hypertension
Sore Throat,Skin Peeling,Swollen Lymph Nodes,Diarrhea,Rash,Skin Redness,Dizziness,Unknown
Headache,Difficulty Swallowing,Loss of Appetite,Sweating,Loss of Taste,Rapid Heart Rate,Confusion,Malaria
Skin Peeling,Muscle Pain,Fatigue,High Blood Pressure,Runny Nose,Swollen Lymph Nodes,Joint Pain,Food Poisoning
Sore Throat,Dizziness,Difficulty Swallowing,Fatigue,Ear Pain,Weakness,Nausea,Unknown
Fever,Difficulty Swallowing,Nausea,Diarrhea,Muscle Pain,Sweating,Loss of Appetite,Food Poisoning
Loss of Appetite,Rash,High Blood Pressure,Skin Redness,Joint Pain,Sore Throat,Runny Nose,Unknown
Joint Pain,Vomiting,Runny Nose,Fatigue,Ear Pain,Rash,Abdominal Pain,Unknown
Loss of Appetite,Muscle Pain,Blurred Vision,Ear Pain,Chills,Fever,Loss of Smell,COVID-19
Sweating,Difficulty Swallowing,Blurred Vision,Chills,Sore Throat,High Blood Pressure,Diarrhea,Strep Throat
Skin Redness,Runny Nose,Cough,Ear Pain,Chest Pain,Skin Peeling,Shortness of Breath,Unknown
Low Blood Pressure,Difficulty Swallowing,Confusion,Skin Peeling,Abdominal Pain,Fatigue,Weakness,Food Poisoning
Abdominal Pain,Ear Pain,Fatigue,Dizziness,Skin Redness,Low Blood Pressure,Headache,Dengue
Loss of Taste,Low Blood Pressure,Shortness of Breath,Confusion,Diarrhea,Fatigue,Vomiting,COVID-19
Chills,Sweating,Loss of Taste,Chest Pain,Fatigue,High Blood Pressure,Weakness,Cold
Rash,Diarrhea,Runny Nose,Nausea,Loss of Taste,Ear Pain,Low Blood Pressure,Ear Infection
Abdominal Pain,Nausea,Low Blood Pressure,Headache,Vomiting,Rapid Heart Rate,Skin Redness,Unknown
Rapid Heart Rate,Rash,Difficulty Swallowing,Vomiting,Swollen Lymph Nodes,Blurred Vision,Shortness of Breath,Unknown
Abdominal Pain,Ear Pain,Shortness of Breath,Joint Pain,Diarrhea,Low Blood Pressure,Loss of Taste,COVID-19
Diarrhea,Swollen Lymph Nodes,Vomiting,Skin Peeling,Loss of Taste,Fatigue,Rash,Flu
Loss of Appetite,Confusion,Fever,Rash,Sweating,Difficulty Swallowing,Sore Throat,Scarlet Fever
Chest Pain,Ear Pain,Rapid Heart Rate,Shortness of Breath,Loss of Smell,Confusion,Fatigue,Cold
Loss of Smell,Blurred Vision,Chills,Skin Peeling,Runny Nose,Sore Throat,Ear Pain,Cold
Shortness of Breath,High Blood Pressure,Low Blood Pressure,Ear Pain,Weakness,Joint Pain,Diarrhea,Unknown
Skin Redness,Rash,Fatigue,High Blood Pressure,Confusion,Difficulty Swallowing,Sweating,Food Poisoning
Loss of Appetite,Muscle Pain,Skin Peeling,Abdominal Pain,Chest Pain,Nausea,Sweating,Typhoid
Joint Pain,Loss of Smell,Sore Throat,Sweating,Weakness,Confusion,Swollen Lymph Nodes,Strep Throat
Swollen Lymph Nodes,Sore Throat,Loss of Smell,Blurred Vision,Chills,Headache,Ear Pain,Dengue
Ear Pain,Sweating,Weakness,Loss of Taste,Swollen Lymph Nodes,Abdominal Pain,Nausea,Typhoid
Confusion,Joint Pain,Fatigue,Cough,High Blood Pressure,Muscle Pain,Headache,Hypertension
Loss of Taste,Loss of Appetite,Shortness of Breath,Low Blood Pressure,Sweating,Chest Pain,Skin Redness,Unknown
Skin Redness,Fever,Muscle Pain,Joint Pain,Ear Pain,Sore Throat,Fatigue,Scarlet Fever
Sore Throat,Abdominal Pain,Low Blood Pressure,Swollen Lymph Nodes,Sweating,Muscle Pain,Loss of Appetite,COVID-19
Skin Peeling,Cough,Confusion,Fatigue,Sweating,Sore Throat,Fever,Cold
Cough,Ear Pain,Shortness of Breath,Weakness,Swollen Lymph Nodes,Sore Throat,Joint Pain,Scarlet Fever
Blurred Vision,Abdominal Pain,Confusion,Low Blood Pressure,Chills,Sweating,High Blood Pressure,Hypotension
Loss of Taste,Sore Throat,Vomiting,Sweating,Ear Pain,Weakness,Blurred Vision,Strep Throat
Skin Peeling,High Blood Pressure,Vomiting,Weakness,Skin Redness,Confusion,Abdominal Pain,Typhoid
Skin Redness,Confusion,Blurred Vision,Vomiting,Loss of Taste,Swollen Lymph Nodes,Rapid Heart Rate,Food Poisoning
Muscle Pain,Weakness,Sore Throat,Abdominal Pain,Confusion,Ear Pain,Cough,Typhoid
Loss of Smell,Sore Throat,Ear Pain,High Blood Pressure,Loss of Appetite,Fever,Chills,Ear Infection
Muscle Pain,Skin Peeling,Chest Pain,Abdominal Pain,Blurred Vision,Dizziness,Loss of Appetite,COVID-19
Sore Throat,Loss of Taste,Muscle Pain,Weakness,Dizziness,Loss of Appetite,Cough,Malaria
Vomiting,Weakness,Abdominal Pain,Loss of Taste,Diarrhea,Nausea,Fatigue,Unknown
Low Blood Pressure,Chest Pain,Sweating,Difficulty Swallowing,Skin Peeling,Dizziness,Chills,Unknown
Loss of Smell,Vomiting,Blurred Vision,Abdominal Pain,Weakness,Muscle Pain,Sweating,Unknown
Diarrhea,Chest Pain,Abdominal Pain,Headache,Sweating,Skin Redness,Sore Throat,Migraine
Chest Pain,Vomiting,Loss of Taste,Runny Nose,Low Blood Pressure,Cough,Nausea,Unknown
Vomiting,Fever,Difficulty Swallowing,Chest Pain,Rapid Heart Rate,Sore Throat,Diarrhea,Pneumonia
Runny Nose,Ear Pain,Weakness,Blurred Vision,Diarrhea,Low Blood Pressure,High Blood Pressure,Unknown
Skin Peeling,Skin Redness,Difficulty Swallowing,Chest Pain,Fever,Sweating,Confusion,Pneumonia
Skin Redness,Nausea,Ear Pain,Cough,Loss of Smell,Swollen Lymph Nodes,Rapid Heart Rate,Hypotension
Muscle Pain,Dizziness,Chest Pain,Headache,Chills,Sore Throat,High Blood Pressure,Unknown
Rash,Rapid Heart Rate,Loss of Smell,Fever,Blurred Vision,Skin Peeling,Vomiting,Hypotension
Rapid Heart Rate,Skin Peeling,Fatigue,Loss of Smell,Blurred Vision,Low Blood Pressure,Confusion,Typhoid
Blurred Vision,Diarrhea,Difficulty Swallowing,Weakness,Skin Redness,Low Blood Pressure,Rash,Unknown
Headache,Swollen Lymph Nodes,Chest Pain,Blurred Vision,Loss of Appetite,Runny Nose,High Blood Pressure,Dengue
Sore Throat,Fever,Headache,Low Blood Pressure,Cough,Rash,Blurred Vision,Malaria
Skin Peeling,Loss of Appetite,Loss of Smell,Sore Throat,Abdominal Pain,Vomiting,Runny Nose,Typhoid
Skin Peeling,Sweating,Muscle Pain,Joint Pain,Weakness,Nausea,Blurred Vision,Unknown
Abdominal Pain,Rash,Confusion,Nausea,High Blood Pressure,Blurred Vision,Headache,Unknown
Sore Throat,Chills,Headache,Skin Redness,Dizziness,Abdominal Pain,Fever,Malaria
Diarrhea,Loss of Appetite,Ear Pain,Loss of Taste,Nausea,Loss of Smell,Headache,Migraine
Fatigue,Abdominal Pain,Low Blood Pressure,Sweating,Rapid Heart Rate,Loss of Taste,Rash,Hypotension
Joint Pain,Rapid Heart Rate,Loss of Taste,Nausea,High Blood Pressure,Blurred Vision,Abdominal Pain,Unknown
Fever,Skin Peeling,Confusion,Loss of Smell,Loss of Appetite,High Blood Pressure,Low Blood Pressure,Ear Infection
Loss of Smell,Dizziness,Chills,Joint Pain,Weakness,Difficulty Swallowing,Confusion,Migraine
Fever,High Blood Pressure,Muscle Pain,Confusion,Fatigue,Ear Pain,Sweating,Scarlet Fever
Difficulty Swallowing,Nausea,Joint Pain,Cough,Muscle Pain,Fever,Rapid Heart Rate,Dengue
Cough,Headache,Vomiting,High Blood Pressure,Skin Peeling,Shortness of Breath,Chest Pain,Scarlet Fever
Low Blood Pressure,Shortness of Breath,Vomiting,Loss of Smell,Skin Redness,Headache,Difficulty Swallowing,Strep Throat
Muscle Pain,Sore Throat,Dizziness,Diarrhea,Low Blood Pressure,High Blood Pressure,Rapid Heart Rate,Unknown
Blurred Vision,Abdominal Pain,Swollen Lymph Nodes,High Blood Pressure,Rash,Low Blood Pressure,Sweating,Unknown
Loss of Appetite,Diarrhea,Dizziness,Abdominal Pain,Ear Pain,Sore Throat,Loss of Smell,Hypertension
Shortness of Breath,Rash,Weakness,Ear Pain,Swollen Lymph Nodes,Headache,Fatigue,Unknown
Blurred Vision,Loss of Smell,Chest Pain,Difficulty Swallowing,Ear Pain,Joint Pain,Dizziness,Unknown
Nausea,Swollen Lymph Nodes,Confusion,Dizziness,Blurred Vision,Difficulty Swallowing,Low Blood Pressure,Food Poisoning
Weakness,Shortness of Breath,Ear Pain,Skin Peeling,Chest Pain,Rapid Heart Rate,Low Blood Pressure,Pneumonia
Skin Redness,Joint Pain,Muscle Pain,Nausea,Ear Pain,Loss of Appetite,Sweating,Ear Infection
Shortness of Breath,Fever,Sore Throat,Runny Nose,Sweating,Headache,Joint Pain,Unknown
Diarrhea,Runny Nose,Vomiting,High Blood Pressure,Skin Peeling,Sore Throat,Sweating,Food Poisoning
Shortness of Breath,Chest Pain,Diarrhea,Muscle Pain,Sweating,Weakness,Loss of Appetite,Pneumonia
Diarrhea,Chills,Sore Throat,Nausea,Loss of Appetite,Confusion,Low Blood Pressure,Scarlet Fever
Weakness,Rash,Nausea,Muscle Pain,Dizziness,Swollen Lymph Nodes,Loss of Smell,Migraine
Chills,Low Blood Pressure,Weakness,Blurred Vision,Rapid Heart Rate,Chest Pain,Swollen Lymph Nodes,Migraine
Shortness of Breath,Dizziness,Sore Throat,Headache,Low Blood Pressure,Chills,Sweating,Malaria
Fever,Muscle Pain,Sweating,Cough,Loss of Smell,Joint Pain,Confusion,Unknown
Loss of Appetite,Confusion,Diarrhea,Rapid Heart Rate,Fatigue,Skin Redness,High Blood Pressure,Unknown
Sore Throat,Loss of Appetite,Low Blood Pressure,Skin Peeling,Weakness,Ear Pain,Chest Pain,Typhoid
Loss of Smell,Nausea,Joint Pain,Ear Pain,Sweating,Fever,Loss of Appetite,Food Poisoning
Skin Peeling,High Blood Pressure,Joint Pain,Abdominal Pain,Difficulty Swallowing,Confusion,Skin Redness,Strep Throat
Vomiting,Loss of Appetite,Fatigue,Chest Pain,High Blood Pressure,Rash,Nausea,Flu
Chest Pain,Loss of Taste,Confusion,Chills,Dizziness,Vomiting,Blurred Vision,Migraine
Ear Pain,Rash,Cough,Fever,Loss of Appetite,Nausea,Diarrhea,Strep Throat
Vomiting,Rapid Heart Rate,Rash,Confusion,Chills,Sweating,Swollen Lymph Nodes,Malaria
Shortness of Breath,Diarrhea,Joint Pain,Nausea,Headache,Fever,Vomiting,Strep Throat
Difficulty Swallowing,Abdominal Pain,Chest Pain,Skin Redness,Muscle Pain,Blurred Vision,Swollen Lymph Nodes,Unknown
Skin Peeling,Difficulty Swallowing,Joint Pain,Blurred Vision,Diarrhea,Weakness,Headache,Hypotension
Sore Throat,Skin Peeling,Dizziness,Shortness of Breath,Chest Pain,Rapid Heart Rate,Loss of Appetite,Typhoid
Abdominal Pain,Difficulty Swallowing,Swollen Lymph Nodes,Loss of Smell,Sore Throat,Cough,Headache,Typhoid
Low Blood Pressure,Abdominal Pain,Diarrhea,Skin Redness,Difficulty Swallowing,Loss of Appetite,Joint Pain,Strep Throat
Rash,Skin Redness,Runny Nose,Loss of Smell,Headache,Chills,Cough,Pneumonia
Fever,Sweating,Skin Peeling,Dizziness,Loss of Appetite,Weakness,Diarrhea,Unknown
Chills,Loss of Appetite,Fever,Blurred Vision,Abdominal Pain,Swollen Lymph Nodes,High Blood Pressure,Typhoid
Difficulty Swallowing,Sweating,Skin Redness,Dizziness,Joint Pain,Runny Nose,Confusion,Hypertension
Nausea,Fever,Dizziness,Rapid Heart Rate,Low Blood Pressure,Rash,Confusion,Unknown
Vomiting,Rapid Heart Rate,Abdominal Pain,Chills,Weakness,High Blood Pressure,Sore Throat,Flu
Joint Pain,Nausea,Chest Pain,Rapid Heart Rate,Fatigue,Sweating,Weakness,Malaria
Abdominal Pain,Joint Pain,Diarrhea,Vomiting,Fatigue,Confusion,Chills,Cold
Rapid Heart Rate,Low Blood Pressure,Nausea,Cough,Runny Nose,Joint Pain,Shortness of Breath,Unknown
High Blood Pressure,Rash,Dizziness,Abdominal Pain,Ear Pain,Weakness,Loss of Appetite,Unknown
Skin Peeling,Weakness,Abdominal Pain,Rash,Loss of Smell,Fatigue,High Blood Pressure,Flu
Nausea,Ear Pain,Skin Peeling,Headache,High Blood Pressure,Difficulty Swallowing,Dizziness,Scarlet Fever
Rapid Heart Rate,Headache,Weakness,Fever,Difficulty Swallowing,Chest Pain,Fatigue,Pneumonia
Rash,Confusion,Swollen Lymph Nodes,Dizziness,Muscle Pain,Difficulty Swallowing,Blurred Vision,Hypotension
Fever,High Blood Pressure,Runny Nose,Weakness,Skin Peeling,Dizziness,Chills,Typhoid
Shortness of Breath,Nausea,High Blood Pressure,Skin Peeling,Sweating,Rash,Cough,Meningitis
Sore Throat,Loss of Appetite,High Blood Pressure,Weakness,Chills,Loss of Taste,Skin Peeling,Strep Throat
Swollen Lymph Nodes,Headache,Dizziness,Cough,Fatigue,Loss of Taste,Weakness,Cold
Confusion,Muscle Pain,Abdominal Pain,Loss of Taste,Chills,Chest Pain,Swollen Lymph Nodes,Meningitis
Fatigue,Loss of Appetite,Chest Pain,Cough,Joint Pain,Ear Pain,Blurred Vision,Unknown
Cough,Blurred Vision,Rapid Heart Rate,Abdominal Pain,Fatigue,Muscle Pain,Nausea,Hypertension
Fever,Chest Pain,Shortness of Breath,Muscle Pain,Weakness,Nausea,Sore Throat,COVID-19
Skin Redness,Rapid Heart Rate,Weakness,High Blood Pressure,Low Blood Pressure,Headache,Chest Pain,Typhoid
Fever,Muscle Pain,Headache,Nausea,Skin Peeling,Difficulty Swallowing,Loss of Taste,Food Poisoning
Rapid Heart Rate,Fatigue,Runny Nose,Loss of Smell,Headache,Joint Pain,Diarrhea,Dengue
Loss of Taste,Confusion,Blurred Vision,Ear Pain,Loss of Smell,Fever,Sore Throat,Pneumonia
Fatigue,Sweating,Shortness of Breath,Confusion,Dizziness,High Blood Pressure,Skin Peeling,Unknown
Diarrhea,Difficulty Swallowing,Runny Nose,Rash,Headache,Swollen Lymph Nodes,Fatigue,Unknown
Cough,Chills,Diarrhea,High Blood Pressure,Dizziness,Fatigue,Swollen Lymph Nodes,Unknown
Runny Nose,Rapid Heart Rate,Chills,Sweating,Skin Redness,Loss of Appetite,Dizziness,Migraine
Headache,Diarrhea,Fatigue,Blurred Vision,Runny Nose,Loss of Taste,Nausea,Cold
Skin Redness,Fatigue,Abdominal Pain,Sweating,Cough,Loss of Smell,Headache,Dengue
Difficulty Swallowing,Cough,Sore Throat,Weakness,Skin Peeling,Diarrhea,Rapid Heart Rate,Pneumonia
Nausea,Blurred Vision,Shortness of Breath,Skin Peeling,Joint Pain,Ear Pain,Sore Throat,Unknown
Skin Redness,Loss of Taste,Difficulty Swallowing,Dizziness,Diarrhea,Sore Throat,High Blood Pressure,Hypertension
Dizziness,Sweating,High Blood Pressure,Sore Throat,Cough,Confusion,Difficulty Swallowing,Malaria
Cough,High Blood Pressure,Sore Throat,Ear Pain,Low Blood Pressure,Muscle Pain,Fatigue,Pneumonia
Sweating,High Blood Pressure,Skin Peeling,Loss of Appetite,Vomiting,Diarrhea,Sore Throat,Unknown
Dizziness,Runny Nose,High Blood Pressure,Rash,Sore Throat,Nausea,Joint Pain,Hypotension
Difficulty Swallowing,Diarrhea,Muscle Pain,Vomiting,Loss of Appetite,High Blood Pressure,Blurred Vision,COVID-19
Chills,Sore Throat,Chest Pain,Rash,Loss of Appetite,Dizziness,Swollen Lymph Nodes,Flu
Diarrhea,Runny Nose,Ear Pain,High Blood Pressure,Muscle Pain,Headache,Loss of Taste,Migraine
Headache,Fever,High Blood Pressure,Shortness of Breath,Nausea,Abdominal Pain,Fatigue,COVID-19
Dizziness,Confusion,Cough,Weakness,Difficulty Swallowing,Diarrhea,Runny Nose,Pneumonia
Runny Nose,Dizziness,Rash,Shortness of Breath,Skin Peeling,Low Blood Pressure,Chest Pain,Migraine
Diarrhea,Fever,Dizziness,Loss of Smell,Confusion,Abdominal Pain,Chest Pain,Flu
Loss of Appetite,Rapid Heart Rate,Joint Pain,Swollen Lymph Nodes,Loss of Smell,Diarrhea,Nausea,Migraine
Fever,Chills,Joint Pain,Vomiting,Loss of Taste,Headache,Nausea,Malaria
Fever,Loss of Appetite,Runny Nose,Chest Pain,Diarrhea,Skin Redness,Swollen Lymph Nodes,Ear Infection
Diarrhea,Cough,Difficulty Swallowing,Chills,Dizziness,Skin Peeling,Ear Pain,Pneumonia
Loss of Appetite,Skin Redness,Rash,Swollen Lymph Nodes,Loss of Taste,Low Blood Pressure,Cough,Typhoid
Loss of Smell,Diarrhea,Muscle Pain,Nausea,Ear Pain,Chills,Dizziness,COVID-19
Weakness,Dizziness,Muscle Pain,Loss of Appetite,Ear Pain,Skin Redness,Difficulty Swallowing,Unknown
Fatigue,Sweating,Confusion,Dizziness,Fever,Chest Pain,Rapid Heart Rate,Dengue
Rash,Low Blood Pressure,Muscle Pain,Blurred Vision,Loss of Smell,Chills,Loss of Appetite,Unknown
Sore Throat,Shortness of Breath,Confusion,Nausea,Chills,Cough,Chest Pain,Meningitis
Skin Peeling,Confusion,Difficulty Swallowing,Shortness of Breath,Loss of Smell,Diarrhea,Vomiting,Unknown
Loss of Taste,Chest Pain,Cough,Fatigue,Loss of Smell,Dizziness,Abdominal Pain,Migraine
Abdominal Pain,Runny Nose,Shortness of Breath,Ear Pain,Fatigue,High Blood Pressure,Difficulty Swallowing,Food Poisoning
Skin Peeling,Rash,Loss of Taste,Nausea,Skin Redness,Swollen Lymph Nodes,Cough,Pneumonia
Abdominal Pain,Headache,Nausea,Skin Peeling,Confusion,Diarrhea,High Blood Pressure,Unknown
Loss of Appetite,Skin Redness,Cough,Rapid Heart Rate,Muscle Pain,Headache,Chest Pain,Typhoid
Loss of Taste,Difficulty Swallowing,Runny Nose,Joint Pain,Muscle Pain,Swollen Lymph Nodes,Nausea,Meningitis
Headache,Cough,Skin Redness,Swollen Lymph Nodes,Confusion,Loss of Appetite,Chills,Typhoid
Weakness,Headache,Loss of Smell,Difficulty Swallowing,Dizziness,Diarrhea,Low Blood Pressure,Hypertension
Blurred Vision,Diarrhea,Sweating,Cough,Confusion,Chest Pain,Loss of Smell,Cold
Loss of Appetite,Vomiting,Ear Pain,Joint Pain,Skin Redness,Chills,Skin Peeling,Unknown
Chills,Ear Pain,Diarrhea,Cough,Loss of Smell,Muscle Pain,Skin Peeling,Unknown
Dizziness,Difficulty Swallowing,Runny Nose,Blurred Vision,Ear Pain,Vomiting,Abdominal Pain,Hypotension
Chest Pain,Swollen Lymph Nodes,Abdominal Pain,Loss of Smell,Skin Redness,Sweating,Confusion,Unknown
High Blood Pressure,Skin Peeling,Loss of Appetite,Sweating,Rash,Rapid Heart Rate,Low Blood Pressure,Unknown
Blurred Vision,Loss of Appetite,Loss of Taste,Loss of Smell,Skin Peeling,Dizziness,Joint Pain,Unknown
Chills,Difficulty Swallowing,Loss of Smell,Confusion,Fatigue,Shortness of Breath,Cough,Strep Throat
Diarrhea,Nausea,Sore Throat,Loss of Taste,Low Blood Pressure,Shortness of Breath,Chills,Unknown
Blurred Vision,Muscle Pain,Confusion,Abdominal Pain,Cough,Loss of Appetite,Shortness of Breath,Dengue
Skin Peeling,Fatigue,Blurred Vision,Cough,Diarrhea,Sweating,Chest Pain,Hypertension
Muscle Pain,Confusion,Difficulty Swallowing,Diarrhea,Blurred Vision,Low Blood Pressure,Joint Pain,Unknown
Abdominal Pain,Sweating,Loss of Smell,Cough,Nausea,Runny Nose,Swollen Lymph Nodes,COVID-19
Shortness of Breath,Headache,Nausea,Rapid Heart Rate,Chills,Runny Nose,Weakness,Typhoid
Diarrhea,Nausea,Blurred Vision,Loss of Appetite,Chest Pain,Sweating,Chills,Migraine
Ear Pain,Sore Throat,Rapid Heart Rate,Sweating,Loss of Smell,Joint Pain,Loss of Appetite,COVID-19
Rapid Heart Rate,Headache,Confusion,Loss of Smell,Joint Pain,Loss of Appetite,Abdominal Pain,Typhoid
Weakness,Sore Throat,Ear Pain,Chest Pain,Abdominal Pain,Dizziness,Cough,Unknown
Abdominal Pain,High Blood Pressure,Fatigue,Diarrhea,Nausea,Vomiting,Skin Redness,Unknown
Rapid Heart Rate,Runny Nose,High Blood Pressure,Abdominal Pain,Cough,Nausea,Loss of Appetite,Unknown
Diarrhea,Swollen Lymph Nodes,Headache,Chills,Low Blood Pressure,Loss of Taste,Blurred Vision,Unknown
Chest Pain,Sore Throat,Abdominal Pain,Shortness of Breath,Confusion,Headache,Chills,Pneumonia
Runny Nose,Rapid Heart Rate,Loss of Appetite,Blurred Vision,Low Blood Pressure,Diarrhea,Chest Pain,Food Poisoning
Confusion,Blurred Vision,Weakness,Skin Redness,Swollen Lymph Nodes,Loss of Taste,Joint Pain,Meningitis
Fever,Chest Pain,Shortness of Breath,Runny Nose,Rapid Heart Rate,Muscle Pain,Skin Redness,Meningitis
High Blood Pressure,Skin Peeling,Low Blood Pressure,Cough,Loss of Taste,Shortness of Breath,Loss of Smell,Cold
Loss of Smell,Vomiting,Runny Nose,Diarrhea,High Blood Pressure,Abdominal Pain,Loss of Appetite,Unknown
Difficulty Swallowing,Diarrhea,Fever,Skin Redness,Cough,Rash,Blurred Vision,Meningitis
Rapid Heart Rate,Diarrhea,Fever,Joint Pain,Loss of Taste,Vomiting,Runny Nose,Malaria
Rash,Joint Pain,Cough,Shortness of Breath,Ear Pain,Confusion,Blurred Vision,Unknown
Loss of Appetite,Shortness of Breath,Dizziness,Chills,Muscle Pain,Joint Pain,High Blood Pressure,Migraine
Difficulty Swallowing,Skin Peeling,Sweating,Blurred Vision,Loss of Taste,Ear Pain,Loss of Smell,Unknown
Abdominal Pain,Ear Pain,Cough,Difficulty Swallowing,Loss of Appetite,Dizziness,Swollen Lymph Nodes,COVID-19
Headache,Fatigue,Blurred Vision,Chest Pain,Swollen Lymph Nodes,High Blood Pressure,Joint Pain,Migraine
Abdominal Pain,Fatigue,Ear Pain,Sore Throat,Shortness of Breath,Low Blood Pressure,Loss of Appetite,Cold
Vomiting,Loss of Taste,Cough,Dizziness,Loss of Appetite,Chest Pain,Headache,Flu
Muscle Pain,Runny Nose,Fatigue,Dizziness,Fever,Ear Pain,Skin Peeling,Cold
Loss of Taste,Nausea,Difficulty Swallowing,Swollen Lymph Nodes,Sore Throat,Joint Pain,Chills,Unknown
Swollen Lymph Nodes,Chest Pain,Loss of Taste,Skin Peeling,Blurred Vision,Shortness of Breath,Fever,Unknown
Muscle Pain,Nausea,Chills,Rapid Heart Rate,Joint Pain,Chest Pain,Rash,Unknown
Fatigue,Swollen Lymph Nodes,Abdominal Pain,Confusion,Joint Pain,Muscle Pain,Vomiting,Unknown
Loss of Taste,Runny Nose,Vomiting,Weakness,Difficulty Swallowing,Blurred Vision,Sweating,Unknown
Loss of Appetite,Diarrhea,Sore Throat,Weakness,Confusion,Low Blood Pressure,Vomiting,Unknown
Swollen Lymph Nodes,Vomiting,Muscle Pain,Rapid Heart Rate,Sore Throat,Ear Pain,Abdominal Pain,Unknown
Confusion,Rash,Skin Peeling,Diarrhea,Loss of Smell,Loss of Taste,Abdominal Pain,Dengue
High Blood Pressure,Blurred Vision,Dizziness,Confusion,Rapid Heart Rate,Loss of Appetite,Nausea,Hypertension
Sore Throat,Muscle Pain,Fatigue,Chills,Difficulty Swallowing,Swollen Lymph Nodes,Cough,COVID-19
Confusion,Rapid Heart Rate,Low Blood Pressure,Dizziness,Rash,Sweating,Skin Redness,Unknown
Loss of Smell,Sweating,Diarrhea,Joint Pain,Sore Throat,Chills,Vomiting,Flu
Diarrhea,Sweating,Loss of Smell,High Blood Pressure,Chills,Sore Throat,Skin Peeling,COVID-19
Loss of Appetite,Difficulty Swallowing,Swollen Lymph Nodes,Loss of Smell,Diarrhea,Skin Redness,Weakness,Unknown
High Blood Pressure,Weakness,Sweating,Confusion,Ear Pain,Fatigue,Vomiting,Malaria
Blurred Vision,Rapid Heart Rate,Loss of Smell,Chest Pain,Fatigue,Nausea,Ear Pain,Unknown
Fever,Diarrhea,Low Blood Pressure,High Blood Pressure,Difficulty Swallowing,Joint Pain,Sore Throat,Flu
Blurred Vision,Joint Pain,Chills,Headache,Swollen Lymph Nodes,Shortness of Breath,Skin Peeling,Unknown
Skin Peeling,Nausea,Headache,Chills,Fever,Ear Pain,Skin Redness,Malaria
Rash,Fever,Joint Pain,Vomiting,Dizziness,Shortness of Breath,Headache,Meningitis
Skin Redness,Sore Throat,Difficulty Swallowing,Blurred Vision,Swollen Lymph Nodes,Ear Pain,Vomiting,Unknown
Loss of Appetite,Confusion,Runny Nose,Vomiting,High Blood Pressure,Shortness of Breath,Rapid Heart Rate,COVID-19
Weakness,Runny Nose,Skin Redness,Diarrhea,Nausea,Shortness of Breath,Fatigue,Scarlet Fever
Loss of Smell,Ear Pain,Muscle Pain,Chest Pain,Blurred Vision,Dizziness,Fatigue,COVID-19
Joint Pain,Sore Throat,Nausea,Chills,Runny Nose,Swollen Lymph Nodes,Cough,Migraine
Dizziness,Rapid Heart Rate,Chest Pain,Blurred Vision,Runny Nose,Sweating,Loss of Appetite,COVID-19
Loss of Smell,Diarrhea,Sweating,Muscle Pain,Ear Pain,Blurred Vision,High Blood Pressure,Unknown
Swollen Lymph Nodes,Sore Throat,Dizziness,Abdominal Pain,Difficulty Swallowing,Low Blood Pressure,Joint Pain,Ear Infection
Loss of Taste,Fatigue,Diarrhea,Abdominal Pain,Joint Pain,Nausea,Runny Nose,Unknown
Nausea,Loss of Smell,Low Blood Pressure,Runny Nose,Vomiting,Chills,Loss of Taste,Hypotension
Rash,Abdominal Pain,Diarrhea,Chills,Loss of Appetite,Sore Throat,Fatigue,Cold
Ear Pain,Chills,Confusion,Nausea,Muscle Pain,Skin Redness,Blurred Vision,Unknown
Low Blood Pressure,Abdominal Pain,Chest Pain,Difficulty Swallowing,Chills,Loss of Taste,Loss of Appetite,Strep Throat
Weakness,Nausea,Chest Pain,Skin Peeling,Dizziness,Blurred Vision,Confusion,Hypertension
Skin Redness,Low Blood Pressure,Headache,Loss of Appetite,Swollen Lymph Nodes,Joint Pain,Rapid Heart Rate,Meningitis
Headache,Cough,Weakness,Rapid Heart Rate,Nausea,Vomiting,Abdominal Pain,Pneumonia
High Blood Pressure,Confusion,Blurred Vision,Swollen Lymph Nodes,Sore Throat,Skin Redness,Difficulty Swallowing,Unknown
Fever,Runny Nose,High Blood Pressure,Dizziness,Weakness,Joint Pain,Difficulty Swallowing,Hypotension
Blurred Vision,Loss of Smell,Skin Redness,Muscle Pain,Joint Pain,Skin Peeling,Difficulty Swallowing,Strep Throat
Chest Pain,Rash,Fatigue,Chills,Joint Pain,Skin Redness,Nausea,Unknown
Low Blood Pressure,Loss of Appetite,Rapid Heart Rate,Loss of Smell,Rash,Runny Nose,Vomiting,Unknown
Rapid Heart Rate,Headache,Loss of Appetite,Joint Pain,Cough,Chest Pain,Swollen Lymph Nodes,Unknown
Joint Pain,Sore Throat,Shortness of Breath,Chest Pain,High Blood Pressure,Fever,Fatigue,Malaria
Fever,Cough,Fatigue,Rapid Heart Rate,Chills,Difficulty Swallowing,Nausea,Hypertension
Chills,Difficulty Swallowing,Sweating,Ear Pain,Loss of Smell,Low Blood Pressure,Fever,Strep Throat
Chest Pain,Shortness of Breath,Runny Nose,Rapid Heart Rate,Loss of Taste,Cough,Loss of Smell,Unknown
Chills,Muscle Pain,Fatigue,Chest Pain,Sweating,Confusion,Skin Redness,Hypertension
Headache,Loss of Smell,Sore Throat,Abdominal Pain,Rash,Rapid Heart Rate,Cough,Migraine
High Blood Pressure,Rash,Vomiting,Confusion,Dizziness,Difficulty Swallowing,Nausea,Dengue
Loss of Smell,Ear Pain,Rash,Skin Redness,Weakness,Shortness of Breath,Rapid Heart Rate,Unknown
Runny Nose,Loss of Smell,Loss of Taste,Blurred Vision,Difficulty Swallowing,Chills,Abdominal Pain,Unknown
Joint Pain,High Blood Pressure,Runny Nose,Rash,Rapid Heart Rate,Diarrhea,Headache,Hypertension
Fatigue,Confusion,Diarrhea,Abdominal Pain,Joint Pain,Shortness of Breath,Fever,Unknown
Sweating,Nausea,Headache,Chest Pain,Difficulty Swallowing,Muscle Pain,Dizziness,Strep Throat
Shortness of Breath,Dizziness,Headache,Blurred Vision,Chest Pain,Ear Pain,Sore Throat,Unknown
Skin Redness,Swollen Lymph Nodes,Skin Peeling,Loss of Taste,High Blood Pressure,Headache,Chest Pain,Migraine
Shortness of Breath,Sweating,Swollen Lymph Nodes,Loss of Appetite,Rash,Loss of Taste,Difficulty Swallowing,Unknown
Chills,Low Blood Pressure,Cough,Vomiting,Rapid Heart Rate,High Blood Pressure,Loss of Smell,Unknown
Sweating,Chills,Chest Pain,Swollen Lymph Nodes,Cough,Fatigue,Dizziness,Cold
Fever,Joint Pain,Ear Pain,Difficulty Swallowing,Loss of Taste,Diarrhea,Headache,Typhoid
Low Blood Pressure,Weakness,Diarrhea,Nausea,Headache,Ear Pain,Confusion,Dengue
Loss of Appetite,Runny Nose,Skin Peeling,Blurred Vision,Loss of Taste,Shortness of Breath,Ear Pain,Scarlet Fever
Sore Throat,Vomiting,Skin Peeling,Swollen Lymph Nodes,High Blood Pressure,Joint Pain,Dizziness,Unknown
Abdominal Pain,Swollen Lymph Nodes,Rash,Chest Pain,Skin Redness,High Blood Pressure,Muscle Pain,Hypertension
Runny Nose,Rash,High Blood Pressure,Joint Pain,Swollen Lymph Nodes,Skin Peeling,Loss of Taste,Unknown
Rapid Heart Rate,Muscle Pain,Swollen Lymph Nodes,Loss of Smell,Sore Throat,Abdominal Pain,Difficulty Swallowing,Unknown
Sweating,Cough,Runny Nose,Fatigue,Confusion,Loss of Appetite,Loss of Smell,Pneumonia
Rash,Chills,High Blood Pressure,Muscle Pain,Loss of Smell,Sweating,Skin Redness,Unknown
Nausea,Weakness,Chest Pain,Rapid Heart Rate,Cough,Loss of Appetite,Blurred Vision,Food Poisoning
Loss of Appetite,Blurred Vision,Loss of Smell,Skin Peeling,Weakness,Chest Pain,Fatigue,Unknown
Fatigue,Low Blood Pressure,Muscle Pain,Cough,Loss of Smell,Shortness of Breath,Abdominal Pain,Flu
Muscle Pain,Nausea,Joint Pain,Difficulty Swallowing,Sweating,Sore Throat,Skin Redness,Unknown
Rapid Heart Rate,Loss of Appetite,Difficulty Swallowing,Muscle Pain,Blurred Vision,Nausea,Headache,Malaria
Chest Pain,Muscle Pain,Swollen Lymph Nodes,Joint Pain,Blurred Vision,Skin Redness,Fatigue,Typhoid
Cough,Loss of Taste,Rash,Chest Pain,Fever,Shortness of Breath,Diarrhea,Unknown
Rash,Fatigue,Vomiting,Loss of Appetite,Cough,Swollen Lymph Nodes,Joint Pain,Typhoid
Fatigue,Weakness,High Blood Pressure,Rapid Heart Rate,Fever,Confusion,Cough,Hypotension
Sweating,Abdominal Pain,Loss of Appetite,Difficulty Swallowing,Vomiting,Fever,Runny Nose,Pneumonia
Loss of Smell,Shortness of Breath,Diarrhea,Fatigue,Rapid Heart Rate,Chills,Sore Throat,Scarlet Fever
Rash,Weakness,Vomiting,Abdominal Pain,Muscle Pain,Diarrhea,Runny Nose,Unknown
Low Blood Pressure,Joint Pain,Headache,Rapid Heart Rate,High Blood Pressure,Muscle Pain,Dizziness,Flu
Blurred Vision,Fatigue,Skin Redness,High Blood Pressure,Weakness,Ear Pain,Sweating,Migraine
Loss of Appetite,Headache,Dizziness,Muscle Pain,Rapid Heart Rate,Chills,Rash,Ear Infection
Swollen Lymph Nodes,Abdominal Pain,Loss of Smell,Ear Pain,Difficulty Swallowing,Nausea,Rapid Heart Rate,Hypotension
Chest Pain,Swollen Lymph Nodes,Headache,Rapid Heart Rate,Sore Throat,Fever,Rash,Cold
Loss of Taste,Vomiting,Weakness,Skin Peeling,Sweating,Loss of Appetite,Blurred Vision,Migraine
Skin Redness,High Blood Pressure,Swollen Lymph Nodes,Skin Peeling,Loss of Appetite,Muscle Pain,Cough,Flu
Blurred Vision,Runny Nose,Dizziness,Ear Pain,Chest Pain,Difficulty Swallowing,Loss of Taste,Strep Throat
Fatigue,Swollen Lymph Nodes,Sweating,Rash,Difficulty Swallowing,Runny Nose,Confusion,Dengue
Chest Pain,Vomiting,Diarrhea,Sweating,Ear Pain,Loss of Appetite,Rapid Heart Rate,Unknown
Loss of Taste,Sweating,Ear Pain,Loss of Appetite,Chills,Abdominal Pain,Weakness,Hypotension
Fatigue,Nausea,Chills,Diarrhea,Skin Peeling,Weakness,Headache,Scarlet Fever
Confusion,Headache,Swollen Lymph Nodes,Nausea,Vomiting,Abdominal Pain,Chills,Food Poisoning
Blurred Vision,Chills,Low Blood Pressure,Chest Pain,Skin Peeling,Nausea,Confusion,Food Poisoning
Muscle Pain,Skin Redness,Fever,Diarrhea,Headache,Low Blood Pressure,Sweating,Dengue
Sweating,Sore Throat,Confusion,Chest Pain,Rapid Heart Rate,Weakness,Joint Pain,Unknown
Loss of Taste,Difficulty Swallowing,Nausea,Runny Nose,High Blood Pressure,Headache,Abdominal Pain,Meningitis
Headache,Confusion,Fatigue,Dizziness,Cough,Ear Pain,Diarrhea,Food Poisoning
Skin Peeling,Chest Pain,Shortness of Breath,Swollen Lymph Nodes,Muscle Pain,Sore Throat,Sweating,Cold
Ear Pain,Loss of Appetite,Confusion,Weakness,Fatigue,Skin Peeling,Sore Throat,Food Poisoning
Loss of Appetite,Sore Throat,Difficulty Swallowing,Sweating,High Blood Pressure,Swollen Lymph Nodes,Skin Peeling,Unknown
Sore Throat,Muscle Pain,Abdominal Pain,Skin Peeling,Chills,Weakness,Runny Nose,Malaria
Fatigue,Cough,Sweating,Chills,Skin Peeling,Shortness of Breath,Chest Pain,Typhoid
Weakness,Sweating,Joint Pain,Vomiting,Swollen Lymph Nodes,Chest Pain,Loss of Smell,Unknown
Shortness of Breath,Chest Pain,Skin Redness,Abdominal Pain,Nausea,Muscle Pain,Weakness,Unknown
Skin Redness,Loss of Appetite,Confusion,Swollen Lymph Nodes,Joint Pain,Chest Pain,Nausea,Unknown
Fever,Chest Pain,Difficulty Swallowing,Joint Pain,Vomiting,Rapid Heart Rate,Ear Pain,Meningitis
Sore Throat,Weakness,Muscle Pain,Chills,Chest Pain,Shortness of Breath,Runny Nose,COVID-19
Rash,Chills,Rapid Heart Rate,Sore Throat,Muscle Pain,Loss of Taste,Loss of Appetite,Unknown
Low Blood Pressure,Nausea,Sore Throat,Difficulty Swallowing,Rapid Heart Rate,Shortness of Breath,Dizziness,Food Poisoning
Loss of Taste,Joint Pain,Runny Nose,Fever,Loss of Smell,Sweating,Dizziness,Typhoid
Loss of Appetite,Abdominal Pain,Low Blood Pressure,Dizziness,Muscle Pain,Chest Pain,High Blood Pressure,Unknown
Fatigue,Abdominal Pain,Chills,Vomiting,Rash,Skin Redness,Blurred Vision,Unknown
Sore Throat,Low Blood Pressure,Rash,Fever,Ear Pain,Runny Nose,Diarrhea,Unknown
Rapid Heart Rate,Dizziness,Weakness,Abdominal Pain,Joint Pain,Vomiting,Skin Redness,Food Poisoning
Difficulty Swallowing,Skin Redness,Diarrhea,Muscle Pain,Cough,Ear Pain,Chills,Unknown
Skin Redness,Fatigue,Dizziness,Loss of Appetite,Nausea,Blurred Vision,Confusion,Meningitis
Abdominal Pain,Sore Throat,Fatigue,Diarrhea,Fever,Blurred Vision,Difficulty Swallowing,Scarlet Fever
Fever,Nausea,Dizziness,Blurred Vision,Cough,Runny Nose,Diarrhea,Strep Throat
Sore Throat,Low Blood Pressure,Fatigue,Shortness of Breath,Abdominal Pain,Cough,Fever,Dengue
Chest Pain,Vomiting,Sore Throat,Shortness of Breath,Weakness,Sweating,Rash,COVID-19
Swollen Lymph Nodes,Fatigue,Confusion,Dizziness,Muscle Pain,Nausea,Weakness,Unknown
Cough,Rapid Heart Rate,High Blood Pressure,Rash,Shortness of Breath,Fever,Weakness,Flu
Chest Pain,Headache,Chills,Skin Peeling,Nausea,Blurred Vision,Abdominal Pain,Unknown
Loss of Taste,Ear Pain,Weakness,Abdominal Pain,Difficulty Swallowing,Loss of Smell,Dizziness,Ear Infection
Vomiting,Fever,Abdominal Pain,Headache,Muscle Pain,Diarrhea,Skin Peeling,Migraine
Skin Redness,Blurred Vision,Rash,Difficulty Swallowing,Weakness,Rapid Heart Rate,Ear Pain,Strep Throat
Abdominal Pain,Ear Pain,Sweating,Chills,Rapid Heart Rate,High Blood Pressure,Low Blood Pressure,Unknown
Low Blood Pressure,Headache,Nausea,Chills,Sore Throat,High Blood Pressure,Rash,Food Poisoning
Loss of Smell,Joint Pain,Low Blood Pressure,Loss of Taste,Difficulty Swallowing,Swollen Lymph Nodes,Abdominal Pain,Unknown
Joint Pain,Skin Peeling,Cough,Ear Pain,Weakness,Headache,Fever,Scarlet Fever
Ear Pain,Runny Nose,Muscle Pain,Sore Throat,Rash,Fatigue,Loss of Taste,COVID-19
Chest Pain,Difficulty Swallowing,Ear Pain,Dizziness,Abdominal Pain,Skin Redness,Loss of Smell,Unknown
Swollen Lymph Nodes,Weakness,Rapid Heart Rate,Nausea,Fatigue,Confusion,Shortness of Breath,Malaria
Diarrhea,Ear Pain,Headache,Sore Throat,Dizziness,Swollen Lymph Nodes,Skin Peeling,Strep Throat
Chest Pain,Vomiting,Low Blood Pressure,Fever,Abdominal Pain,High Blood Pressure,Skin Redness,Dengue
Rapid Heart Rate,Joint Pain,Loss of Appetite,Skin Peeling,Chest Pain,Vomiting,Swollen Lymph Nodes,Unknown
Diarrhea,Skin Peeling,Sore Throat,Nausea,Loss of Taste,Confusion,Sweating,Unknown
Difficulty Swallowing,Skin Peeling,Fever,High Blood Pressure,Sweating,Muscle Pain,Weakness,Unknown
Weakness,Fever,Runny Nose,Joint Pain,Skin Peeling,Loss of Smell,High Blood Pressure,Pneumonia
Joint Pain,Rash,Muscle Pain,Diarrhea,Fatigue,Cough,Swollen Lymph Nodes,Food Poisoning
Chills,Shortness of Breath,Dizziness,Low Blood Pressure,Loss of Smell,Chest Pain,Rash,Unknown
Chills,Sore Throat,Headache,Loss of Appetite,Loss of Smell,Runny Nose,Dizziness,Ear Infection
Shortness of Breath,Loss of Smell,Low Blood Pressure,Loss of Appetite,Swollen Lymph Nodes,Chest Pain,High Blood Pressure,Unknown
Ear Pain,Rapid Heart Rate,Nausea,Loss of Taste,Sore Throat,Swollen Lymph Nodes,Skin Peeling,Strep Throat
High Blood Pressure,Diarrhea,Rash,Blurred Vision,Low Blood Pressure,Sore Throat,Fever,Scarlet Fever
Blurred Vision,Vomiting,Swollen Lymph Nodes,Diarrhea,Ear Pain,Fatigue,Headache,Ear Infection
Diarrhea,Vomiting,Sore Throat,Rapid Heart Rate,Rash,Chest Pain,Ear Pain,Unknown
Swollen Lymph Nodes,Headache,Blurred Vision,Sweating,Confusion,Nausea,Fatigue,Cold
Chills,Chest Pain,Runny Nose,Nausea,Muscle Pain,Loss of Taste,Skin Peeling,Dengue
Chills,Muscle Pain,Loss of Smell,Difficulty Swallowing,Sore Throat,Weakness,Headache,COVID-19
High Blood Pressure,Cough,Rapid Heart Rate,Skin Peeling,Runny Nose,Fatigue,Rash,Typhoid
Sore Throat,Vomiting,Chest Pain,Dizziness,Sweating,Difficulty Swallowing,Loss of Smell,COVID-19
Nausea,Rash,Blurred Vision,High Blood Pressure,Shortness of Breath,Fatigue,Skin Peeling,Flu
Sweating,Fever,Shortness of Breath,Rapid Heart Rate,Ear Pain,Weakness,Cough,Dengue
Cough,Chills,Sore Throat,Difficulty Swallowing,Loss of Appetite,Low Blood Pressure,Weakness,Unknown
Chills,Loss of Smell,Nausea,Diarrhea,Ear Pain,High Blood Pressure,Confusion,Unknown
Nausea,Skin Redness,Abdominal Pain,Swollen Lymph Nodes,Blurred Vision,Difficulty Swallowing,Fever,Unknown
Diarrhea,Cough,Headache,Rash,Confusion,Loss of Appetite,Sweating,COVID-19
Skin Peeling,Loss of Smell,Sweating,Chills,Nausea,Difficulty Swallowing,High Blood Pressure,Strep Throat
Difficulty Swallowing,Dizziness,Blurred Vision,Abdominal Pain,Swollen Lymph Nodes,Ear Pain,Chest Pain,Unknown
Blurred Vision,Swollen Lymph Nodes,High Blood Pressure,Rash,Joint Pain,Loss of Smell,Skin Redness,Unknown
Loss of Taste,Vomiting,Joint Pain,Difficulty Swallowing,Ear Pain,Low Blood Pressure,Sore Throat,Dengue
Weakness,Skin Peeling,Loss of Appetite,Abdominal Pain,Shortness of Breath,Sore Throat,Cough,Strep Throat
Nausea,Difficulty Swallowing,Runny Nose,Blurred Vision,Vomiting,High Blood Pressure,Fever,Malaria
Sore Throat,Headache,Rash,Confusion,Runny Nose,Dizziness,Loss of Appetite,Hypertension
Loss of Taste,Fever,Runny Nose,Swollen Lymph Nodes,Muscle Pain,Headache,Difficulty Swallowing,Ear Infection
Abdominal Pain,Muscle Pain,Rapid Heart Rate,Skin Peeling,Sweating,Headache,Runny Nose,Cold
Muscle Pain,Rapid Heart Rate,Loss of Appetite,Confusion,Sore Throat,Dizziness,Shortness of Breath,COVID-19
Sweating,Nausea,Ear Pain,Chest Pain,Sore Throat,Rash,Low Blood Pressure,Dengue
Chills,Loss of Taste,Dizziness,Headache,Chest Pain,Blurred Vision,Skin Redness,Hypotension
Loss of Smell,Runny Nose,Loss of Appetite,Shortness of Breath,Skin Redness,Sweating,Abdominal Pain,Unknown
Joint Pain,Weakness,Loss of Smell,High Blood Pressure,Difficulty Swallowing,Fever,Nausea,Food Poisoning
Rash,Loss of Taste,Abdominal Pain,Runny Nose,Vomiting,Cough,Rapid Heart Rate,Unknown
Chest Pain,Low Blood Pressure,Runny Nose,Fatigue,Sore Throat,Difficulty Swallowing,Diarrhea,Ear Infection
Dizziness,Skin Peeling,Joint Pain,Abdominal Pain,Fever,Sweating,Loss of Taste,Food Poisoning
Cough,Swollen Lymph Nodes,Fatigue,Sweating,Chills,Rapid Heart Rate,Confusion,Typhoid
Ear Pain,Loss of Appetite,Runny Nose,Headache,Fatigue,Muscle Pain,Fever,Scarlet Fever
Muscle Pain,Loss of Appetite,Weakness,Nausea,Confusion,Sweating,Difficulty Swallowing,Meningitis
Confusion,Chills,Swollen Lymph Nodes,Vomiting,Sore Throat,Headache,Loss of Smell,Unknown
Joint Pain,Headache,Swollen Lymph Nodes,Fatigue,High Blood Pressure,Loss of Appetite,Loss of Taste,Food Poisoning
Rapid Heart Rate,Swollen Lymph Nodes,Cough,Chills,Joint Pain,Loss of Taste,Diarrhea,Unknown
Blurred Vision,Difficulty Swallowing,Rapid Heart Rate,Chest Pain,Sore Throat,Loss of Smell,Nausea,Unknown
Blurred Vision,Runny Nose,Joint Pain,Loss of Taste,Weakness,Vomiting,Dizziness,Unknown
Runny Nose,Vomiting,Chills,Difficulty Swallowing,Loss of Smell,Chest Pain,Rash,Unknown
Cough,Low Blood Pressure,Weakness,Swollen Lymph Nodes,Chest Pain,Skin Peeling,Sweating,Malaria
Muscle Pain,Sweating,Vomiting,Difficulty Swallowing,Chest Pain,Loss of Taste,Skin Redness,Ear Infection
Shortness of Breath,Headache,Swollen Lymph Nodes,Chest Pain,Sore Throat,Nausea,Low Blood Pressure,Unknown
Sweating,Fatigue,Swollen Lymph Nodes,Muscle Pain,Rash,Difficulty Swallowing,Blurred Vision,Malaria
Cough,Swollen Lymph Nodes,Joint Pain,Chills,Diarrhea,Runny Nose,Low Blood Pressure,Unknown
Chills,Confusion,Ear Pain,Loss of Appetite,Joint Pain,Sore Throat,Diarrhea,Typhoid
Fever,Blurred Vision,Rash,Cough,Muscle Pain,Loss of Taste,Loss of Smell,Scarlet Fever
Loss of Smell,Rash,Fever,Weakness,Sweating,Loss of Taste,Rapid Heart Rate,Meningitis
Abdominal Pain,Weakness,Rash,Sore Throat,Vomiting,Rapid Heart Rate,Nausea,Scarlet Fever
Low Blood Pressure,Fatigue,Shortness of Breath,Joint Pain,Sweating,Muscle Pain,Skin Peeling,Hypertension
Cough,Vomiting,Headache,Sore Throat,Rash,Skin Peeling,Chest Pain,Pneumonia
Confusion,Blurred Vision,Dizziness,Sweating,Loss of Taste,Vomiting,Fatigue,Flu
Cough,Sore Throat,Rapid Heart Rate,Shortness of Breath,Loss of Appetite,Runny Nose,Fever,COVID-19
Rapid Heart Rate,Fever,Sweating,Vomiting,Low Blood Pressure,Headache,Blurred Vision,Hypotension
Fatigue,Skin Redness,Rapid Heart Rate,Muscle Pain,Ear Pain,High Blood Pressure,Chest Pain,Dengue
Blurred Vision,Difficulty Swallowing,Loss of Smell,Skin Redness,Cough,Confusion,Chest Pain,Migraine
Difficulty Swallowing,Chills,Joint Pain,Sore Throat,Rash,Ear Pain,Nausea,Cold
Difficulty Swallowing,Low Blood Pressure,Diarrhea,Fever,Dizziness,Abdominal Pain,Vomiting,Flu
Muscle Pain,Fatigue,Dizziness,Vomiting,Loss of Smell,Diarrhea,Abdominal Pain,Unknown
Sweating,Fatigue,Skin Peeling,Chest Pain,Blurred Vision,Vomiting,Low Blood Pressure,Unknown
Blurred Vision,Skin Peeling,Shortness of Breath,Ear Pain,Fever,Rash,Vomiting,Dengue
Rapid Heart Rate,Swollen Lymph Nodes,Runny Nose,Rash,Ear Pain,Vomiting,Headache,Food Poisoning
High Blood Pressure,Blurred Vision,Skin Redness,Chills,Difficulty Swallowing,Fever,Cough,Cold
Rash,Loss of Appetite,Vomiting,Ear Pain,Cough,Chest Pain,Fatigue,Unknown
Dizziness,Rash,Loss of Appetite,Diarrhea,Ear Pain,Joint Pain,Confusion,Unknown
Cough,Diarrhea,Muscle Pain,Loss of Smell,Chest Pain,Loss of Appetite,Runny Nose,Typhoid
Muscle Pain,Shortness of Breath,Skin Peeling,Confusion,Low Blood Pressure,Chest Pain,Ear Pain,Unknown
High Blood Pressure,Abdominal Pain,Loss of Taste,Fever,Chest Pain,Weakness,Rash,Dengue
Sore Throat,Loss of Appetite,Abdominal Pain,Nausea,Ear Pain,Cough,Runny Nose,COVID-19
Ear Pain,Difficulty Swallowing,Diarrhea,Confusion,Cough,Loss of Smell,Dizziness,Meningitis
Loss of Appetite,Dizziness,Abdominal Pain,Loss of Smell,Sore Throat,Fatigue,Cough,Unknown
Chest Pain,Blurred Vision,Loss of Appetite,Skin Peeling,Chills,Joint Pain,High Blood Pressure,Unknown
Chills,Runny Nose,Confusion,Sore Throat,Skin Redness,Muscle Pain,Fever,Typhoid
Sore Throat,Ear Pain,Loss of Taste,Cough,Blurred Vision,Loss of Smell,Runny Nose,Unknown
Fatigue,Ear Pain,Confusion,Fever,Loss of Appetite,Sore Throat,Diarrhea,Meningitis
Cough,Low Blood Pressure,Loss of Taste,Dizziness,Headache,Chills,Sweating,Hypertension
Blurred Vision,Runny Nose,Fever,Sweating,Low Blood Pressure,Headache,Joint Pain,Migraine
Abdominal Pain,Shortness of Breath,Sweating,Confusion,Loss of Taste,Weakness,Swollen Lymph Nodes,Unknown
Nausea,Low Blood Pressure,Ear Pain,Sore Throat,Blurred Vision,Headache,Fatigue,Unknown
Rapid Heart Rate,Loss of Appetite,Chills,Sore Throat,Sweating,Chest Pain,Abdominal Pain,Food Poisoning
Nausea,Weakness,Sore Throat,Low Blood Pressure,Loss of Appetite,Diarrhea,Loss of Smell,Migraine
Sore Throat,Vomiting,Cough,Loss of Taste,Headache,Blurred Vision,Swollen Lymph Nodes,COVID-19
Skin Peeling,Chills,Diarrhea,Runny Nose,Fever,Headache,Nausea,Scarlet Fever
Shortness of Breath,Fever,Vomiting,Joint Pain,Dizziness,High Blood Pressure,Ear Pain,COVID-19
Chills,Sore Throat,Joint Pain,Abdominal Pain,Low Blood Pressure,Skin Redness,Cough,Unknown
Rapid Heart Rate,Loss of Taste,Skin Peeling,Nausea,Rash,Blurred Vision,Headache,Migraine
Headache,Chest Pain,Shortness of Breath,Cough,Loss of Appetite,High Blood Pressure,Fever,Flu
Skin Redness,Joint Pain,Loss of Taste,Vomiting,Low Blood Pressure,Fever,High Blood Pressure,Malaria
Runny Nose,Ear Pain,Fatigue,Chest Pain,Skin Redness,Skin Peeling,Sore Throat,Cold
Nausea,Difficulty Swallowing,Cough,Runny Nose,Swollen Lymph Nodes,Sore Throat,Chest Pain,Scarlet Fever
Chills,Rapid Heart Rate,Loss of Appetite,Sore Throat,Joint Pain,Rash,Vomiting,Unknown
Sore Throat,Difficulty Swallowing,Vomiting,Dizziness,High Blood Pressure,Abdominal Pain,Cough,Unknown
Low Blood Pressure,Sweating,Ear Pain,Blurred Vision,Difficulty Swallowing,Abdominal Pain,Rash,Strep Throat
Difficulty Swallowing,Confusion,Rapid Heart Rate,Loss of Taste,Loss of Appetite,Skin Redness,Weakness,Unknown
Difficulty Swallowing,Ear Pain,Fatigue,Vomiting,Confusion,Weakness,Rapid Heart Rate,COVID-19
Skin Peeling,Chills,Fatigue,Chest Pain,Rash,Blurred Vision,Joint Pain,Hypertension
Fever,Ear Pain,Dizziness,Skin Peeling,Low Blood Pressure,High Blood Pressure,Joint Pain,Unknown
Muscle Pain,Loss of Smell,Skin Redness,Weakness,Chills,Ear Pain,Abdominal Pain,Unknown
Joint Pain,Runny Nose,Sweating,Confusion,Muscle Pain,Vomiting,Rash,Malaria
Headache,Skin Redness,Chest Pain,Diarrhea,Abdominal Pain,Vomiting,Ear Pain,Flu
Nausea,Swollen Lymph Nodes,Sore Throat,Chills,Dizziness,Low Blood Pressure,Skin Peeling,Meningitis
Loss of Smell,Swollen Lymph Nodes,Chest Pain,Sore Throat,Difficulty Swallowing,Muscle Pain,Abdominal Pain,Flu
Blurred Vision,Weakness,Runny Nose,Ear Pain,Muscle Pain,Low Blood Pressure,Difficulty Swallowing,Typhoid
Weakness,Runny Nose,Rapid Heart Rate,Low Blood Pressure,Muscle Pain,Sore Throat,Difficulty Swallowing,Ear Infection
Dizziness,Skin Redness,Muscle Pain,Fever,Sore Throat,Low Blood Pressure,Ear Pain,Pneumonia
Swollen Lymph Nodes,Nausea,Confusion,Fever,Muscle Pain,High Blood Pressure,Low Blood Pressure,Pneumonia
Shortness of Breath,Diarrhea,Sweating,Chills,Low Blood Pressure,Nausea,Muscle Pain,Meningitis
Blurred Vision,Weakness,Sweating,Headache,Ear Pain,Rash,Joint Pain,Unknown
Diarrhea,Muscle Pain,Cough,Skin Redness,Loss of Taste,Difficulty Swallowing,Fever,Flu
Ear Pain,Low Blood Pressure,Headache,Blurred Vision,Confusion,Skin Peeling,Diarrhea,Unknown
Low Blood Pressure,Swollen Lymph Nodes,Fatigue,Diarrhea,Chills,Nausea,Blurred Vision,Cold
Blurred Vision,Muscle Pain,Abdominal Pain,Loss of Smell,Fever,Ear Pain,Nausea,Unknown
High Blood Pressure,Fever,Muscle Pain,Weakness,Ear Pain,Skin Redness,Swollen Lymph Nodes,Strep Throat
Fever,Shortness of Breath,Weakness,Swollen Lymph Nodes,Low Blood Pressure,Skin Redness,Skin Peeling,Malaria
Skin Peeling,Chest Pain,Difficulty Swallowing,Blurred Vision,Vomiting,Loss of Taste,Rapid Heart Rate,Unknown
Runny Nose,High Blood Pressure,Joint Pain,Muscle Pain,Abdominal Pain,Diarrhea,Chills,Typhoid
Skin Peeling,Ear Pain,Fatigue,Loss of Smell,Muscle Pain,Shortness of Breath,Blurred Vision,Dengue
Vomiting,Sweating,Skin Peeling,Diarrhea,Sore Throat,Rapid Heart Rate,Rash,Hypotension
Skin Redness,Rapid Heart Rate,Shortness of Breath,Chills,Cough,Rash,Dizziness,Unknown
Loss of Taste,Runny Nose,Chills,Fatigue,Joint Pain,Muscle Pain,Swollen Lymph Nodes,COVID-19
Runny Nose,Ear Pain,Fever,Loss of Taste,Rash,Swollen Lymph Nodes,Diarrhea,Strep Throat
Loss of Smell,Dizziness,Ear Pain,Fatigue,Sore Throat,Sweating,Nausea,Ear Infection
Difficulty Swallowing,Skin Peeling,Swollen Lymph Nodes,Cough,Loss of Smell,Diarrhea,Fatigue,Typhoid
Headache,Dizziness,High Blood Pressure,Cough,Fever,Blurred Vision,Chest Pain,Hypotension
Shortness of Breath,Skin Redness,Diarrhea,Rash,Joint Pain,Sore Throat,Loss of Smell,Cold
Skin Peeling,Cough,Skin Redness,Difficulty Swallowing,Abdominal Pain,Rapid Heart Rate,Dizziness,Strep Throat
Sweating,Chills,Abdominal Pain,Fatigue,Skin Redness,Shortness of Breath,Runny Nose,Unknown
Shortness of Breath,High Blood Pressure,Loss of Appetite,Joint Pain,Blurred Vision,Diarrhea,Sore Throat,Typhoid
Loss of Taste,Joint Pain,Chest Pain,Weakness,Chills,Shortness of Breath,Confusion,Unknown
Rash,Skin Redness,Loss of Smell,Joint Pain,Shortness of Breath,Loss of Appetite,Low Blood Pressure,Unknown
Loss of Appetite,Rash,Difficulty Swallowing,Fever,Chest Pain,Loss of Taste,Rapid Heart Rate,Dengue
Muscle Pain,Skin Redness,Fever,Vomiting,High Blood Pressure,Difficulty Swallowing,Blurred Vision,Migraine
Abdominal Pain,Skin Peeling,Swollen Lymph Nodes,Shortness of Breath,Rash,Runny Nose,Skin Redness,Strep Throat
Shortness of Breath,Loss of Smell,Skin Redness,Dizziness,Nausea,Cough,Sore Throat,Hypertension
Joint Pain,Blurred Vision,Chest Pain,Low Blood Pressure,Difficulty Swallowing,Cough,Skin Redness,Scarlet Fever
Abdominal Pain,Fever,Muscle Pain,Low Blood Pressure,Sore Throat,Ear Pain,Headache,Migraine
Diarrhea,Runny Nose,Difficulty Swallowing,Chills,Headache,Rapid Heart Rate,Confusion,Flu
Shortness of Breath,Confusion,Dizziness,Loss of Appetite,Swollen Lymph Nodes,Headache,Fatigue,Typhoid
Fever,Chills,Vomiting,Chest Pain,Ear Pain,Confusion,High Blood Pressure,Strep Throat
Swollen Lymph Nodes,Weakness,Skin Peeling,Difficulty Swallowing,Fatigue,Runny Nose,Confusion,Unknown
Low Blood Pressure,Loss of Taste,Nausea,Diarrhea,Chest Pain,Headache,Rapid Heart Rate,Ear Infection
Ear Pain,Headache,Loss of Taste,Rapid Heart Rate,Skin Redness,Chest Pain,Dizziness,Migraine
Fatigue,Weakness,Low Blood Pressure,Loss of Taste,Confusion,Skin Redness,Fever,Strep Throat
Dizziness,Weakness,Skin Redness,Ear Pain,Fatigue,Muscle Pain,Abdominal Pain,Migraine
Loss of Appetite,Difficulty Swallowing,Headache,Loss of Smell,Skin Peeling,Rash,Fever,Strep Throat
Fever,Muscle Pain,Headache,Loss of Appetite,Fatigue,Cough,Swollen Lymph Nodes,Ear Infection
Diarrhea,Difficulty Swallowing,Vomiting,High Blood Pressure,Muscle Pain,Rapid Heart Rate,Swollen Lymph Nodes,Unknown
Swollen Lymph Nodes,Headache,Weakness,Loss of Taste,Diarrhea,Skin Redness,Abdominal Pain,Typhoid
Skin Peeling,Weakness,Sore Throat,Chills,Sweating,Fever,Loss of Appetite,Strep Throat
Chills,Ear Pain,Skin Redness,Confusion,Runny Nose,Rash,Weakness,Unknown
Loss of Appetite,Cough,Confusion,Skin Redness,Blurred Vision,Chills,Joint Pain,Pneumonia
Skin Peeling,Rapid Heart Rate,Ear Pain,Sweating,High Blood Pressure,Abdominal Pain,Muscle Pain,Ear Infection
Chills,Loss of Smell,Vomiting,Loss of Appetite,Weakness,Fatigue,Rash,Malaria
Skin Redness,High Blood Pressure,Shortness of Breath,Sweating,Loss of Appetite,Loss of Smell,Weakness,Unknown
Weakness,Swollen Lymph Nodes,Fever,Skin Peeling,Loss of Smell,Runny Nose,Muscle Pain,Dengue
Loss of Taste,Nausea,Weakness,Sweating,Shortness of Breath,High Blood Pressure,Blurred Vision,Hypotension
Runny Nose,Diarrhea,Nausea,Joint Pain,Cough,Muscle Pain,Loss of Appetite,Food Poisoning
Confusion,Swollen Lymph Nodes,Skin Peeling,Fever,Rapid Heart Rate,Loss of Appetite,Fatigue,Unknown
Chills,Shortness of Breath,Loss of Appetite,Blurred Vision,Confusion,Muscle Pain,Vomiting,Unknown
Weakness,Diarrhea,Ear Pain,Muscle Pain,Skin Redness,Skin Peeling,Rapid Heart Rate,Unknown
Diarrhea,Dizziness,Rapid Heart Rate,Swollen Lymph Nodes,Runny Nose,Loss of Taste,Weakness,Unknown
Low Blood Pressure,Chest Pain,Loss of Smell,Confusion,Skin Redness,Rapid Heart Rate,High Blood Pressure,Unknown
Diarrhea,Rapid Heart Rate,Skin Peeling,Difficulty Swallowing,Headache,Shortness of Breath,Cough,Malaria
Abdominal Pain,Fatigue,Loss of Taste,Ear Pain,Nausea,Diarrhea,Headache,Migraine
Chills,Swollen Lymph Nodes,High Blood Pressure,Fatigue,Skin Redness,Sweating,Abdominal Pain,Unknown
Sore Throat,Swollen Lymph Nodes,Dizziness,Fever,Runny Nose,High Blood Pressure,Loss of Smell,Migraine
Chills,Difficulty Swallowing,Low Blood Pressure,Loss of Smell,Rash,Abdominal Pain,Swollen Lymph Nodes,Hypotension
Runny Nose,Low Blood Pressure,Nausea,Abdominal Pain,Vomiting,Cough,Rash,Flu
High Blood Pressure,Chest Pain,Chills,Skin Peeling,Nausea,Low Blood Pressure,Headache,Unknown
Fatigue,Cough,Muscle Pain,Confusion,Chest Pain,Loss of Taste,Sweating,Unknown
Rapid Heart Rate,Rash,Dizziness,Chills,Loss of Appetite,Nausea,Fever,Malaria
High Blood Pressure,Abdominal Pain,Nausea,Loss of Smell,Muscle Pain,Sweating,Swollen Lymph Nodes,Unknown
Loss of Smell,Nausea,Cough,Runny Nose,Weakness,Diarrhea,Loss of Appetite,Unknown
Headache,Chills,Sore Throat,Diarrhea,Shortness of Breath,Cough,Rapid Heart Rate,Food Poisoning
Skin Redness,Cough,Loss of Smell,Ear Pain,Blurred Vision,Abdominal Pain,Loss of Taste,Unknown
Low Blood Pressure,Ear Pain,Diarrhea,Cough,Fever,Chest Pain,Runny Nose,Unknown
Rash,Chest Pain,Loss of Taste,Blurred Vision,Joint Pain,Dizziness,Chills,Unknown
Skin Peeling,Shortness of Breath,Loss of Appetite,Runny Nose,Ear Pain,Rash,Headache,Unknown
Dizziness,Loss of Smell,Diarrhea,Cough,Chills,Loss of Appetite,Joint Pain,Malaria
Ear Pain,Muscle Pain,Weakness,High Blood Pressure,Swollen Lymph Nodes,Loss of Smell,Vomiting,Hypotension
High Blood Pressure,Chest Pain,Runny Nose,Chills,Fever,Ear Pain,Dizziness,Scarlet Fever
Nausea,Joint Pain,Muscle Pain,Fatigue,Cough,Skin Peeling,Blurred Vision,Flu
Skin Redness,Dizziness,Chest Pain,Low Blood Pressure,Weakness,Rash,Blurred Vision,Unknown
Blurred Vision,Nausea,Cough,Chest Pain,Joint Pain,Confusion,Rash,Migraine
Chest Pain,Joint Pain,Muscle Pain,Headache,Low Blood Pressure,Vomiting,Loss of Smell,Pneumonia
Blurred Vision,Fever,Difficulty Swallowing,Joint Pain,Loss of Smell,Diarrhea,Sweating,Unknown
Blurred Vision,Nausea,Rash,Sweating,Abdominal Pain,Ear Pain,Cough,Pneumonia
Shortness of Breath,Chills,Confusion,Loss of Appetite,Cough,Blurred Vision,Loss of Smell,Unknown
Ear Pain,Skin Peeling,Joint Pain,Fever,Loss of Appetite,Skin Redness,Headache,Unknown
Joint Pain,Cough,Runny Nose,High Blood Pressure,Loss of Appetite,Chest Pain,Weakness,Unknown
Headache,Sore Throat,Skin Redness,Loss of Smell,Nausea,Skin Peeling,Dizziness,Migraine
Chest Pain,Dizziness,Fever,Weakness,Nausea,Shortness of Breath,Low Blood Pressure,Pneumonia
High Blood Pressure,Headache,Skin Redness,Loss of Appetite,Joint Pain,Fever,Chest Pain,Pneumonia
Headache,Loss of Appetite,Nausea,Muscle Pain,Difficulty Swallowing,Weakness,Sweating,Hypotension
Skin Peeling,Ear Pain,Joint Pain,Fever,Rash,High Blood Pressure,Rapid Heart Rate,Hypotension
Difficulty Swallowing,Confusion,Joint Pain,Sweating,Rapid Heart Rate,Headache,Loss of Smell,Hypertension
Fever,Nausea,Shortness of Breath,Blurred Vision,High Blood Pressure,Loss of Smell,Headache,Hypertension
High Blood Pressure,Runny Nose,Headache,Rash,Chills,Difficulty Swallowing,Ear Pain,Unknown
Ear Pain,Difficulty Swallowing,Fever,Nausea,Fatigue,Muscle Pain,Joint Pain,Strep Throat
Sweating,Headache,Loss of Taste,Shortness of Breath,Diarrhea,Loss of Appetite,Weakness,Hypertension
Loss of Taste,Rapid Heart Rate,Dizziness,Loss of Smell,Weakness,Difficulty Swallowing,Diarrhea,Unknown
Vomiting,Shortness of Breath,Skin Redness,Cough,Confusion,Sweating,Loss of Smell,Cold
Chest Pain,Loss of Smell,Skin Redness,Low Blood Pressure,Shortness of Breath,Swollen Lymph Nodes,Vomiting,Unknown
Skin Peeling,Skin Redness,Confusion,Sore Throat,Shortness of Breath,Low Blood Pressure,Ear Pain,Unknown
Sweating,Shortness of Breath,Vomiting,Blurred Vision,Diarrhea,Abdominal Pain,Cough,Unknown
Headache,Rash,Sore Throat,Swollen Lymph Nodes,Loss of Appetite,Weakness,Joint Pain,Cold
Loss of Smell,Confusion,Fatigue,Chest Pain,Ear Pain,Loss of Taste,Swollen Lymph Nodes,Ear Infection
Joint Pain,Blurred Vision,Confusion,Nausea,Sore Throat,Runny Nose,Muscle Pain,Strep Throat
Loss of Smell,Diarrhea,Muscle Pain,Runny Nose,High Blood Pressure,Low Blood Pressure,Rash,COVID-19
Headache,Muscle Pain,Skin Peeling,Confusion,Shortness of Breath,Sweating,Abdominal Pain,Hypertension
Headache,Diarrhea,Sweating,Vomiting,Muscle Pain,Shortness of Breath,Loss of Smell,Ear Infection
Vomiting,Chest Pain,Blurred Vision,Joint Pain,Low Blood Pressure,Diarrhea,Fatigue,Hypotension
Fever,Low Blood Pressure,Sweating,Diarrhea,Swollen Lymph Nodes,Skin Peeling,Loss of Taste,Food Poisoning
Rapid Heart Rate,Loss of Appetite,Joint Pain,High Blood Pressure,Dizziness,Diarrhea,Confusion,Meningitis
Fatigue,High Blood Pressure,Runny Nose,Sore Throat,Skin Peeling,Vomiting,Shortness of Breath,Unknown
Skin Redness,Rapid Heart Rate,Cough,Fatigue,Swollen Lymph Nodes,Abdominal Pain,Confusion,Unknown
Chest Pain,Muscle Pain,Rash,Difficulty Swallowing,Skin Redness,Chills,Abdominal Pain,Unknown
Nausea,Dizziness,Skin Peeling,Vomiting,Rash,Chest Pain,Skin Redness,Pneumonia
High Blood Pressure,Diarrhea,Skin Peeling,Confusion,Sore Throat,Runny Nose,Dizziness,Unknown
Ear Pain,Rapid Heart Rate,Runny Nose,Loss of Appetite,Sweating,Muscle Pain,Abdominal Pain,Cold
Muscle Pain,Skin Peeling,Chills,Confusion,Loss of Appetite,Abdominal Pain,Cough,Dengue
Nausea,Abdominal Pain,Chest Pain,Cough,Shortness of Breath,Chills,Difficulty Swallowing,COVID-19
Skin Peeling,Weakness,Low Blood Pressure,Loss of Smell,Ear Pain,Shortness of Breath,Chills,Typhoid
Chest Pain,Blurred Vision,Muscle Pain,Diarrhea,Skin Peeling,Sweating,Swollen Lymph Nodes,Unknown
Shortness of Breath,Headache,Weakness,Runny Nose,Vomiting,Loss of Appetite,Fatigue,Hypertension
Vomiting,Loss of Appetite,Sweating,Skin Redness,Muscle Pain,Joint Pain,Fever,Typhoid
Rapid Heart Rate,Low Blood Pressure,Cough,Skin Redness,Rash,Abdominal Pain,Weakness,Pneumonia
Fever,Vomiting,Muscle Pain,Weakness,Skin Peeling,Loss of Smell,Joint Pain,Ear Infection
Blurred Vision,Rapid Heart Rate,Sweating,Fever,Muscle Pain,Diarrhea,Skin Redness,Food Poisoning
Joint Pain,Vomiting,Nausea,Loss of Appetite,High Blood Pressure,Skin Peeling,Difficulty Swallowing,Hypertension
Chills,Runny Nose,Low Blood Pressure,Fatigue,Confusion,Joint Pain,Swollen Lymph Nodes,Unknown
Loss of Smell,Blurred Vision,Low Blood Pressure,Confusion,Cough,Diarrhea,Rapid Heart Rate,Unknown
Joint Pain,Dizziness,High Blood Pressure,Sweating,Chills,Diarrhea,Fever,Dengue
Chills,Diarrhea,Loss of Taste,Muscle Pain,Confusion,Ear Pain,Low Blood Pressure,Unknown
Shortness of Breath,Fever,Skin Redness,Ear Pain,Vomiting,Swollen Lymph Nodes,Cough,COVID-19
Cough,Muscle Pain,Confusion,Chest Pain,Nausea,Weakness,Sweating,COVID-19
Nausea,Shortness of Breath,Difficulty Swallowing,Rash,Sweating,Fever,Runny Nose,Typhoid
Shortness of Breath,Loss of Taste,Difficulty Swallowing,High Blood Pressure,Abdominal Pain,Joint Pain,Vomiting,Unknown
Sore Throat,Blurred Vision,Skin Peeling,Confusion,Abdominal Pain,Rash,Ear Pain,Flu
Diarrhea,Muscle Pain,Runny Nose,Sweating,Nausea,Chills,Ear Pain,Meningitis
Sweating,Sore Throat,Weakness,Swollen Lymph Nodes,Blurred Vision,Abdominal Pain,Diarrhea,Cold
Fatigue,Nausea,Skin Peeling,Sweating,Swollen Lymph Nodes,Vomiting,High Blood Pressure,Flu
Rapid Heart Rate,Muscle Pain,Fever,Sore Throat,Swollen Lymph Nodes,Shortness of Breath,Runny Nose,Typhoid
Nausea,Fatigue,Swollen Lymph Nodes,Loss of Appetite,Confusion,Rash,Ear Pain,Flu
Vomiting,Rash,Chest Pain,Weakness,Abdominal Pain,Chills,Loss of Taste,Food Poisoning
Sore Throat,Cough,Loss of Smell,Rapid Heart Rate,Difficulty Swallowing,Nausea,Headache,Hypotension
Blurred Vision,Chills,Ear Pain,Confusion,Nausea,Swollen Lymph Nodes,Cough,Strep Throat
High Blood Pressure,Sweating,Nausea,Joint Pain,Fatigue,Loss of Taste,Swollen Lymph Nodes,Cold
Loss of Smell,Loss of Taste,Swollen Lymph Nodes,Blurred Vision,Chills,Fatigue,Rapid Heart Rate,Strep Throat
Loss of Smell,Skin Peeling,Runny Nose,Loss of Taste,Abdominal Pain,Muscle Pain,Confusion,Unknown
Chills,Skin Redness,Dizziness,Headache,Sweating,Swollen Lymph Nodes,Low Blood Pressure,Flu
Low Blood Pressure,Ear Pain,Rash,Loss of Taste,Sweating,Fatigue,Fever,Unknown
Muscle Pain,Chills,Rapid Heart Rate,Loss of Taste,Dizziness,Sweating,Nausea,Unknown
Shortness of Breath,Loss of Appetite,Swollen Lymph Nodes,Skin Peeling,Sweating,Fever,Diarrhea,Meningitis
Loss of Smell,Ear Pain,Confusion,Low Blood Pressure,Loss of Appetite,Shortness of Breath,Nausea,Unknown
Rash,Confusion,Skin Redness,Diarrhea,Fever,Sore Throat,Dizziness,Malaria
Chest Pain,Confusion,Muscle Pain,Runny Nose,Skin Peeling,Headache,High Blood Pressure,Pneumonia
Swollen Lymph Nodes,Chest Pain,High Blood Pressure,Headache,Vomiting,Fatigue,Loss of Taste,Ear Infection
Headache,Cough,Chills,Runny Nose,Weakness,Low Blood Pressure,Fatigue,Malaria
Headache,Rash,Blurred Vision,Chest Pain,Shortness of Breath,Confusion,Skin Peeling,Hypertension
Low Blood Pressure,Skin Peeling,Runny Nose,Sweating,Confusion,Blurred Vision,Dizziness,Unknown
Abdominal Pain,Chills,Fatigue,Loss of Taste,Ear Pain,Difficulty Swallowing,Cough,Strep Throat
Fatigue,Runny Nose,Blurred Vision,Cough,High Blood Pressure,Dizziness,Confusion,Hypertension
Difficulty Swallowing,Confusion,Headache,Abdominal Pain,Diarrhea,Cough,Rapid Heart Rate,Strep Throat
Loss of Smell,Skin Peeling,Loss of Taste,Sore Throat,Headache,Dizziness,Chest Pain,Scarlet Fever
Vomiting,Fever,Loss of Appetite,Rash,Loss of Smell,Skin Peeling,Chills,Unknown
Swollen Lymph Nodes,Joint Pain,High Blood Pressure,Loss of Smell,Sweating,Muscle Pain,Blurred Vision,Malaria
Swollen Lymph Nodes,Sore Throat,Nausea,Joint Pain,Shortness of Breath,Rapid Heart Rate,Chills,Migraine
Muscle Pain,Low Blood Pressure,Loss of Smell,Confusion,Abdominal Pain,Nausea,Fever,Flu
Loss of Smell,Shortness of Breath,Fatigue,Loss of Appetite,Sore Throat,Fever,Swollen Lymph Nodes,Food Poisoning
Blurred Vision,Low Blood Pressure,Fever,Ear Pain,Shortness of Breath,Joint Pain,Headache,Pneumonia
Dizziness,High Blood Pressure,Skin Redness,Swollen Lymph Nodes,Diarrhea,Headache,Muscle Pain,Scarlet Fever
High Blood Pressure,Loss of Appetite,Shortness of Breath,Vomiting,Rapid Heart Rate,Skin Peeling,Fever,COVID-19
Loss of Appetite,Difficulty Swallowing,Cough,Blurred Vision,High Blood Pressure,Runny Nose,Vomiting,Unknown
Sweating,Runny Nose,Rapid Heart Rate,Fever,Blurred Vision,Abdominal Pain,Rash,Flu
Confusion,Nausea,High Blood Pressure,Abdominal Pain,Blurred Vision,Fatigue,Cough,Unknown
Fever,Skin Peeling,Difficulty Swallowing,Ear Pain,Loss of Taste,Weakness,Rash,Malaria
Diarrhea,Dizziness,Loss of Appetite,Headache,Fatigue,Low Blood Pressure,Skin Redness,Typhoid
Vomiting,Muscle Pain,Low Blood Pressure,Difficulty Swallowing,Loss of Taste,Abdominal Pain,Fatigue,COVID-19
Ear Pain,Rapid Heart Rate,Nausea,Loss of Taste,Muscle Pain,Runny Nose,Diarrhea,COVID-19
Diarrhea,Cough,Skin Peeling,Sore Throat,Confusion,Skin Redness,Rapid Heart Rate,Pneumonia
Chest Pain,Sweating,Ear Pain,Confusion,Shortness of Breath,Muscle Pain,Dizziness,Hypotension
Chills,Diarrhea,Muscle Pain,Chest Pain,Loss of Smell,Skin Redness,Skin Peeling,Unknown
Chills,Skin Peeling,Dizziness,Headache,Sore Throat,Difficulty Swallowing,Nausea,Ear Infection
Joint Pain,Nausea,Dizziness,Loss of Taste,Vomiting,High Blood Pressure,Diarrhea,Hypotension
Rash,Loss of Taste,Runny Nose,Blurred Vision,Headache,Rapid Heart Rate,Nausea,Unknown
Sore Throat,Confusion,Cough,Abdominal Pain,Sweating,Rapid Heart Rate,Dizziness,Hypotension
Loss of Taste,Runny Nose,Low Blood Pressure,Fatigue,Headache,Nausea,Loss of Smell,Cold
Rash,Runny Nose,High Blood Pressure,Sweating,Confusion,Blurred Vision,Low Blood Pressure,Unknown
Rash,Confusion,Low Blood Pressure,Skin Peeling,Joint Pain,Fatigue,Skin Redness,Scarlet Fever
Blurred Vision,Confusion,Skin Redness,Sweating,Skin Peeling,Nausea,Loss of Smell,Unknown
Ear Pain,Difficulty Swallowing,Chest Pain,Loss of Taste,Weakness,Sweating,Vomiting,Unknown
Chest Pain,Joint Pain,Diarrhea,Rash,Weakness,Rapid Heart Rate,Headache,Meningitis
Low Blood Pressure,Skin Peeling,Sore Throat,Sweating,Runny Nose,Cough,Fatigue,Unknown
Nausea,Muscle Pain,Loss of Smell,Ear Pain,High Blood Pressure,Chest Pain,Sore Throat,Strep Throat
Rash,Confusion,Weakness,Low Blood Pressure,Fever,Loss of Taste,Difficulty Swallowing,COVID-19
Fatigue,Confusion,Headache,Chest Pain,Diarrhea,Weakness,Loss of Taste,COVID-19
Swollen Lymph Nodes,Chest Pain,Loss of Appetite,Weakness,Difficulty Swallowing,Low Blood Pressure,Loss of Taste,Unknown
Swollen Lymph Nodes,Skin Redness,Ear Pain,Low Blood Pressure,Sore Throat,Nausea,Confusion,Unknown
Chills,Abdominal Pain,Nausea,Shortness of Breath,Rapid Heart Rate,Loss of Appetite,Rash,COVID-19
Ear Pain,Skin Peeling,Chest Pain,Chills,Joint Pain,Low Blood Pressure,Fatigue,COVID-19
Fever,Dizziness,Joint Pain,Confusion,Muscle Pain,Fatigue,Runny Nose,Flu
Skin Redness,Skin Peeling,Loss of Smell,Shortness of Breath,Sweating,Confusion,Sore Throat,Flu
Loss of Taste,Muscle Pain,Blurred Vision,Weakness,Fatigue,Sore Throat,Dizziness,Unknown
Loss of Appetite,Loss of Taste,Confusion,Muscle Pain,Sweating,Skin Redness,Nausea,Unknown
Diarrhea,Abdominal Pain,Shortness of Breath,Confusion,Dizziness,Chills,Nausea,Pneumonia
Difficulty Swallowing,Chills,Runny Nose,Skin Peeling,Rapid Heart Rate,Loss of Appetite,Shortness of Breath,Unknown
Skin Redness,Diarrhea,Weakness,Abdominal Pain,Runny Nose,Blurred Vision,Swollen Lymph Nodes,Unknown
Confusion,Rapid Heart Rate,Joint Pain,Low Blood Pressure,Ear Pain,Vomiting,Shortness of Breath,Unknown
Sore Throat,Diarrhea,Difficulty Swallowing,Joint Pain,Loss of Smell,Ear Pain,Loss of Appetite,Unknown
Loss of Smell,Loss of Taste,Fever,Ear Pain,Chills,Sore Throat,Low Blood Pressure,Unknown
Cough,Rash,Chills,Dizziness,Sore Throat,High Blood Pressure,Fatigue,Hypertension
Joint Pain,Nausea,Shortness of Breath,Abdominal Pain,Loss of Smell,Chills,Low Blood Pressure,COVID-19
Difficulty Swallowing,Swollen Lymph Nodes,Rash,Chest Pain,Sore Throat,Headache,Shortness of Breath,Cold
Loss of Taste,Headache,Low Blood Pressure,Rash,Weakness,High Blood Pressure,Skin Peeling,Malaria
Loss of Taste,Blurred Vision,Skin Peeling,Confusion,Skin Redness,Chest Pain,Nausea,Unknown
Loss of Appetite,Confusion,Loss of Taste,Sweating,Diarrhea,Shortness of Breath,Chills,Unknown
Sore Throat,Loss of Appetite,Dizziness,Muscle Pain,Chills,Weakness,Cough,Unknown
Cough,Dizziness,Loss of Smell,Rash,Ear Pain,Nausea,Confusion,Hypotension
Joint Pain,Sweating,Shortness of Breath,Fatigue,Cough,Low Blood Pressure,Ear Pain,Unknown
Fever,Loss of Appetite,Low Blood Pressure,Joint Pain,Ear Pain,Fatigue,Sweating,Ear Infection
Diarrhea,Rash,Confusion,Abdominal Pain,Skin Peeling,Difficulty Swallowing,Dizziness,Unknown
Loss of Smell,Chest Pain,Vomiting,High Blood Pressure,Difficulty Swallowing,Ear Pain,Sore Throat,Unknown
Abdominal Pain,Dizziness,Difficulty Swallowing,Fatigue,Sweating,Cough,Shortness of Breath,COVID-19
Chills,Skin Peeling,Swollen Lymph Nodes,Blurred Vision,Joint Pain,Muscle Pain,Rapid Heart Rate,Scarlet Fever
Confusion,Loss of Smell,Runny Nose,Muscle Pain,Joint Pain,Rapid Heart Rate,High Blood Pressure,COVID-19
Loss of Taste,Chest Pain,Vomiting,Dizziness,High Blood Pressure,Muscle Pain,Loss of Smell,COVID-19
Sweating,Loss of Smell,Skin Peeling,Runny Nose,Sore Throat,Chills,Weakness,Unknown
Chest Pain,Weakness,Loss of Smell,Swollen Lymph Nodes,Skin Redness,Diarrhea,Chills,Typhoid
Joint Pain,Nausea,Runny Nose,Fatigue,Swollen Lymph Nodes,Headache,Sweating,Malaria
Weakness,Abdominal Pain,High Blood Pressure,Confusion,Loss of Smell,Blurred Vision,Runny Nose,Typhoid
Ear Pain,Headache,Skin Peeling,Chest Pain,Rapid Heart Rate,Rash,Skin Redness,Unknown
Runny Nose,Nausea,Muscle Pain,Low Blood Pressure,Loss of Smell,Sore Throat,Fever,COVID-19
High Blood Pressure,Swollen Lymph Nodes,Vomiting,Skin Redness,Rapid Heart Rate,Shortness of Breath,Joint Pain,Scarlet Fever
Swollen Lymph Nodes,Rash,Cough,Vomiting,Sore Throat,Skin Redness,Skin Peeling,COVID-19
Swollen Lymph Nodes,Vomiting,Blurred Vision,Dizziness,Skin Redness,Fever,Chest Pain,Malaria
High Blood Pressure,Headache,Muscle Pain,Difficulty Swallowing,Abdominal Pain,Skin Redness,Low Blood Pressure,Hypertension
Difficulty Swallowing,Headache,Rash,Runny Nose,Skin Redness,Loss of Smell,Cough,Unknown
Skin Redness,Headache,Shortness of Breath,Nausea,Swollen Lymph Nodes,Sweating,Runny Nose,Meningitis
Abdominal Pain,Confusion,Joint Pain,Nausea,Skin Redness,Loss of Appetite,Cough,Unknown
Swollen Lymph Nodes,Low Blood Pressure,Loss of Taste,Dizziness,Difficulty Swallowing,Headache,Cough,Dengue
Headache,Difficulty Swallowing,Sweating,Runny Nose,Confusion,Fatigue,Fever,Typhoid
Rapid Heart Rate,Runny Nose,Cough,Difficulty Swallowing,Nausea,Joint Pain,High Blood Pressure,Cold
Skin Redness,High Blood Pressure,Loss of Appetite,Joint Pain,Runny Nose,Vomiting,Loss of Smell,Unknown
Loss of Taste,Sore Throat,Loss of Smell,Abdominal Pain,Confusion,Headache,Rapid Heart Rate,Hypertension
Skin Peeling,Diarrhea,Headache,Abdominal Pain,Runny Nose,Chest Pain,Vomiting,Unknown
Low Blood Pressure,Sore Throat,Blurred Vision,Sweating,Shortness of Breath,Dizziness,Ear Pain,Hypertension
Chest Pain,Skin Peeling,Fever,Difficulty Swallowing,Abdominal Pain,Weakness,Shortness of Breath,Flu
Sore Throat,Vomiting,Weakness,Ear Pain,Confusion,High Blood Pressure,Difficulty Swallowing,Malaria
Muscle Pain,Abdominal Pain,Headache,Weakness,Chills,Joint Pain,Rash,Dengue
High Blood Pressure,Loss of Taste,Swollen Lymph Nodes,Chills,Headache,Muscle Pain,Joint Pain,Flu
Rash,Dizziness,Confusion,Joint Pain,Runny Nose,Chills,Vomiting,Unknown
Fever,Diarrhea,Loss of Taste,Skin Redness,Joint Pain,Skin Peeling,Rapid Heart Rate,Strep Throat
Abdominal Pain,Confusion,High Blood Pressure,Chills,Dizziness,Muscle Pain,Vomiting,Meningitis
Diarrhea,Fatigue,Rapid Heart Rate,Rash,Difficulty Swallowing,Nausea,Chills,Malaria
Dizziness,Fever,Sweating,Vomiting,Chest Pain,Confusion,High Blood Pressure,Flu
Headache,Abdominal Pain,Sore Throat,Confusion,Chills,Fatigue,Low Blood Pressure,Meningitis
Cough,Skin Redness,Sore Throat,Abdominal Pain,Vomiting,Difficulty Swallowing,Loss of Taste,Cold
Abdominal Pain,Nausea,Difficulty Swallowing,Joint Pain,Swollen Lymph Nodes,Skin Redness,Ear Pain,Unknown
High Blood Pressure,Rash,Fatigue,Ear Pain,Difficulty Swallowing,Sweating,Shortness of Breath,Ear Infection
Vomiting,Low Blood Pressure,Loss of Smell,Cough,Rash,Ear Pain,Runny Nose,Dengue
Dizziness,Diarrhea,Headache,Loss of Smell,Fatigue,Shortness of Breath,Sweating,Ear Infection
Skin Redness,Skin Peeling,Loss of Appetite,Vomiting,Rash,Cough,Swollen Lymph Nodes,Unknown
Joint Pain,Nausea,Skin Peeling,Shortness of Breath,Abdominal Pain,Skin Redness,High Blood Pressure,Dengue
Swollen Lymph Nodes,Fever,Ear Pain,Vomiting,Cough,Loss of Appetite,Skin Redness,Strep Throat
Swollen Lymph Nodes,Loss of Taste,Blurred Vision,High Blood Pressure,Vomiting,Runny Nose,Sweating,Unknown
Blurred Vision,Weakness,Confusion,Low Blood Pressure,Fever,Vomiting,Rapid Heart Rate,Meningitis
Cough,Loss of Taste,Diarrhea,Fever,Shortness of Breath,Swollen Lymph Nodes,Sweating,Unknown
Difficulty Swallowing,Ear Pain,Fever,Chest Pain,Shortness of Breath,Abdominal Pain,Cough,Strep Throat
Runny Nose,Confusion,Fatigue,Loss of Appetite,Headache,Low Blood Pressure,Joint Pain,Meningitis
Low Blood Pressure,Swollen Lymph Nodes,Abdominal Pain,Skin Redness,Skin Peeling,Cough,Nausea,Migraine
Headache,Blurred Vision,Muscle Pain,Loss of Appetite,Shortness of Breath,Joint Pain,Nausea,Typhoid
Fever,Shortness of Breath,Fatigue,Sweating,Chest Pain,Skin Redness,Difficulty Swallowing,Scarlet Fever
Rapid Heart Rate,Headache,Loss of Appetite,Loss of Smell,Abdominal Pain,Chills,Sore Throat,Hypertension
Weakness,Runny Nose,Chest Pain,Nausea,Rapid Heart Rate,Skin Peeling,High Blood Pressure,Unknown
Ear Pain,Sore Throat,Cough,Fever,Skin Peeling,Muscle Pain,Confusion,Unknown
Dizziness,Headache,Blurred Vision,Confusion,Runny Nose,Weakness,Sore Throat,Malaria
Loss of Appetite,Swollen Lymph Nodes,Blurred Vision,Skin Redness,Rapid Heart Rate,Shortness of Breath,Low Blood Pressure,Unknown
Dizziness,Blurred Vision,Skin Peeling,Sweating,Sore Throat,Chills,Muscle Pain,Scarlet Fever
Ear Pain,Low Blood Pressure,Sweating,Difficulty Swallowing,Muscle Pain,Runny Nose,Rash,Malaria
Abdominal Pain,Fever,Nausea,Sore Throat,High Blood Pressure,Difficulty Swallowing,Vomiting,Pneumonia
Weakness,Fatigue,Rash,Shortness of Breath,Loss of Appetite,Joint Pain,Chest Pain,Typhoid
Vomiting,High Blood Pressure,Chest Pain,Chills,Fatigue,Loss of Appetite,Cough,Unknown
Skin Peeling,Weakness,Blurred Vision,Sore Throat,Low Blood Pressure,Ear Pain,Cough,Cold
Difficulty Swallowing,Chest Pain,Vomiting,Loss of Taste,Sore Throat,Rash,Chills,Scarlet Fever
Sweating,Shortness of Breath,Vomiting,Cough,Loss of Smell,Ear Pain,Fatigue,Typhoid
High Blood Pressure,Blurred Vision,Fever,Chills,Nausea,Abdominal Pain,Sore Throat,Typhoid
Fever,Loss of Taste,Joint Pain,Fatigue,Loss of Smell,Confusion,Chills,Dengue
Low Blood Pressure,Abdominal Pain,Muscle Pain,Chills,Loss of Taste,Fever,Joint Pain,Unknown
Cough,Shortness of Breath,Low Blood Pressure,High Blood Pressure,Rash,Confusion,Joint Pain,Cold
Cough,Chest Pain,Loss of Taste,Blurred Vision,Diarrhea,Skin Redness,High Blood Pressure,Unknown
Rash,Skin Peeling,Loss of Taste,Weakness,Fever,Diarrhea,Chills,Hypotension
Shortness of Breath,Joint Pain,Muscle Pain,Rapid Heart Rate,Blurred Vision,Diarrhea,Skin Redness,Unknown
High Blood Pressure,Sore Throat,Difficulty Swallowing,Weakness,Runny Nose,Ear Pain,Rash,Hypertension
High Blood Pressure,Cough,Low Blood Pressure,Rash,Blurred Vision,Shortness of Breath,Skin Redness,Unknown
Swollen Lymph Nodes,Chest Pain,Blurred Vision,Low Blood Pressure,Rapid Heart Rate,Skin Peeling,Loss of Appetite,Strep Throat
Confusion,Cough,Weakness,Joint Pain,Fever,Low Blood Pressure,Ear Pain,Strep Throat
Ear Pain,Diarrhea,Nausea,Dizziness,Blurred Vision,Difficulty Swallowing,Loss of Taste,COVID-19
Rash,Loss of Taste,Abdominal Pain,Dizziness,Skin Peeling,Runny Nose,Low Blood Pressure,Unknown
Fatigue,Shortness of Breath,Sore Throat,Rash,Dizziness,Fever,Vomiting,COVID-19
Confusion,Blurred Vision,High Blood Pressure,Shortness of Breath,Fatigue,Swollen Lymph Nodes,Runny Nose,Strep Throat
Shortness of Breath,Nausea,Skin Peeling,Joint Pain,Skin Redness,Weakness,Muscle Pain,Typhoid
Chest Pain,Confusion,Abdominal Pain,Joint Pain,Rash,Ear Pain,Loss of Appetite,Unknown
Blurred Vision,Nausea,Fatigue,Dizziness,Low Blood Pressure,Swollen Lymph Nodes,Joint Pain,Strep Throat
Headache,Sore Throat,Chills,Ear Pain,Fever,Sweating,Blurred Vision,Cold
Loss of Appetite,Weakness,Abdominal Pain,Joint Pain,Skin Peeling,Loss of Taste,Vomiting,Unknown
Sore Throat,Shortness of Breath,Rapid Heart Rate,Vomiting,High Blood Pressure,Swollen Lymph Nodes,Sweating,Hypotension
Ear Pain,Fatigue,Rash,Difficulty Swallowing,Weakness,Fever,Nausea,Hypertension
Swollen Lymph Nodes,Muscle Pain,Loss of Appetite,Sore Throat,Weakness,High Blood Pressure,Shortness of Breath,Unknown
Fever,Diarrhea,Weakness,Sweating,Difficulty Swallowing,Swollen Lymph Nodes,Joint Pain,Malaria
Skin Redness,Sweating,Abdominal Pain,Loss of Appetite,Low Blood Pressure,Runny Nose,Rash,Malaria
Rapid Heart Rate,Swollen Lymph Nodes,Loss of Smell,Headache,Fever,Cough,Diarrhea,Migraine
Shortness of Breath,Diarrhea,Loss of Smell,Rapid Heart Rate,Sweating,Skin Peeling,Headache,Food Poisoning
Ear Pain,Low Blood Pressure,Chest Pain,Fever,Nausea,Fatigue,Shortness of Breath,COVID-19
Rapid Heart Rate,Headache,Sore Throat,Sweating,Dizziness,Vomiting,Muscle Pain,Food Poisoning
Shortness of Breath,Sore Throat,Vomiting,Rapid Heart Rate,Muscle Pain,Difficulty Swallowing,Dizziness,Hypotension
Sweating,Skin Redness,Rash,High Blood Pressure,Weakness,Swollen Lymph Nodes,Fatigue,COVID-19
Loss of Taste,Sore Throat,Ear Pain,Abdominal Pain,Confusion,Loss of Appetite,Sweating,COVID-19
Swollen Lymph Nodes,Ear Pain,Vomiting,High Blood Pressure,Fatigue,Blurred Vision,Rapid Heart Rate,Hypertension
Sore Throat,Rapid Heart Rate,Skin Redness,Headache,Runny Nose,Joint Pain,Swollen Lymph Nodes,Hypotension
Cough,Shortness of Breath,Blurred Vision,Weakness,Headache,Chills,Abdominal Pain,COVID-19
Joint Pain,Swollen Lymph Nodes,Runny Nose,Confusion,Dizziness,Fatigue,Skin Redness,Typhoid
Abdominal Pain,Fatigue,Nausea,Dizziness,Loss of Taste,Chills,Skin Peeling,Unknown
Muscle Pain,Blurred Vision,Skin Peeling,Sore Throat,Nausea,Loss of Taste,Low Blood Pressure,Unknown
Loss of Smell,Low Blood Pressure,Fatigue,Abdominal Pain,Chest Pain,Loss of Taste,Sore Throat,Cold
Skin Peeling,Shortness of Breath,Vomiting,Skin Redness,Sweating,Ear Pain,Rash,Unknown
Ear Pain,Difficulty Swallowing,Rash,Runny Nose,Skin Peeling,Abdominal Pain,Chills,Unknown
Vomiting,Loss of Appetite,Abdominal Pain,Muscle Pain,Chest Pain,Headache,Confusion,Dengue
Vomiting,Ear Pain,Fever,Low Blood Pressure,Difficulty Swallowing,Dizziness,Diarrhea,Food Poisoning
Nausea,High Blood Pressure,Difficulty Swallowing,Loss of Smell,Weakness,Dizziness,Joint Pain,Hypertension
Headache,Confusion,Cough,Dizziness,Joint Pain,Loss of Smell,Shortness of Breath,Hypotension
Confusion,Sweating,Blurred Vision,Joint Pain,High Blood Pressure,Headache,Vomiting,Dengue
Shortness of Breath,Confusion,Fatigue,Sore Throat,Rapid Heart Rate,High Blood Pressure,Diarrhea,Unknown
Skin Redness,Loss of Appetite,Chest Pain,Headache,Muscle Pain,Weakness,Rash,Dengue
Ear Pain,Fever,Sweating,Muscle Pain,Nausea,Weakness,Loss of Appetite,Unknown
Blurred Vision,Cough,Confusion,Dizziness,Rash,Fatigue,Diarrhea,Unknown
Skin Peeling,Blurred Vision,Rash,Nausea,Vomiting,Confusion,Difficulty Swallowing,Unknown
Cough,Chest Pain,Sore Throat,Fever,Weakness,Ear Pain,Dizziness,Cold
Skin Redness,Low Blood Pressure,Joint Pain,Runny Nose,Shortness of Breath,Blurred Vision,Sore Throat,Migraine
Ear Pain,Dizziness,Skin Redness,Loss of Appetite,Muscle Pain,Headache,Blurred Vision,Dengue
High Blood Pressure,Skin Redness,Chills,Ear Pain,Fever,Loss of Taste,Rash,Scarlet Fever
Sore Throat,Muscle Pain,Diarrhea,Dizziness,Fatigue,Sweating,Weakness,Unknown
Rash,Chest Pain,Sweating,Blurred Vision,Runny Nose,Loss of Smell,Fatigue,Pneumonia
Sweating,Ear Pain,Rapid Heart Rate,Blurred Vision,Headache,Sore Throat,Weakness,Strep Throat
Muscle Pain,Fever,Chills,Rash,Blurred Vision,Dizziness,Nausea,Food Poisoning
Skin Redness,Weakness,Rapid Heart Rate,Confusion,Difficulty Swallowing,High Blood Pressure,Vomiting,Malaria
Chills,High Blood Pressure,Headache,Swollen Lymph Nodes,Loss of Appetite,Sweating,Cough,Malaria
Low Blood Pressure,Confusion,Chills,Blurred Vision,Fever,Vomiting,High Blood Pressure,Strep Throat
Weakness,Confusion,Loss of Smell,Runny Nose,Vomiting,Fatigue,Headache,Food Poisoning
Rapid Heart Rate,Muscle Pain,Blurred Vision,Swollen Lymph Nodes,Chest Pain,Fever,Runny Nose,Hypotension
Fever,Headache,High Blood Pressure,Rash,Skin Redness,Runny Nose,Confusion,Unknown
Skin Redness,Muscle Pain,Dizziness,Runny Nose,Confusion,Vomiting,Ear Pain,Hypotension
Muscle Pain,Blurred Vision,Rash,Fatigue,Loss of Taste,Swollen Lymph Nodes,Chest Pain,Unknown
High Blood Pressure,Chills,Sweating,Diarrhea,Dizziness,Headache,Ear Pain,Meningitis
High Blood Pressure,Confusion,Loss of Smell,Rapid Heart Rate,Runny Nose,Chills,Sore Throat,Unknown
Loss of Taste,Confusion,Skin Peeling,Cough,Weakness,Chest Pain,Nausea,Hypotension
Loss of Taste,Headache,Cough,Skin Peeling,Sore Throat,Weakness,Confusion,COVID-19
Dizziness,Low Blood Pressure,Blurred Vision,Cough,Vomiting,Loss of Appetite,Sweating,Typhoid
Joint Pain,Low Blood Pressure,Muscle Pain,Dizziness,Abdominal Pain,Fatigue,Difficulty Swallowing,Strep Throat
High Blood Pressure,Headache,Ear Pain,Abdominal Pain,Fatigue,Confusion,Muscle Pain,Hypertension
Joint Pain,Muscle Pain,Blurred Vision,Runny Nose,Weakness,Vomiting,Sweating,Unknown
Dizziness,Headache,Rapid Heart Rate,Shortness of Breath,Chills,Rash,Loss of Taste,Pneumonia
Sweating,Cough,Rash,Vomiting,Fatigue,Loss of Appetite,Skin Peeling,Malaria
Vomiting,Cough,Rash,Chills,Joint Pain,Sore Throat,Rapid Heart Rate,Pneumonia
Nausea,Sweating,Fatigue,Rapid Heart Rate,Vomiting,Blurred Vision,Dizziness,COVID-19
Rash,Difficulty Swallowing,Blurred Vision,Shortness of Breath,Nausea,Joint Pain,Fever,Unknown
Blurred Vision,Fever,Swollen Lymph Nodes,Skin Peeling,Vomiting,Joint Pain,Low Blood Pressure,Food Poisoning
Swollen Lymph Nodes,Chest Pain,Skin Redness,Ear Pain,Fatigue,Loss of Smell,Dizziness,Pneumonia
Blurred Vision,Loss of Smell,Diarrhea,Abdominal Pain,Sore Throat,Loss of Taste,Confusion,Food Poisoning
Rapid Heart Rate,Shortness of Breath,Swollen Lymph Nodes,Nausea,Joint Pain,Loss of Appetite,Skin Redness,Unknown
Fatigue,Rash,Sweating,Vomiting,Chills,Difficulty Swallowing,Joint Pain,COVID-19
Diarrhea,Skin Redness,High Blood Pressure,Abdominal Pain,Runny Nose,Rash,Confusion,Unknown
Ear Pain,Weakness,Fever,Swollen Lymph Nodes,Fatigue,Shortness of Breath,Skin Peeling,COVID-19
High Blood Pressure,Headache,Cough,Abdominal Pain,Fever,Weakness,Loss of Smell,Pneumonia
Skin Peeling,Loss of Smell,Dizziness,Vomiting,Ear Pain,High Blood Pressure,Blurred Vision,Scarlet Fever
Low Blood Pressure,Skin Redness,Dizziness,Sweating,Nausea,Rapid Heart Rate,Headache,Hypotension
Rash,Diarrhea,Rapid Heart Rate,Vomiting,Sweating,Muscle Pain,Runny Nose,Unknown
Shortness of Breath,Skin Redness,Weakness,Headache,Runny Nose,Loss of Taste,Fatigue,Hypotension
Weakness,High Blood Pressure,Runny Nose,Loss of Taste,Muscle Pain,Joint Pain,Diarrhea,Hypertension
Low Blood Pressure,Abdominal Pain,Cough,Skin Redness,Sore Throat,Chest Pain,Difficulty Swallowing,COVID-19
Swollen Lymph Nodes,Abdominal Pain,Chills,Difficulty Swallowing,Nausea,Muscle Pain,Rapid Heart Rate,Hypotension
Cough,Low Blood Pressure,Rash,Sweating,Runny Nose,Difficulty Swallowing,Joint Pain,Unknown
Dizziness,Loss of Appetite,Runny Nose,Skin Peeling,Abdominal Pain,Sweating,Shortness of Breath,Migraine
Fever,Skin Redness,Rapid Heart Rate,Dizziness,Swollen Lymph Nodes,Diarrhea,Weakness,Malaria
Loss of Appetite,Fever,Low Blood Pressure,Skin Redness,Chest Pain,Difficulty Swallowing,Swollen Lymph Nodes,Ear Infection
Chills,Loss of Taste,Dizziness,High Blood Pressure,Loss of Appetite,Shortness of Breath,Ear Pain,Unknown
Sweating,Difficulty Swallowing,Cough,Vomiting,Runny Nose,Shortness of Breath,Confusion,Unknown
Low Blood Pressure,Chest Pain,Weakness,Loss of Smell,Rapid Heart Rate,Vomiting,Difficulty Swallowing,Unknown
Chills,Sweating,Vomiting,Abdominal Pain,Headache,Skin Redness,Confusion,Dengue
Sore Throat,Confusion,Headache,Loss of Appetite,Skin Peeling,Blurred Vision,High Blood Pressure,Malaria
Dizziness,Cough,High Blood Pressure,Blurred Vision,Nausea,Skin Peeling,Rapid Heart Rate,Unknown
Weakness,Loss of Smell,Low Blood Pressure,Chest Pain,Loss of Appetite,Headache,Confusion,Meningitis
Runny Nose,Rash,Loss of Appetite,Dizziness,Sweating,Low Blood Pressure,Abdominal Pain,Cold
Ear Pain,Weakness,Blurred Vision,Loss of Smell,Dizziness,Fever,Sweating,Dengue
Headache,Low Blood Pressure,Cough,Vomiting,Runny Nose,Sweating,Chills,Meningitis
Runny Nose,Joint Pain,Chest Pain,Difficulty Swallowing,Confusion,Rash,Muscle Pain,Unknown
Loss of Taste,Rapid Heart Rate,Shortness of Breath,Abdominal Pain,Confusion,Fatigue,Low Blood Pressure,Hypertension
Chest Pain,Fatigue,Joint Pain,High Blood Pressure,Rash,Headache,Skin Redness,Food Poisoning
Confusion,Low Blood Pressure,Joint Pain,Loss of Taste,Nausea,Ear Pain,High Blood Pressure,Unknown
Fever,Headache,Runny Nose,Rash,Fatigue,Low Blood Pressure,Skin Peeling,Meningitis
Loss of Taste,Abdominal Pain,Low Blood Pressure,Chest Pain,Muscle Pain,Difficulty Swallowing,Blurred Vision,Unknown
Rapid Heart Rate,Difficulty Swallowing,Runny Nose,Skin Redness,Fever,Confusion,Shortness of Breath,Cold
Muscle Pain,Low Blood Pressure,Nausea,Cough,Diarrhea,Rapid Heart Rate,Vomiting,Unknown
Fever,Diarrhea,Cough,Skin Peeling,Rapid Heart Rate,Vomiting,Runny Nose,Typhoid
Swollen Lymph Nodes,Chills,Diarrhea,Dizziness,Ear Pain,Blurred Vision,Rash,Unknown
Rapid Heart Rate,Weakness,Swollen Lymph Nodes,Sore Throat,Cough,Difficulty Swallowing,Nausea,Food Poisoning
Chest Pain,Skin Peeling,Low Blood Pressure,Chills,Blurred Vision,Swollen Lymph Nodes,Vomiting,Malaria
Joint Pain,Blurred Vision,Rash,Sore Throat,Weakness,Sweating,Skin Redness,Hypotension
Loss of Taste,Fever,Abdominal Pain,Difficulty Swallowing,Rapid Heart Rate,Low Blood Pressure,Headache,Migraine
Difficulty Swallowing,Swollen Lymph Nodes,Chest Pain,Loss of Smell,Sweating,Muscle Pain,Low Blood Pressure,COVID-19
Ear Pain,Weakness,Abdominal Pain,Low Blood Pressure,Skin Peeling,Sore Throat,Loss of Taste,Unknown
Rapid Heart Rate,Nausea,Skin Redness,Confusion,Runny Nose,Vomiting,Low Blood Pressure,Unknown
High Blood Pressure,Abdominal Pain,Diarrhea,Skin Peeling,Rash,Sweating,Runny Nose,Food Poisoning
Diarrhea,Vomiting,Fatigue,Difficulty Swallowing,Runny Nose,Rash,Confusion,Unknown
Low Blood Pressure,Confusion,Swollen Lymph Nodes,Weakness,Runny Nose,Fatigue,Loss of Taste,Unknown
Swollen Lymph Nodes,High Blood Pressure,Chills,Joint Pain,Fatigue,Headache,Loss of Taste,Unknown
Diarrhea,Fatigue,Loss of Appetite,Swollen Lymph Nodes,Cough,Sweating,Weakness,Unknown
Runny Nose,Joint Pain,Weakness,Fever,Difficulty Swallowing,Loss of Taste,Low Blood Pressure,Typhoid
Shortness of Breath,Weakness,Dizziness,Nausea,Sweating,High Blood Pressure,Runny Nose,Migraine
Difficulty Swallowing,Vomiting,Loss of Taste,Fatigue,Ear Pain,Sweating,Runny Nose,Hypertension
Difficulty Swallowing,Runny Nose,Sore Throat,Rash,Headache,Cough,Skin Redness,Unknown
Fatigue,Runny Nose,Sweating,Difficulty Swallowing,Skin Peeling,Skin Redness,Joint Pain,Food Poisoning
Low Blood Pressure,Shortness of Breath,Ear Pain,Skin Peeling,Nausea,Fatigue,Sore Throat,Typhoid
Nausea,Blurred Vision,Dizziness,Ear Pain,Difficulty Swallowing,Confusion,Low Blood Pressure,Hypotension
Blurred Vision,Joint Pain,Headache,Fever,Skin Redness,Difficulty Swallowing,Ear Pain,Ear Infection
Blurred Vision,Swollen Lymph Nodes,Loss of Appetite,Sore Throat,Loss of Smell,Confusion,Joint Pain,Unknown
Difficulty Swallowing,High Blood Pressure,Swollen Lymph Nodes,Shortness of Breath,Loss of Smell,Sore Throat,Vomiting,Unknown
Skin Redness,Loss of Appetite,Sore Throat,Rash,Nausea,Low Blood Pressure,Fatigue,Flu
Ear Pain,Skin Redness,Rapid Heart Rate,High Blood Pressure,Abdominal Pain,Cough,Headache,Hypotension
Weakness,Dizziness,Chills,Muscle Pain,Loss of Smell,Rapid Heart Rate,Runny Nose,Unknown
Cough,Skin Redness,Confusion,Dizziness,Joint Pain,Nausea,Diarrhea,Unknown
Skin Peeling,Swollen Lymph Nodes,Rash,Difficulty Swallowing,Sore Throat,Diarrhea,Confusion,Unknown
Loss of Appetite,Diarrhea,Nausea,Fever,Skin Redness,Vomiting,Loss of Taste,COVID-19
Nausea,Shortness of Breath,Fatigue,Dizziness,Weakness,Low Blood Pressure,Loss of Taste,Unknown
Difficulty Swallowing,Skin Peeling,Muscle Pain,Chills,Headache,Cough,Confusion,Strep Throat
Diarrhea,Loss of Taste,Difficulty Swallowing,Blurred Vision,Fatigue,Runny Nose,Loss of Smell,Unknown
Vomiting,Abdominal Pain,Loss of Appetite,Skin Redness,Loss of Taste,Difficulty Swallowing,Diarrhea,Unknown
Shortness of Breath,Ear Pain,Rapid Heart Rate,Swollen Lymph Nodes,Loss of Taste,Sweating,Fever,Strep Throat
Joint Pain,Shortness of Breath,Cough,Vomiting,Weakness,Runny Nose,Loss of Appetite,Flu
Ear Pain,Rash,Dizziness,Chest Pain,Confusion,Sweating,Difficulty Swallowing,Migraine
Cough,Swollen Lymph Nodes,Muscle Pain,Nausea,Chills,Abdominal Pain,Loss of Smell,Flu
Cough,Loss of Smell,Chest Pain,Shortness of Breath,Rapid Heart Rate,Sore Throat,Difficulty Swallowing,Unknown
Muscle Pain,Diarrhea,Low Blood Pressure,Fever,Chills,Loss of Smell,Chest Pain,Unknown
Joint Pain,Cough,Shortness of Breath,Diarrhea,Loss of Appetite,Chest Pain,Fatigue,Unknown
Shortness of Breath,Weakness,Abdominal Pain,Skin Redness,Difficulty Swallowing,Low Blood Pressure,Ear Pain,Unknown
Muscle Pain,Diarrhea,Vomiting,High Blood Pressure,Weakness,Headache,Fatigue,Migraine
Headache,Cough,High Blood Pressure,Skin Redness,Ear Pain,Low Blood Pressure,Difficulty Swallowing,Strep Throat
Chills,Shortness of Breath,Cough,Fever,Skin Redness,Confusion,Vomiting,Ear Infection
Shortness of Breath,Ear Pain,Low Blood Pressure,Muscle Pain,Weakness,Diarrhea,Fever,Food Poisoning
Sore Throat,Fever,Diarrhea,Sweating,Fatigue,Blurred Vision,Vomiting,Migraine
Skin Redness,Weakness,Low Blood Pressure,Loss of Taste,High Blood Pressure,Difficulty Swallowing,Abdominal Pain,Hypotension
Diarrhea,Fatigue,Rapid Heart Rate,Dizziness,Headache,Muscle Pain,Loss of Appetite,Hypertension
Nausea,High Blood Pressure,Chills,Chest Pain,Sweating,Confusion,Cough,Unknown
Skin Peeling,Sweating,Loss of Taste,Muscle Pain,High Blood Pressure,Difficulty Swallowing,Sore Throat,Scarlet Fever
Loss of Taste,Skin Redness,Cough,Rapid Heart Rate,Vomiting,Loss of Smell,Chills,Unknown
Shortness of Breath,Headache,Sore Throat,Loss of Smell,Runny Nose,High Blood Pressure,Skin Peeling,Unknown
Low Blood Pressure,Loss of Smell,Headache,Shortness of Breath,Rash,Blurred Vision,Runny Nose,Unknown
Nausea,Loss of Smell,Sweating,Difficulty Swallowing,High Blood Pressure,Chest Pain,Confusion,Unknown
Sweating,Weakness,Loss of Smell,High Blood Pressure,Skin Redness,Swollen Lymph Nodes,Joint Pain,Dengue
High Blood Pressure,Sore Throat,Difficulty Swallowing,Headache,Cough,Joint Pain,Blurred Vision,Unknown
Chest Pain,Skin Redness,Rapid Heart Rate,Weakness,Swollen Lymph Nodes,Dizziness,Blurred Vision,Typhoid
Vomiting,Dizziness,Joint Pain,Abdominal Pain,Low Blood Pressure,Fever,Loss of Taste,Typhoid
Fever,Confusion,Vomiting,Runny Nose,Cough,Sweating,Rash,Malaria
Chest Pain,Headache,Loss of Appetite,Nausea,Fever,Low Blood Pressure,Blurred Vision,Flu
Loss of Appetite,Swollen Lymph Nodes,Ear Pain,Skin Redness,Sweating,Weakness,Headache,Migraine
Abdominal Pain,Rash,Low Blood Pressure,Cough,Swollen Lymph Nodes,High Blood Pressure,Rapid Heart Rate,Unknown
Weakness,Muscle Pain,Vomiting,Headache,Swollen Lymph Nodes,Sweating,Rash,Unknown
Loss of Smell,Difficulty Swallowing,Joint Pain,Shortness of Breath,Skin Peeling,Sore Throat,Ear Pain,Unknown
High Blood Pressure,Dizziness,Fever,Weakness,Rapid Heart Rate,Chills,Fatigue,Strep Throat
Skin Redness,High Blood Pressure,Diarrhea,Rapid Heart Rate,Nausea,Vomiting,Loss of Taste,Unknown
Runny Nose,Rapid Heart Rate,Difficulty Swallowing,Loss of Taste,Rash,Chest Pain,Shortness of Breath,Unknown
High Blood Pressure,Chills,Headache,Loss of Appetite,Difficulty Swallowing,Blurred Vision,Swollen Lymph Nodes,Strep Throat
Nausea,Vomiting,Ear Pain,High Blood Pressure,Confusion,Diarrhea,Dizziness,Hypotension
Fever,Sweating,Weakness,Cough,Rapid Heart Rate,Loss of Smell,Low Blood Pressure,Typhoid
Fever,Loss of Appetite,Blurred Vision,Abdominal Pain,Loss of Smell,Dizziness,Weakness,Typhoid
Swollen Lymph Nodes,Headache,Abdominal Pain,Shortness of Breath,Weakness,Nausea,Confusion,Ear Infection
Skin Redness,Weakness,Blurred Vision,Chills,Joint Pain,Rash,High Blood Pressure,Scarlet Fever
Low Blood Pressure,Dizziness,Loss of Taste,Loss of Smell,Fatigue,Abdominal Pain,Chest Pain,Typhoid
Skin Redness,Confusion,High Blood Pressure,Low Blood Pressure,Rash,Loss of Taste,Blurred Vision,Unknown
Nausea,Weakness,Rapid Heart Rate,Runny Nose,Loss of Taste,Abdominal Pain,Vomiting,Unknown
Abdominal Pain,Skin Peeling,Fatigue,Rapid Heart Rate,Rash,Muscle Pain,Low Blood Pressure,Flu
Skin Peeling,Shortness of Breath,Ear Pain,Cough,Rash,Chest Pain,Blurred Vision,Migraine
Muscle Pain,Skin Peeling,Vomiting,Chest Pain,Loss of Smell,Rash,Ear Pain,Unknown
Loss of Taste,Difficulty Swallowing,Loss of Smell,Confusion,Sore Throat,Rash,Shortness of Breath,Ear Infection
Headache,Vomiting,Weakness,Loss of Taste,Sore Throat,Fever,Low Blood Pressure,Dengue
Loss of Smell,Weakness,Swollen Lymph Nodes,Chest Pain,Fatigue,Rash,Fever,Unknown
Abdominal Pain,Chills,Cough,Weakness,Skin Peeling,Skin Redness,Chest Pain,Unknown
Rapid Heart Rate,Sore Throat,Blurred Vision,Abdominal Pain,Swollen Lymph Nodes,Skin Redness,High Blood Pressure,Hypotension
Dizziness,Skin Redness,Difficulty Swallowing,Loss of Taste,Nausea,Chills,Chest Pain,Migraine
Nausea,Fever,Vomiting,Rapid Heart Rate,Chest Pain,Weakness,Cough,Ear Infection
Low Blood Pressure,Fever,Loss of Taste,Dizziness,Headache,Vomiting,Weakness,COVID-19
Loss of Appetite,Blurred Vision,Chest Pain,Joint Pain,Diarrhea,Fever,Fatigue,Ear Infection
Loss of Taste,Swollen Lymph Nodes,Sweating,Loss of Appetite,Muscle Pain,Nausea,Fatigue,Unknown
Chills,Abdominal Pain,Fever,Loss of Smell,Blurred Vision,Skin Redness,Runny Nose,Flu
Fever,Loss of Smell,Rash,Low Blood Pressure,Sore Throat,Ear Pain,Vomiting,Typhoid
Skin Peeling,Diarrhea,High Blood Pressure,Confusion,Weakness,Vomiting,Blurred Vision,Hypotension
Chills,Abdominal Pain,Loss of Smell,Weakness,Fatigue,Low Blood Pressure,Chest Pain,Hypotension
Skin Peeling,Blurred Vision,Ear Pain,Abdominal Pain,Nausea,Vomiting,Muscle Pain,Migraine
Chills,Fever,Abdominal Pain,Rash,Loss of Smell,Loss of Taste,Joint Pain,Scarlet Fever
Swollen Lymph Nodes,Rapid Heart Rate,Loss of Smell,Chills,Fatigue,Chest Pain,Skin Peeling,Pneumonia
Runny Nose,Sweating,Confusion,Joint Pain,Fatigue,Low Blood Pressure,Chest Pain,Malaria
Rapid Heart Rate,Shortness of Breath,High Blood Pressure,Diarrhea,Sore Throat,Joint Pain,Confusion,Cold
Sore Throat,Ear Pain,Skin Redness,Weakness,Muscle Pain,Rash,Blurred Vision,Ear Infection
Rash,Runny Nose,Chills,Loss of Taste,Headache,Loss of Appetite,Rapid Heart Rate,Unknown
Headache,Loss of Smell,Fatigue,Sweating,Shortness of Breath,Low Blood Pressure,Sore Throat,Hypotension
Loss of Appetite,Difficulty Swallowing,Sore Throat,Diarrhea,High Blood Pressure,Joint Pain,Muscle Pain,Typhoid
Loss of Appetite,Swollen Lymph Nodes,Rash,Sweating,Nausea,Low Blood Pressure,Chills,Unknown
Ear Pain,Difficulty Swallowing,Rapid Heart Rate,Loss of Smell,Muscle Pain,Fatigue,Diarrhea,Hypertension
Loss of Taste,Chills,Sweating,Rash,Nausea,Vomiting,Muscle Pain,Dengue
Cough,Low Blood Pressure,Skin Peeling,Headache,Chest Pain,Ear Pain,Sore Throat,Scarlet Fever
Joint Pain,Difficulty Swallowing,Chills,Loss of Appetite,Shortness of Breath,Swollen Lymph Nodes,Skin Redness,Strep Throat
Rapid Heart Rate,Dizziness,Sweating,Weakness,Skin Redness,Joint Pain,Loss of Appetite,Unknown
Fatigue,Diarrhea,Low Blood Pressure,Shortness of Breath,Rapid Heart Rate,Loss of Appetite,Chills,Unknown
High Blood Pressure,Vomiting,Fever,Sore Throat,Loss of Smell,Dizziness,Headache,Hypertension
Weakness,Loss of Smell,Skin Redness,Ear Pain,Joint Pain,Fever,Dizziness,Dengue
Diarrhea,Muscle Pain,Loss of Appetite,Loss of Taste,Fatigue,Blurred Vision,Fever,Hypertension
Confusion,Runny Nose,Fatigue,Diarrhea,High Blood Pressure,Blurred Vision,Chest Pain,Unknown
Blurred Vision,Low Blood Pressure,Fatigue,Vomiting,Swollen Lymph Nodes,Rash,Sweating,Unknown
Low Blood Pressure,Abdominal Pain,Skin Redness,Fever,Ear Pain,Confusion,Difficulty Swallowing,Meningitis
Dizziness,Diarrhea,High Blood Pressure,Rapid Heart Rate,Chest Pain,Fatigue,Skin Peeling,Pneumonia
Weakness,Diarrhea,Headache,High Blood Pressure,Fatigue,Skin Redness,Rapid Heart Rate,Flu
Nausea,Shortness of Breath,Loss of Smell,Sore Throat,Muscle Pain,Loss of Taste,Skin Peeling,Migraine
Fever,High Blood Pressure,Loss of Appetite,Rash,Low Blood Pressure,Difficulty Swallowing,Swollen Lymph Nodes,Hypotension
Skin Redness,Loss of Smell,Vomiting,Runny Nose,Swollen Lymph Nodes,Low Blood Pressure,Fatigue,Flu
Runny Nose,Diarrhea,Rash,Chest Pain,Difficulty Swallowing,Muscle Pain,Chills,Unknown
Ear Pain,Loss of Appetite,Shortness of Breath,Joint Pain,Nausea,Sweating,High Blood Pressure,Unknown
Abdominal Pain,Weakness,Blurred Vision,Headache,Difficulty Swallowing,Shortness of Breath,Confusion,Hypotension
Skin Peeling,Sore Throat,Chills,Loss of Taste,Shortness of Breath,High Blood Pressure,Rapid Heart Rate,Scarlet Fever
Skin Redness,Rash,Vomiting,Dizziness,Muscle Pain,Blurred Vision,Ear Pain,Unknown
Blurred Vision,Fever,Low Blood Pressure,Weakness,Abdominal Pain,High Blood Pressure,Headache,Meningitis
Dizziness,Loss of Smell,Weakness,Skin Peeling,Chest Pain,Runny Nose,Vomiting,Hypotension
Fatigue,Skin Redness,Chills,Headache,Nausea,Joint Pain,Weakness,Scarlet Fever
Loss of Appetite,Chills,Difficulty Swallowing,Low Blood Pressure,Runny Nose,Ear Pain,Chest Pain,Pneumonia
Fatigue,Runny Nose,Low Blood Pressure,Loss of Taste,Rash,Muscle Pain,Dizziness,Unknown
Diarrhea,Sweating,Cough,Ear Pain,Difficulty Swallowing,Headache,Joint Pain,Hypertension
Rash,Sore Throat,Chills,Abdominal Pain,Nausea,Confusion,Dizziness,Malaria
Loss of Taste,Rash,Diarrhea,Rapid Heart Rate,Swollen Lymph Nodes,Difficulty Swallowing,High Blood Pressure,Dengue
Headache,Abdominal Pain,Rash,Chest Pain,Sweating,Vomiting,Ear Pain,Typhoid
Fever,Weakness,Ear Pain,Difficulty Swallowing,Blurred Vision,Loss of Smell,Chest Pain,Flu
Sweating,Swollen Lymph Nodes,Fever,Weakness,Cough,Abdominal Pain,Loss of Smell,Unknown
Chills,Sore Throat,Sweating,Skin Peeling,Dizziness,Swollen Lymph Nodes,Loss of Smell,Unknown
Rapid Heart Rate,Diarrhea,Rash,Headache,Chills,Weakness,Chest Pain,Hypotension
Muscle Pain,Swollen Lymph Nodes,Cough,Loss of Taste,Dizziness,Skin Redness,Headache,Flu
Rash,Joint Pain,Confusion,Nausea,Chills,High Blood Pressure,Fever,Unknown
Diarrhea,Sore Throat,Skin Redness,Joint Pain,Abdominal Pain,Loss of Taste,Vomiting,Unknown
Nausea,Diarrhea,Loss of Appetite,Skin Redness,Rapid Heart Rate,Confusion,Chills,Typhoid
Confusion,Sweating,Dizziness,Rash,Shortness of Breath,High Blood Pressure,Loss of Appetite,Unknown
Shortness of Breath,Cough,Loss of Appetite,Chills,Rapid Heart Rate,Headache,Sweating,Meningitis
Low Blood Pressure,Skin Peeling,Swollen Lymph Nodes,Fever,Dizziness,Blurred Vision,Ear Pain,Malaria
Difficulty Swallowing,Headache,Swollen Lymph Nodes,Sweating,Low Blood Pressure,Blurred Vision,Shortness of Breath,Migraine
Shortness of Breath,Blurred Vision,Sore Throat,Chills,Skin Redness,Runny Nose,Ear Pain,Unknown
Shortness of Breath,Skin Redness,Cough,Blurred Vision,Sweating,Difficulty Swallowing,Rapid Heart Rate,Cold
Weakness,Ear Pain,Joint Pain,Skin Peeling,Diarrhea,Swollen Lymph Nodes,Nausea,Scarlet Fever
Difficulty Swallowing,High Blood Pressure,Chest Pain,Loss of Appetite,Shortness of Breath,Chills,Rash,COVID-19
Joint Pain,Skin Redness,Difficulty Swallowing,Sweating,Loss of Taste,Headache,Loss of Smell,Unknown
Abdominal Pain,Ear Pain,Loss of Smell,Rapid Heart Rate,Runny Nose,Chills,Cough,COVID-19
Diarrhea,Weakness,Vomiting,Ear Pain,Dizziness,Loss of Appetite,Sweating,Unknown
Sore Throat,Rash,Nausea,Chills,Blurred Vision,Dizziness,Joint Pain,Hypertension
Ear Pain,Loss of Taste,Joint Pain,Headache,Cough,Blurred Vision,Fatigue,COVID-19
Rash,Weakness,Dizziness,Joint Pain,Skin Redness,Sore Throat,Ear Pain,Strep Throat
Weakness,Loss of Taste,Swollen Lymph Nodes,Vomiting,Fever,Blurred Vision,Joint Pain,Unknown
Loss of Smell,Runny Nose,Shortness of Breath,Loss of Taste,Cough,Skin Redness,Chest Pain,Flu
Loss of Appetite,Cough,Weakness,Muscle Pain,Diarrhea,High Blood Pressure,Confusion,Dengue
Loss of Appetite,Chest Pain,Shortness of Breath,Chills,Joint Pain,Low Blood Pressure,Loss of Smell,Unknown
Low Blood Pressure,Ear Pain,Diarrhea,Sore Throat,Nausea,Blurred Vision,Fatigue,Ear Infection
Sore Throat,Blurred Vision,Swollen Lymph Nodes,Loss of Smell,Chest Pain,Weakness,Headache,Meningitis
Confusion,Joint Pain,Shortness of Breath,Blurred Vision,Ear Pain,Difficulty Swallowing,Loss of Smell,COVID-19
Confusion,Blurred Vision,Rash,Loss of Taste,Skin Peeling,Joint Pain,Vomiting,Unknown
Low Blood Pressure,Confusion,Loss of Taste,Difficulty Swallowing,Sore Throat,Abdominal Pain,Chest Pain,Cold
Rapid Heart Rate,Fever,Nausea,Headache,High Blood Pressure,Loss of Smell,Loss of Appetite,Hypertension
Loss of Taste,Cough,Loss of Smell,Chest Pain,Weakness,Headache,Sore Throat,Hypotension
Abdominal Pain,Confusion,Loss of Appetite,Diarrhea,Chest Pain,Chills,Swollen Lymph Nodes,Unknown
Weakness,Confusion,Dizziness,Abdominal Pain,Chest Pain,Vomiting,Runny Nose,Meningitis
Runny Nose,Loss of Smell,Rapid Heart Rate,Low Blood Pressure,Fatigue,Ear Pain,Skin Peeling,COVID-19
Headache,Fever,Chills,Chest Pain,Blurred Vision,Muscle Pain,Loss of Taste,Meningitis
Muscle Pain,Confusion,Fever,Loss of Appetite,Fatigue,Difficulty Swallowing,High Blood Pressure,Food Poisoning
Difficulty Swallowing,Swollen Lymph Nodes,Rash,Runny Nose,Confusion,Sore Throat,Headache,Hypertension
Shortness of Breath,Confusion,Cough,Rash,Vomiting,Sore Throat,High Blood Pressure,Pneumonia
Sweating,Shortness of Breath,Loss of Appetite,Ear Pain,Nausea,Rapid Heart Rate,Cough,Hypotension
Fever,Swollen Lymph Nodes,Sweating,Difficulty Swallowing,Cough,Headache,Diarrhea,Pneumonia
Abdominal Pain,Skin Redness,Fatigue,Vomiting,Headache,Fever,Runny Nose,Meningitis
Fever,Fatigue,Shortness of Breath,Low Blood Pressure,Loss of Taste,Cough,Difficulty Swallowing,Strep Throat
Fever,Confusion,Skin Redness,Loss of Appetite,Sore Throat,Shortness of Breath,Headache,Typhoid
Chest Pain,Swollen Lymph Nodes,Runny Nose,Joint Pain,Weakness,Blurred Vision,Skin Redness,Unknown
Chest Pain,Sore Throat,High Blood Pressure,Dizziness,Cough,Confusion,Chills,Meningitis
Chills,Loss of Taste,Joint Pain,Muscle Pain,Runny Nose,Shortness of Breath,Low Blood Pressure,Dengue
Dizziness,Loss of Appetite,Blurred Vision,Low Blood Pressure,Skin Peeling,Rash,High Blood Pressure,Dengue
High Blood Pressure,Loss of Taste,Weakness,Confusion,Sweating,Fatigue,Chills,Flu
Swollen Lymph Nodes,Weakness,Vomiting,Fever,Rapid Heart Rate,Rash,Shortness of Breath,COVID-19
Shortness of Breath,Runny Nose,Swollen Lymph Nodes,Diarrhea,Vomiting,Joint Pain,Muscle Pain,Unknown
Dizziness,Fatigue,Cough,Rapid Heart Rate,Skin Peeling,Sweating,Runny Nose,Typhoid
Cough,Loss of Taste,Headache,Dizziness,Rash,Difficulty Swallowing,Sweating,Unknown
Blurred Vision,Joint Pain,Chest Pain,Abdominal Pain,Vomiting,Skin Peeling,Cough,Pneumonia
Sweating,Fever,Diarrhea,Loss of Taste,Skin Peeling,Difficulty Swallowing,Rash,Unknown
Chills,Vomiting,Loss of Taste,Runny Nose,Chest Pain,High Blood Pressure,Rapid Heart Rate,Unknown
Rapid Heart Rate,Diarrhea,Shortness of Breath,Joint Pain,Vomiting,Rash,Dizziness,Pneumonia
Muscle Pain,Fever,Low Blood Pressure,Nausea,Sore Throat,Confusion,Vomiting,Hypotension
Fatigue,Chest Pain,Shortness of Breath,Skin Redness,Sore Throat,Dizziness,Cough,Migraine
Low Blood Pressure,Vomiting,Sweating,Skin Peeling,Loss of Smell,Cough,Headache,Ear Infection
Abdominal Pain,Low Blood Pressure,Sweating,Muscle Pain,Headache,Skin Peeling,Loss of Appetite,Flu
Low Blood Pressure,Sore Throat,Shortness of Breath,Loss of Smell,Swollen Lymph Nodes,Runny Nose,Rash,Scarlet Fever
Loss of Taste,Swollen Lymph Nodes,Sore Throat,Rash,Sweating,Nausea,Loss of Smell,Cold
Sweating,Rash,Headache,Muscle Pain,Shortness of Breath,Weakness,Abdominal Pain,Typhoid
Sore Throat,Difficulty Swallowing,Chest Pain,Loss of Appetite,Nausea,Headache,Confusion,Strep Throat
Shortness of Breath,Rapid Heart Rate,Dizziness,Fatigue,Loss of Smell,Skin Redness,Muscle Pain,Dengue
Loss of Smell,Skin Redness,Sweating,Diarrhea,Fatigue,Rash,Loss of Taste,Unknown
Low Blood Pressure,Confusion,Skin Redness,Joint Pain,Sweating,Runny Nose,Chills,Unknown
Vomiting,Fever,Diarrhea,Skin Redness,Sweating,Shortness of Breath,Rash,Ear Infection
Abdominal Pain,Nausea,Loss of Taste,Sore Throat,Skin Peeling,Fatigue,Loss of Appetite,Unknown
Fever,Weakness,Vomiting,Chills,Shortness of Breath,Headache,Abdominal Pain,Pneumonia
Low Blood Pressure,Sweating,Confusion,Ear Pain,Dizziness,Rash,Joint Pain,Unknown
Muscle Pain,Joint Pain,Fatigue,Confusion,Ear Pain,Blurred Vision,Nausea,Hypertension
Vomiting,Loss of Appetite,Muscle Pain,Nausea,Difficulty Swallowing,Abdominal Pain,Shortness of Breath,COVID-19
Muscle Pain,Skin Redness,Diarrhea,Fever,Dizziness,Loss of Taste,Ear Pain,Typhoid
Ear Pain,Skin Redness,Weakness,Blurred Vision,Dizziness,Confusion,Shortness of Breath,Scarlet Fever
Dizziness,Loss of Appetite,Runny Nose,Sore Throat,Weakness,Rapid Heart Rate,Chills,COVID-19
Abdominal Pain,Confusion,Fatigue,Diarrhea,Blurred Vision,Loss of Taste,Skin Peeling,Unknown
Difficulty Swallowing,Sore Throat,Confusion,Skin Peeling,Chest Pain,Weakness,Cough,Hypotension
Confusion,Headache,Dizziness,Loss of Appetite,Chills,Abdominal Pain,High Blood Pressure,Migraine
Chills,Ear Pain,Skin Redness,Swollen Lymph Nodes,Blurred Vision,Confusion,Runny Nose,Migraine
Joint Pain,Runny Nose,Skin Redness,Chest Pain,Chills,Low Blood Pressure,Confusion,Pneumonia
Sore Throat,Fatigue,Loss of Smell,Fever,Dizziness,Diarrhea,Blurred Vision,Migraine
Loss of Taste,Sweating,Rash,Blurred Vision,Loss of Appetite,Shortness of Breath,Fatigue,Pneumonia
Difficulty Swallowing,Headache,Loss of Appetite,Nausea,Sweating,Runny Nose,Cough,Hypertension
Sweating,Sore Throat,Rapid Heart Rate,Shortness of Breath,Muscle Pain,Ear Pain,Abdominal Pain,Strep Throat
Blurred Vision,Muscle Pain,Rash,Confusion,Skin Peeling,Skin Redness,Diarrhea,Unknown
Chest Pain,Abdominal Pain,Difficulty Swallowing,Joint Pain,Rapid Heart Rate,Weakness,Swollen Lymph Nodes,Food Poisoning
Runny Nose,Shortness of Breath,Skin Redness,Fatigue,Vomiting,Difficulty Swallowing,Swollen Lymph Nodes,Unknown
Rapid Heart Rate,Sweating,Blurred Vision,Skin Peeling,Confusion,Ear Pain,Sore Throat,Unknown
Ear Pain,Diarrhea,Chills,Swollen Lymph Nodes,Loss of Taste,Nausea,Sore Throat,Cold
Ear Pain,Diarrhea,Loss of Smell,Rapid Heart Rate,Vomiting,Sweating,Confusion,Unknown
Weakness,Skin Redness,High Blood Pressure,Nausea,Confusion,Abdominal Pain,Dizziness,Unknown
Chest Pain,Blurred Vision,Nausea,Cough,Ear Pain,Loss of Appetite,Diarrhea,Typhoid
Swollen Lymph Nodes,Fever,Weakness,Loss of Smell,Sweating,Low Blood Pressure,Loss of Appetite,Unknown
Headache,Fever,High Blood Pressure,Muscle Pain,Skin Redness,Loss of Smell,Confusion,COVID-19
Blurred Vision,Headache,Fatigue,Skin Redness,Weakness,Muscle Pain,Dizziness,Flu
Dizziness,Loss of Taste,Swollen Lymph Nodes,Rash,Blurred Vision,High Blood Pressure,Fatigue,Unknown
Dizziness,Runny Nose,Chills,Loss of Appetite,Swollen Lymph Nodes,Rapid Heart Rate,Nausea,Cold
Cough,Dizziness,Difficulty Swallowing,Headache,Sore Throat,Confusion,Chills,Migraine
Loss of Taste,Chills,Weakness,Loss of Smell,Confusion,Diarrhea,High Blood Pressure,Typhoid
Loss of Taste,Joint Pain,Low Blood Pressure,Weakness,Muscle Pain,Headache,Fatigue,Flu
Chest Pain,Skin Peeling,Low Blood Pressure,Muscle Pain,Joint Pain,Rash,Confusion,Unknown
Weakness,Skin Peeling,Skin Redness,Joint Pain,Vomiting,Loss of Taste,Diarrhea,Scarlet Fever
Ear Pain,Difficulty Swallowing,Low Blood Pressure,Blurred Vision,Confusion,High Blood Pressure,Vomiting,Migraine
Fatigue,Loss of Appetite,Sweating,Fever,Loss of Smell,Shortness of Breath,Loss of Taste,Food Poisoning
Vomiting,Difficulty Swallowing,Shortness of Breath,Muscle Pain,Ear Pain,Headache,Skin Peeling,Migraine
Weakness,Sore Throat,Headache,Confusion,Diarrhea,Shortness of Breath,Low Blood Pressure,Hypertension
Fever,Fatigue,Cough,Shortness of Breath,Low Blood Pressure,Loss of Taste,Sweating,Flu
Swollen Lymph Nodes,Vomiting,Joint Pain,Difficulty Swallowing,Chest Pain,Rash,High Blood Pressure,Unknown
Skin Peeling,Ear Pain,Blurred Vision,Low Blood Pressure,Confusion,Rapid Heart Rate,Loss of Taste,Unknown
Fatigue,Difficulty Swallowing,Weakness,Muscle Pain,Rash,Chest Pain,Diarrhea,Pneumonia
Nausea,Fatigue,Shortness of Breath,Joint Pain,Ear Pain,Vomiting,Skin Redness,Food Poisoning
Swollen Lymph Nodes,Dizziness,Chills,Weakness,Headache,Nausea,Ear Pain,Hypotension
Loss of Appetite,Joint Pain,Skin Peeling,Swollen Lymph Nodes,Sweating,Difficulty Swallowing,Low Blood Pressure,Malaria
Skin Peeling,Chest Pain,Rash,Vomiting,Loss of Taste,Loss of Appetite,Abdominal Pain,COVID-19
Fatigue,Sweating,Abdominal Pain,Ear Pain,Dizziness,Blurred Vision,Skin Peeling,Unknown
Vomiting,Sore Throat,Rapid Heart Rate,Ear Pain,Muscle Pain,Blurred Vision,Confusion,Meningitis
Skin Peeling,Sore Throat,Swollen Lymph Nodes,Headache,Chest Pain,Fatigue,Nausea,Malaria
Blurred Vision,Loss of Smell,Skin Peeling,Swollen Lymph Nodes,Rash,Sore Throat,Difficulty Swallowing,Dengue
Headache,Chest Pain,Skin Redness,Ear Pain,Rash,Skin Peeling,Vomiting,Meningitis
Confusion,Joint Pain,Loss of Appetite,Chills,Shortness of Breath,Loss of Smell,Weakness,Unknown
Cough,Joint Pain,Loss of Appetite,Diarrhea,Fatigue,Ear Pain,Blurred Vision,Unknown
Nausea,Confusion,Loss of Appetite,Low Blood Pressure,Dizziness,Difficulty Swallowing,Cough,Unknown
Chest Pain,High Blood Pressure,Skin Redness,Loss of Appetite,Headache,Vomiting,Muscle Pain,Ear Infection
Loss of Appetite,Ear Pain,Skin Peeling,Runny Nose,Blurred Vision,Chills,Sweating,Scarlet Fever
Shortness of Breath,Ear Pain,Loss of Taste,Loss of Appetite,Muscle Pain,Fever,Skin Redness,Malaria
Chest Pain,Joint Pain,Blurred Vision,Loss of Taste,Weakness,Fever,Shortness of Breath,Malaria
Loss of Appetite,Loss of Smell,Headache,Dizziness,Loss of Taste,Chest Pain,Fever,Typhoid
Fever,Chills,Nausea,Dizziness,Fatigue,Runny Nose,Skin Peeling,Hypertension
Abdominal Pain,Weakness,Muscle Pain,Swollen Lymph Nodes,Chills,Rash,Confusion,Typhoid
Low Blood Pressure,Abdominal Pain,Skin Peeling,Confusion,Blurred Vision,Loss of Smell,Weakness,COVID-19
Fever,Cough,Muscle Pain,Weakness,Joint Pain,Rash,Low Blood Pressure,Unknown
Low Blood Pressure,Loss of Taste,Shortness of Breath,Cough,Loss of Appetite,Sweating,Joint Pain,Hypotension
Sweating,Cough,Diarrhea,Fever,Chills,Runny Nose,Rapid Heart Rate,Unknown
Muscle Pain,Weakness,Swollen Lymph Nodes,High Blood Pressure,Cough,Skin Redness,Rash,Flu
Low Blood Pressure,Joint Pain,Fatigue,Abdominal Pain,Skin Peeling,Headache,Cough,Food Poisoning
Fatigue,Loss of Appetite,Rash,Abdominal Pain,Difficulty Swallowing,Muscle Pain,Dizziness,Cold
Shortness of Breath,Ear Pain,Rapid Heart Rate,Swollen Lymph Nodes,Fever,Loss of Taste,Loss of Appetite,Unknown
Fever,Swollen Lymph Nodes,Sweating,Dizziness,Loss of Smell,Diarrhea,Blurred Vision,Hypertension
Skin Redness,Shortness of Breath,Runny Nose,Loss of Taste,Headache,Loss of Appetite,Chills,Ear Infection
Loss of Appetite,Weakness,Headache,Nausea,Dizziness,Chest Pain,Abdominal Pain,COVID-19
Loss of Appetite,Rash,Chills,Swollen Lymph Nodes,Confusion,Nausea,High Blood Pressure,Unknown
Weakness,Confusion,Fever,Blurred Vision,Chills,Loss of Smell,Skin Redness,Flu
Runny Nose,Headache,Ear Pain,Abdominal Pain,Swollen Lymph Nodes,Nausea,Chills,Unknown
Sore Throat,Vomiting,Skin Peeling,Fatigue,Weakness,Nausea,Dizziness,Unknown
Difficulty Swallowing,Runny Nose,Skin Peeling,Rash,Chest Pain,High Blood Pressure,Sore Throat,Unknown
Muscle Pain,Sore Throat,Nausea,Fatigue,High Blood Pressure,Loss of Appetite,Ear Pain,Unknown
Difficulty Swallowing,Chills,Low Blood Pressure,Ear Pain,Joint Pain,Rash,Rapid Heart Rate,Unknown
Chills,Weakness,Loss of Appetite,Sweating,Headache,Loss of Taste,Swollen Lymph Nodes,Unknown
Skin Redness,Nausea,Abdominal Pain,Confusion,Ear Pain,Difficulty Swallowing,Shortness of Breath,Migraine
Ear Pain,High Blood Pressure,Shortness of Breath,Low Blood Pressure,Diarrhea,Joint Pain,Dizziness,Unknown
Nausea,High Blood Pressure,Chills,Headache,Weakness,Fever,Abdominal Pain,Dengue
Dizziness,Cough,Joint Pain,Loss of Smell,Runny Nose,Chest Pain,Sore Throat,Cold
Loss of Taste,Confusion,Joint Pain,Loss of Appetite,Abdominal Pain,Sweating,Difficulty Swallowing,Typhoid
Loss of Taste,Rapid Heart Rate,Sore Throat,Difficulty Swallowing,Diarrhea,Blurred Vision,Cough,COVID-19
Rapid Heart Rate,Cough,Skin Peeling,Fever,Rash,Muscle Pain,Ear Pain,Dengue
Cough,Low Blood Pressure,High Blood Pressure,Sore Throat,Rash,Loss of Taste,Joint Pain,Unknown
Diarrhea,Nausea,Swollen Lymph Nodes,Loss of Appetite,High Blood Pressure,Sweating,Muscle Pain,Unknown
Fatigue,Runny Nose,Sweating,Dizziness,Loss of Taste,Headache,Diarrhea,Ear Infection
High Blood Pressure,Headache,Rash,Loss of Taste,Cough,Chills,Confusion,Cold
Joint Pain,High Blood Pressure,Skin Peeling,Low Blood Pressure,Diarrhea,Weakness,Swollen Lymph Nodes,Dengue
Shortness of Breath,Rash,High Blood Pressure,Skin Redness,Loss of Appetite,Sore Throat,Chills,Flu
Ear Pain,Skin Redness,Dizziness,Diarrhea,Confusion,Sore Throat,Nausea,Hypertension
Diarrhea,Rapid Heart Rate,Abdominal Pain,Loss of Appetite,Runny Nose,Chest Pain,Skin Peeling,Unknown
Dizziness,Headache,High Blood Pressure,Loss of Smell,Fever,Joint Pain,Muscle Pain,Migraine
Vomiting,Muscle Pain,Cough,Diarrhea,Low Blood Pressure,High Blood Pressure,Shortness of Breath,Unknown
Skin Redness,Diarrhea,Dizziness,Rapid Heart Rate,Sore Throat,Low Blood Pressure,Shortness of Breath,Unknown
Loss of Taste,Rapid Heart Rate,Diarrhea,Dizziness,Chest Pain,Shortness of Breath,Muscle Pain,COVID-19
Loss of Taste,Skin Redness,Swollen Lymph Nodes,Dizziness,Runny Nose,Diarrhea,Shortness of Breath,Food Poisoning
Headache,Skin Peeling,High Blood Pressure,Ear Pain,Nausea,Loss of Smell,Joint Pain,Food Poisoning
Swollen Lymph Nodes,Difficulty Swallowing,Confusion,Vomiting,Chest Pain,Blurred Vision,Abdominal Pain,Pneumonia
Ear Pain,Loss of Taste,Weakness,Blurred Vision,Shortness of Breath,Rapid Heart Rate,Chest Pain,Unknown
Confusion,Dizziness,Loss of Smell,Difficulty Swallowing,High Blood Pressure,Diarrhea,Runny Nose,Unknown
Rash,Nausea,Dizziness,Low Blood Pressure,Chest Pain,Ear Pain,Loss of Appetite,COVID-19
Diarrhea,Low Blood Pressure,Sore Throat,Dizziness,Chest Pain,Rash,Loss of Smell,Hypotension
Headache,Shortness of Breath,Vomiting,Rash,Difficulty Swallowing,Chills,Dizziness,Migraine
Sore Throat,Confusion,Cough,Diarrhea,Chest Pain,High Blood Pressure,Fever,Food Poisoning
Loss of Taste,Blurred Vision,Loss of Smell,High Blood Pressure,Loss of Appetite,Nausea,Fever,Unknown
Joint Pain,Abdominal Pain,Loss of Taste,Rash,Muscle Pain,Sweating,Blurred Vision,Unknown
Difficulty Swallowing,Cough,Vomiting,Loss of Taste,Fever,Ear Pain,Chills,Unknown
Fatigue,Cough,Vomiting,Loss of Taste,Runny Nose,High Blood Pressure,Confusion,Hypertension
Rapid Heart Rate,Rash,Confusion,Skin Peeling,Dizziness,Fatigue,Shortness of Breath,Hypotension
Runny Nose,Skin Peeling,Weakness,Joint Pain,Skin Redness,Vomiting,Nausea,Typhoid
Fatigue,Confusion,Rash,Rapid Heart Rate,Chest Pain,Loss of Smell,Skin Redness,Scarlet Fever
Vomiting,Loss of Appetite,High Blood Pressure,Joint Pain,Low Blood Pressure,Muscle Pain,Runny Nose,Unknown
Weakness,Confusion,High Blood Pressure,Headache,Sore Throat,Loss of Appetite,Fatigue,Scarlet Fever
Fatigue,Dizziness,Diarrhea,Chills,Blurred Vision,Joint Pain,Confusion,COVID-19
Skin Redness,Blurred Vision,Sweating,Muscle Pain,Skin Peeling,Loss of Smell,Swollen Lymph Nodes,COVID-19
Skin Peeling,Loss of Smell,Runny Nose,Joint Pain,Blurred Vision,Confusion,Difficulty Swallowing,Ear Infection
Blurred Vision,High Blood Pressure,Shortness of Breath,Fever,Difficulty Swallowing,Cough,Vomiting,Dengue
Rash,Swollen Lymph Nodes,Loss of Taste,Chest Pain,Loss of Smell,Fatigue,Ear Pain,Unknown
Ear Pain,Joint Pain,Loss of Smell,Vomiting,Loss of Appetite,Loss of Taste,Skin Peeling,COVID-19
Headache,Difficulty Swallowing,Fever,Shortness of Breath,Swollen Lymph Nodes,Abdominal Pain,Runny Nose,Migraine
Headache,Skin Redness,Loss of Smell,Loss of Taste,Diarrhea,Joint Pain,Fatigue,Ear Infection
Dizziness,Swollen Lymph Nodes,Blurred Vision,Loss of Taste,Loss of Appetite,Cough,Loss of Smell,Unknown
Loss of Taste,Cough,Nausea,Confusion,Vomiting,Fatigue,High Blood Pressure,Flu
Rapid Heart Rate,Blurred Vision,Fatigue,Vomiting,Chest Pain,Weakness,Headache,Meningitis
Fatigue,Loss of Appetite,Dizziness,Skin Peeling,Weakness,Ear Pain,Nausea,Typhoid
Sore Throat,Rash,Low Blood Pressure,Nausea,Sweating,Blurred Vision,Chest Pain,Flu
Blurred Vision,Rapid Heart Rate,Swollen Lymph Nodes,Muscle Pain,Headache,Chest Pain,Skin Peeling,Strep Throat
Chest Pain,Loss of Smell,Dizziness,Fatigue,Rapid Heart Rate,Blurred Vision,Difficulty Swallowing,Migraine
Dizziness,Loss of Appetite,Headache,Loss of Taste,Low Blood Pressure,Blurred Vision,Cough,Unknown
Chills,Shortness of Breath,Runny Nose,Swollen Lymph Nodes,Sweating,Loss of Smell,Abdominal Pain,COVID-19
Skin Redness,Vomiting,Diarrhea,High Blood Pressure,Sore Throat,Rash,Chest Pain,Unknown
Loss of Smell,Loss of Appetite,Headache,Dizziness,Confusion,Rapid Heart Rate,Chest Pain,Unknown
Abdominal Pain,Skin Redness,Vomiting,Chills,Dizziness,Loss of Taste,Blurred Vision,Unknown
Vomiting,Difficulty Swallowing,High Blood Pressure,Rash,Diarrhea,Fever,Weakness,Food Poisoning
High Blood Pressure,Chills,Diarrhea,Rapid Heart Rate,Dizziness,Cough,Abdominal Pain,Migraine
Nausea,Shortness of Breath,High Blood Pressure,Difficulty Swallowing,Loss of Smell,Vomiting,Swollen Lymph Nodes,Unknown
Swollen Lymph Nodes,Headache,Dizziness,Vomiting,Chills,Shortness of Breath,High Blood Pressure,Hypertension
Skin Peeling,High Blood Pressure,Rapid Heart Rate,Rash,Loss of Taste,Loss of Appetite,Blurred Vision,Unknown
Difficulty Swallowing,Sweating,Rapid Heart Rate,Cough,Fatigue,Swollen Lymph Nodes,Blurred Vision,Ear Infection
Shortness of Breath,Abdominal Pain,Ear Pain,Diarrhea,Loss of Appetite,Loss of Smell,Chills,COVID-19
Sweating,Diarrhea,Ear Pain,Difficulty Swallowing,Nausea,Swollen Lymph Nodes,Low Blood Pressure,Unknown
Fatigue,Abdominal Pain,High Blood Pressure,Skin Peeling,Ear Pain,Weakness,Diarrhea,Scarlet Fever
Loss of Appetite,Confusion,Skin Redness,Abdominal Pain,Loss of Smell,Headache,Dizziness,Migraine
Sweating,Chest Pain,Difficulty Swallowing,Blurred Vision,High Blood Pressure,Muscle Pain,Swollen Lymph Nodes,Strep Throat
Confusion,Diarrhea,Ear Pain,Chills,Loss of Taste,Vomiting,Skin Peeling,Unknown
Chills,Nausea,Blurred Vision,Ear Pain,Loss of Appetite,Shortness of Breath,Weakness,Typhoid
Abdominal Pain,Sore Throat,Swollen Lymph Nodes,Ear Pain,Skin Peeling,Chills,Diarrhea,Unknown
Confusion,Skin Peeling,Vomiting,Sweating,Abdominal Pain,Blurred Vision,Ear Pain,Unknown
Abdominal Pain,Loss of Smell,Ear Pain,Low Blood Pressure,Vomiting,Shortness of Breath,Swollen Lymph Nodes,Unknown
Skin Redness,Swollen Lymph Nodes,Confusion,Loss of Smell,High Blood Pressure,Ear Pain,Difficulty Swallowing,Unknown
Dizziness,Skin Peeling,Loss of Smell,Vomiting,Sore Throat,Low Blood Pressure,Fatigue,COVID-19
Runny Nose,Loss of Appetite,Difficulty Swallowing,Rash,Muscle Pain,Nausea,Headache,Typhoid
Fatigue,Sweating,Loss of Taste,Low Blood Pressure,Loss of Smell,High Blood Pressure,Loss of Appetite,Typhoid
Headache,Rapid Heart Rate,Swollen Lymph Nodes,Vomiting,Nausea,Difficulty Swallowing,Weakness,Flu
Shortness of Breath,Rash,Swollen Lymph Nodes,Rapid Heart Rate,High Blood Pressure,Skin Redness,Diarrhea,COVID-19
Nausea,Sweating,Sore Throat,Headache,Confusion,Skin Peeling,Loss of Smell,Unknown
Blurred Vision,Cough,Low Blood Pressure,Ear Pain,Sweating,Shortness of Breath,Muscle Pain,Unknown
Loss of Appetite,Shortness of Breath,Diarrhea,Fever,Loss of Smell,Difficulty Swallowing,Cough,Meningitis
Fever,Loss of Taste,Sore Throat,Difficulty Swallowing,Loss of Appetite,Cough,Joint Pain,Flu
Skin Redness,Loss of Appetite,Abdominal Pain,Low Blood Pressure,Runny Nose,Vomiting,Fatigue,Unknown
Dizziness,Cough,Weakness,Blurred Vision,Vomiting,Chest Pain,High Blood Pressure,Unknown
Confusion,Blurred Vision,Dizziness,Vomiting,Shortness of Breath,Rash,Chills,Food Poisoning
Low Blood Pressure,Weakness,Dizziness,Loss of Smell,Loss of Taste,Chest Pain,Blurred Vision,Typhoid
Diarrhea,Headache,Shortness of Breath,Loss of Appetite,Fever,Abdominal Pain,Dizziness,Migraine
Confusion,Loss of Taste,Abdominal Pain,Dizziness,Nausea,Cough,Chills,Meningitis
Fatigue,Blurred Vision,Abdominal Pain,Confusion,Swollen Lymph Nodes,Vomiting,Diarrhea,Unknown
Joint Pain,Sweating,Ear Pain,Headache,High Blood Pressure,Loss of Appetite,Rash,Unknown
Runny Nose,Sweating,Ear Pain,Sore Throat,Fatigue,Low Blood Pressure,Chest Pain,Malaria
Joint Pain,Sweating,Low Blood Pressure,Abdominal Pain,Loss of Taste,Fever,Headache,Meningitis
Loss of Smell,Skin Redness,Loss of Appetite,Weakness,Vomiting,Loss of Taste,Joint Pain,Unknown
Ear Pain,Headache,Loss of Appetite,Joint Pain,Loss of Taste,Skin Redness,Fatigue,Cold
Vomiting,Difficulty Swallowing,Fatigue,Sweating,Diarrhea,Headache,Sore Throat,COVID-19
Skin Redness,High Blood Pressure,Blurred Vision,Nausea,Weakness,Diarrhea,Loss of Taste,Unknown
Chills,Headache,Sweating,Skin Redness,Diarrhea,Chest Pain,Weakness,Food Poisoning
Headache,Skin Peeling,Rapid Heart Rate,Abdominal Pain,Confusion,Swollen Lymph Nodes,Diarrhea,Food Poisoning
Skin Peeling,Shortness of Breath,Joint Pain,Nausea,Blurred Vision,Fatigue,Swollen Lymph Nodes,COVID-19
Shortness of Breath,Loss of Taste,Rapid Heart Rate,Diarrhea,Loss of Smell,Skin Peeling,Swollen Lymph Nodes,Unknown
Cough,Abdominal Pain,High Blood Pressure,Dizziness,Chills,Low Blood Pressure,Difficulty Swallowing,Typhoid
Chest Pain,Dizziness,Low Blood Pressure,Loss of Smell,Sore Throat,Confusion,Nausea,Flu
Loss of Appetite,Weakness,Fever,Diarrhea,Difficulty Swallowing,Rash,Vomiting,Ear Infection
Ear Pain,Skin Redness,Swollen Lymph Nodes,Sore Throat,Dizziness,Loss of Smell,Blurred Vision,Unknown
Nausea,Dizziness,Swollen Lymph Nodes,Headache,Low Blood Pressure,High Blood Pressure,Vomiting,Unknown
Skin Peeling,Loss of Appetite,Cough,Abdominal Pain,Low Blood Pressure,Diarrhea,Loss of Taste,COVID-19
Shortness of Breath,Loss of Appetite,Low Blood Pressure,Sore Throat,Loss of Taste,Muscle Pain,Blurred Vision,COVID-19
Rash,Runny Nose,Swollen Lymph Nodes,Cough,Headache,Chest Pain,Skin Peeling,Pneumonia
Ear Pain,Abdominal Pain,Blurred Vision,Fever,Loss of Taste,Sore Throat,Diarrhea,Migraine
Chest Pain,Joint Pain,Vomiting,Blurred Vision,Weakness,Cough,Shortness of Breath,Unknown
Vomiting,Nausea,Skin Peeling,Cough,Abdominal Pain,Sweating,Confusion,Migraine
Dizziness,Skin Peeling,Rash,Fatigue,Loss of Taste,Vomiting,Nausea,Scarlet Fever
Chest Pain,Muscle Pain,Weakness,Swollen Lymph Nodes,Loss of Smell,Sweating,Runny Nose,Unknown
Joint Pain,Runny Nose,Skin Redness,High Blood Pressure,Skin Peeling,Loss of Taste,Muscle Pain,Unknown
Blurred Vision,Weakness,Swollen Lymph Nodes,Joint Pain,Skin Redness,Vomiting,Sweating,Unknown
Loss of Smell,Swollen Lymph Nodes,Abdominal Pain,Low Blood Pressure,Difficulty Swallowing,Runny Nose,Muscle Pain,COVID-19
Difficulty Swallowing,Sweating,High Blood Pressure,Weakness,Fatigue,Muscle Pain,Nausea,Typhoid
Headache,Fever,Skin Redness,Fatigue,Rash,Cough,Nausea,Strep Throat
Fatigue,Joint Pain,Swollen Lymph Nodes,Chills,Difficulty Swallowing,Ear Pain,Rash,COVID-19
Diarrhea,Low Blood Pressure,Weakness,Abdominal Pain,Difficulty Swallowing,Ear Pain,Dizziness,Unknown
Diarrhea,Shortness of Breath,High Blood Pressure,Abdominal Pain,Fatigue,Weakness,Loss of Smell,Flu
Confusion,Abdominal Pain,Skin Redness,Fever,Skin Peeling,Swollen Lymph Nodes,Nausea,Dengue
Loss of Taste,Skin Peeling,Sweating,Ear Pain,Loss of Appetite,Swollen Lymph Nodes,Fatigue,Unknown
Swollen Lymph Nodes,Weakness,Runny Nose,Dizziness,Diarrhea,Fatigue,Cough,COVID-19
Chills,Low Blood Pressure,Rapid Heart Rate,Fatigue,Swollen Lymph Nodes,Runny Nose,Dizziness,Unknown
Rapid Heart Rate,Chills,Sweating,Rash,Fatigue,Ear Pain,Sore Throat,Cold
Shortness of Breath,Ear Pain,Chills,Headache,Sweating,Chest Pain,Loss of Taste,Dengue
Ear Pain,Difficulty Swallowing,Low Blood Pressure,Headache,Fever,Weakness,Rash,Unknown
Headache,Fever,Rash,Low Blood Pressure,Abdominal Pain,Chest Pain,Skin Peeling,Unknown
Loss of Taste,Sore Throat,Low Blood Pressure,Chest Pain,Fatigue,Confusion,Chills,Malaria
Runny Nose,Loss of Taste,Cough,Rapid Heart Rate,Sore Throat,Skin Redness,Fever,COVID-19
Loss of Smell,Fatigue,Runny Nose,Loss of Taste,Rapid Heart Rate,Confusion,Ear Pain,Unknown
Rapid Heart Rate,Chills,High Blood Pressure,Fever,Sweating,Swollen Lymph Nodes,Loss of Smell,Hypotension
Abdominal Pain,High Blood Pressure,Low Blood Pressure,Weakness,Runny Nose,Joint Pain,Skin Peeling,Unknown
Chills,Sore Throat,Loss of Smell,Fatigue,Dizziness,Loss of Taste,Vomiting,Unknown
Abdominal Pain,Sweating,Runny Nose,Muscle Pain,Chills,Nausea,Loss of Appetite,Migraine
Loss of Appetite,Loss of Smell,Joint Pain,Loss of Taste,Rash,Abdominal Pain,Weakness,Unknown
Fatigue,Cough,High Blood Pressure,Skin Redness,Shortness of Breath,Confusion,Difficulty Swallowing,Hypertension
Rash,Blurred Vision,Cough,Nausea,Confusion,Shortness of Breath,Rapid Heart Rate,Meningitis
Swollen Lymph Nodes,Headache,Shortness of Breath,Chills,Weakness,Skin Redness,Fatigue,Strep Throat
Nausea,Runny Nose,Vomiting,Weakness,Rash,Skin Redness,Difficulty Swallowing,Unknown
Loss of Taste,Swollen Lymph Nodes,Abdominal Pain,Fatigue,High Blood Pressure,Loss of Smell,Headache,Hypertension
Dizziness,Vomiting,Ear Pain,Difficulty Swallowing,Fever,Chills,Runny Nose,Migraine
Confusion,Chills,Nausea,Loss of Taste,Joint Pain,Fatigue,Diarrhea,Meningitis
Low Blood Pressure,Chills,Skin Peeling,Dizziness,Rash,Cough,Skin Redness,Migraine
Rapid Heart Rate,Fatigue,Sweating,Difficulty Swallowing,High Blood Pressure,Low Blood Pressure,Joint Pain,Unknown
Runny Nose,Skin Peeling,Skin Redness,Muscle Pain,Difficulty Swallowing,Low Blood Pressure,Sore Throat,Strep Throat
Cough,Nausea,Skin Redness,Muscle Pain,Headache,Fatigue,Blurred Vision,Typhoid
Swollen Lymph Nodes,Sweating,High Blood Pressure,Shortness of Breath,Skin Redness,Sore Throat,Rapid Heart Rate,Cold
Blurred Vision,Loss of Appetite,Shortness of Breath,Weakness,Muscle Pain,Vomiting,Headache,COVID-19
Skin Redness,Chills,Vomiting,Sweating,Joint Pain,Diarrhea,Weakness,Unknown
Rapid Heart Rate,Runny Nose,Vomiting,Swollen Lymph Nodes,Headache,Low Blood Pressure,Shortness of Breath,Food Poisoning
Confusion,High Blood Pressure,Skin Redness,Shortness of Breath,Ear Pain,Chills,Loss of Appetite,Ear Infection
Shortness of Breath,Confusion,Fatigue,Chest Pain,Fever,Loss of Taste,Rash,Flu
Skin Peeling,Swollen Lymph Nodes,Shortness of Breath,Low Blood Pressure,Fever,Difficulty Swallowing,Confusion,Unknown
Loss of Smell,High Blood Pressure,Headache,Runny Nose,Cough,Sore Throat,Nausea,Migraine
Blurred Vision,Fever,Cough,Fatigue,High Blood Pressure,Rapid Heart Rate,Low Blood Pressure,Cold
Weakness,Blurred Vision,Confusion,Low Blood Pressure,Vomiting,Abdominal Pain,Joint Pain,Unknown
Skin Peeling,Nausea,Abdominal Pain,Sweating,Cough,Confusion,Loss of Taste,Scarlet Fever
Diarrhea,Confusion,Sore Throat,Swollen Lymph Nodes,Rash,Skin Redness,Abdominal Pain,Unknown
Skin Peeling,Ear Pain,Joint Pain,Loss of Taste,Fatigue,Vomiting,Loss of Smell,Cold
Rash,Chest Pain,Headache,Shortness of Breath,Fatigue,Cough,High Blood Pressure,Dengue
Muscle Pain,Shortness of Breath,Fever,Rapid Heart Rate,Rash,Cough,Skin Redness,Hypotension
Loss of Appetite,Difficulty Swallowing,Skin Peeling,Vomiting,Ear Pain,Shortness of Breath,Weakness,Unknown
Weakness,Shortness of Breath,Swollen Lymph Nodes,Cough,Sore Throat,Dizziness,High Blood Pressure,Unknown
Dizziness,Loss of Taste,Low Blood Pressure,Chest Pain,Joint Pain,Chills,Blurred Vision,Malaria
Loss of Smell,Dizziness,Loss of Taste,Weakness,Vomiting,Chest Pain,Skin Peeling,Unknown
Joint Pain,Headache,Sore Throat,Nausea,Low Blood Pressure,Fever,Rash,Hypotension
Loss of Appetite,Sore Throat,Low Blood Pressure,Chest Pain,Skin Redness,Weakness,Sweating,Malaria
Skin Redness,Vomiting,Ear Pain,Abdominal Pain,Loss of Appetite,Weakness,Difficulty Swallowing,Food Poisoning
Muscle Pain,Joint Pain,Abdominal Pain,Rash,Low Blood Pressure,Shortness of Breath,Skin Peeling,COVID-19
Dizziness,Shortness of Breath,Confusion,Abdominal Pain,Muscle Pain,Swollen Lymph Nodes,Cough,Hypotension
Vomiting,Muscle Pain,High Blood Pressure,Confusion,Rapid Heart Rate,Sweating,Difficulty Swallowing,Unknown
Dizziness,Loss of Appetite,Loss of Taste,Weakness,Fever,Diarrhea,Low Blood Pressure,Hypotension
Fever,Cough,Low Blood Pressure,Nausea,Blurred Vision,Runny Nose,Swollen Lymph Nodes,Migraine
Skin Redness,Rapid Heart Rate,Joint Pain,Loss of Appetite,Difficulty Swallowing,Shortness of Breath,Chest Pain,Unknown
Loss of Smell,Sweating,Blurred Vision,Ear Pain,Loss of Taste,Dizziness,Runny Nose,Ear Infection
Loss of Taste,Rapid Heart Rate,Shortness of Breath,Loss of Appetite,Ear Pain,Dizziness,Headache,Typhoid
Blurred Vision,Muscle Pain,Chest Pain,Rapid Heart Rate,Cough,Loss of Smell,Ear Pain,Hypotension
Skin Redness,Difficulty Swallowing,Low Blood Pressure,Rash,Vomiting,Fatigue,Rapid Heart Rate,Strep Throat
Skin Peeling,Fatigue,Headache,Blurred Vision,Skin Redness,Ear Pain,Confusion,Unknown
Muscle Pain,Diarrhea,Fever,Rapid Heart Rate,Skin Redness,Rash,Chest Pain,Typhoid
Fever,Chest Pain,Skin Redness,Cough,Confusion,Chills,Rash,Meningitis
Chest Pain,Swollen Lymph Nodes,Headache,Rapid Heart Rate,Loss of Taste,Joint Pain,Diarrhea,Strep Throat
Fatigue,Cough,Confusion,Blurred Vision,Difficulty Swallowing,Sore Throat,Chills,Hypertension
Loss of Appetite,Confusion,Blurred Vision,Loss of Smell,Chest Pain,Abdominal Pain,Joint Pain,Unknown
High Blood Pressure,Difficulty Swallowing,Joint Pain,Sweating,Headache,Vomiting,Abdominal Pain,Flu
Sweating,Chest Pain,Ear Pain,Loss of Taste,High Blood Pressure,Muscle Pain,Loss of Smell,Dengue
Fatigue,Dizziness,Diarrhea,Rapid Heart Rate,Chest Pain,Skin Peeling,Abdominal Pain,Typhoid
Ear Pain,Abdominal Pain,Dizziness,Loss of Appetite,Fever,Rapid Heart Rate,Shortness of Breath,Malaria
Swollen Lymph Nodes,Low Blood Pressure,Blurred Vision,Abdominal Pain,Skin Redness,Fever,Runny Nose,Malaria
Shortness of Breath,Dizziness,Joint Pain,Runny Nose,Difficulty Swallowing,Chest Pain,Confusion,Migraine
Fatigue,Loss of Smell,Abdominal Pain,Rapid Heart Rate,Skin Peeling,Low Blood Pressure,Headache,Flu
Cough,Sore Throat,Difficulty Swallowing,Skin Peeling,Chest Pain,High Blood Pressure,Swollen Lymph Nodes,Unknown
Diarrhea,Difficulty Swallowing,Loss of Smell,Cough,Skin Peeling,Rapid Heart Rate,Swollen Lymph Nodes,COVID-19
Vomiting,Difficulty Swallowing,High Blood Pressure,Loss of Taste,Low Blood Pressure,Runny Nose,Confusion,Cold
Chills,High Blood Pressure,Shortness of Breath,Fatigue,Diarrhea,Runny Nose,Abdominal Pain,Food Poisoning
Swollen Lymph Nodes,Shortness of Breath,Fatigue,Difficulty Swallowing,Chest Pain,Ear Pain,Rapid Heart Rate,Cold
Chills,Difficulty Swallowing,Rash,Loss of Taste,Sore Throat,Skin Redness,Confusion,Unknown
Difficulty Swallowing,Muscle Pain,Loss of Smell,Cough,Sore Throat,Loss of Appetite,Skin Peeling,Flu
Chills,Difficulty Swallowing,Cough,Low Blood Pressure,Blurred Vision,Rash,Joint Pain,COVID-19
Blurred Vision,Joint Pain,Low Blood Pressure,Difficulty Swallowing,Fatigue,Swollen Lymph Nodes,Cough,Strep Throat
Fatigue,Skin Redness,Difficulty Swallowing,Skin Peeling,Headache,Runny Nose,Low Blood Pressure,COVID-19
Diarrhea,Skin Redness,Cough,Rapid Heart Rate,Sweating,Confusion,Skin Peeling,Food Poisoning
Rapid Heart Rate,Skin Peeling,Chills,Sweating,Confusion,Dizziness,Skin Redness,Scarlet Fever
Loss of Smell,Rapid Heart Rate,Abdominal Pain,Loss of Appetite,Joint Pain,Vomiting,Skin Peeling,Unknown
Blurred Vision,Vomiting,Chest Pain,Fatigue,Cough,Nausea,Skin Redness,Migraine
Cough,Swollen Lymph Nodes,Weakness,Loss of Smell,Diarrhea,Headache,Rapid Heart Rate,Meningitis
Loss of Appetite,Loss of Smell,Sweating,Joint Pain,Weakness,High Blood Pressure,Diarrhea,Unknown
Chest Pain,Diarrhea,Headache,Sweating,Chills,Shortness of Breath,Fatigue,Unknown
Runny Nose,Fatigue,Joint Pain,Rapid Heart Rate,Cough,Swollen Lymph Nodes,Chest Pain,Pneumonia
Headache,Skin Redness,Ear Pain,Vomiting,Rash,Nausea,High Blood Pressure,Food Poisoning
Rash,Dizziness,Skin Redness,Abdominal Pain,Chest Pain,Confusion,Loss of Taste,Unknown
Joint Pain,Diarrhea,Loss of Taste,Chills,Weakness,Confusion,Swollen Lymph Nodes,Unknown
Weakness,Joint Pain,Nausea,Swollen Lymph Nodes,Dizziness,Chills,Cough,Cold
Loss of Taste,Loss of Appetite,Sweating,Ear Pain,Abdominal Pain,Chills,Skin Peeling,COVID-19
Headache,High Blood Pressure,Abdominal Pain,Sore Throat,Shortness of Breath,Loss of Smell,Rapid Heart Rate,Hypotension
Chills,Nausea,Shortness of Breath,Weakness,High Blood Pressure,Rapid Heart Rate,Chest Pain,Typhoid
Vomiting,Muscle Pain,Chills,Skin Redness,Blurred Vision,High Blood Pressure,Sore Throat,Dengue
High Blood Pressure,Loss of Appetite,Blurred Vision,Vomiting,Weakness,Swollen Lymph Nodes,Dizziness,Typhoid
Dizziness,Joint Pain,Runny Nose,Sore Throat,Chills,Skin Redness,Loss of Smell,Unknown
Runny Nose,Loss of Appetite,Diarrhea,Fatigue,Rapid Heart Rate,Blurred Vision,Shortness of Breath,Unknown
Loss of Smell,Low Blood Pressure,Fatigue,Blurred Vision,Fever,Loss of Taste,Nausea,Cold
Chills,Abdominal Pain,Chest Pain,Runny Nose,Weakness,Vomiting,Joint Pain,Hypotension
Diarrhea,Joint Pain,Loss of Appetite,Loss of Smell,Swollen Lymph Nodes,Headache,Chills,Unknown
Loss of Smell,Rash,Joint Pain,Low Blood Pressure,Shortness of Breath,Skin Redness,Loss of Taste,Unknown
Shortness of Breath,Loss of Taste,Nausea,Ear Pain,Sweating,Vomiting,Cough,Unknown
Sore Throat,Loss of Appetite,Chest Pain,Chills,Blurred Vision,Rapid Heart Rate,Confusion,Strep Throat
Skin Redness,Rash,Abdominal Pain,Loss of Appetite,Swollen Lymph Nodes,Confusion,Cough,Dengue
Chest Pain,Sweating,High Blood Pressure,Loss of Smell,Weakness,Skin Redness,Diarrhea,Unknown
High Blood Pressure,Rapid Heart Rate,Runny Nose,Nausea,Dizziness,Ear Pain,Skin Peeling,Migraine
Nausea,Chills,Confusion,Loss of Taste,Vomiting,Loss of Smell,Muscle Pain,Migraine
Headache,Skin Peeling,Chest Pain,Joint Pain,Swollen Lymph Nodes,Chills,Vomiting,Malaria
Loss of Smell,Chest Pain,Skin Redness,Blurred Vision,Abdominal Pain,Shortness of Breath,Confusion,Scarlet Fever
Rash,Fever,Skin Peeling,Loss of Taste,Muscle Pain,Chest Pain,Confusion,Unknown
Skin Redness,Low Blood Pressure,Joint Pain,Cough,Loss of Appetite,Skin Peeling,Diarrhea,Dengue
Weakness,Rash,Difficulty Swallowing,Skin Peeling,Cough,Diarrhea,Rapid Heart Rate,Cold
Cough,Fatigue,Sore Throat,Low Blood Pressure,Sweating,Diarrhea,Confusion,Typhoid
Joint Pain,Skin Peeling,Weakness,Ear Pain,Nausea,Swollen Lymph Nodes,Low Blood Pressure,Scarlet Fever
Headache,Rapid Heart Rate,Sweating,Confusion,Blurred Vision,Skin Peeling,Chest Pain,Unknown
Fatigue,Runny Nose,Loss of Taste,Loss of Appetite,Loss of Smell,Weakness,Blurred Vision,Flu
Runny Nose,Vomiting,Dizziness,Swollen Lymph Nodes,Fever,Joint Pain,Skin Peeling,Migraine
Abdominal Pain,Blurred Vision,Chills,Fatigue,Vomiting,Low Blood Pressure,Swollen Lymph Nodes,Unknown
Chest Pain,Dizziness,High Blood Pressure,Loss of Smell,Confusion,Loss of Appetite,Fever,Flu
Confusion,Headache,Rash,Difficulty Swallowing,Loss of Taste,Weakness,Fever,Hypotension
Low Blood Pressure,Nausea,Headache,Runny Nose,Sore Throat,Confusion,Skin Redness,Unknown
Sore Throat,Sweating,Rapid Heart Rate,High Blood Pressure,Shortness of Breath,Abdominal Pain,Headache,Flu
Ear Pain,Vomiting,Loss of Appetite,Joint Pain,Skin Redness,Fatigue,Abdominal Pain,Unknown
Chills,Headache,Weakness,Difficulty Swallowing,High Blood Pressure,Skin Peeling,Loss of Appetite,Migraine
Nausea,Abdominal Pain,Loss of Appetite,Vomiting,Sore Throat,Chills,Muscle Pain,Flu
Loss of Appetite,Abdominal Pain,Diarrhea,Low Blood Pressure,Runny Nose,Confusion,Blurred Vision,Unknown
Loss of Appetite,Shortness of Breath,Diarrhea,Rapid Heart Rate,Loss of Taste,Loss of Smell,Abdominal Pain,Unknown
Loss of Taste,Joint Pain,Dizziness,Rapid Heart Rate,Vomiting,Cough,High Blood Pressure,Food Poisoning
Cough,Chest Pain,Skin Redness,Chills,Ear Pain,Skin Peeling,Rapid Heart Rate,Unknown
Joint Pain,Muscle Pain,High Blood Pressure,Swollen Lymph Nodes,Abdominal Pain,Rapid Heart Rate,Cough,Typhoid
Confusion,Joint Pain,Skin Redness,Rapid Heart Rate,Cough,Skin Peeling,Fatigue,Unknown
Diarrhea,Loss of Smell,Difficulty Swallowing,Vomiting,Cough,Low Blood Pressure,Confusion,Unknown
Sore Throat,Ear Pain,Skin Redness,Fatigue,Confusion,Fever,Headache,Dengue
Joint Pain,Runny Nose,Cough,Abdominal Pain,Confusion,Chills,Low Blood Pressure,Unknown
Runny Nose,Fatigue,Swollen Lymph Nodes,Confusion,Fever,Abdominal Pain,Rash,Malaria
Diarrhea,Headache,Sore Throat,Skin Peeling,Rash,Fever,High Blood Pressure,Cold
Loss of Smell,Shortness of Breath,Skin Peeling,Abdominal Pain,Fatigue,Joint Pain,Muscle Pain,Unknown
Confusion,Swollen Lymph Nodes,Shortness of Breath,Loss of Appetite,Dizziness,Headache,Rash,COVID-19
Difficulty Swallowing,Sore Throat,Blurred Vision,Rapid Heart Rate,Loss of Taste,Diarrhea,Skin Redness,Cold
Chills,Vomiting,Dizziness,Joint Pain,Fever,Weakness,Swollen Lymph Nodes,COVID-19
Sore Throat,Skin Peeling,Skin Redness,Confusion,Dizziness,Loss of Smell,Runny Nose,Unknown
Joint Pain,Rash,Blurred Vision,Chest Pain,Skin Peeling,Rapid Heart Rate,Swollen Lymph Nodes,Unknown
Blurred Vision,Runny Nose,Chills,Diarrhea,High Blood Pressure,Cough,Low Blood Pressure,COVID-19
Chest Pain,Shortness of Breath,Skin Peeling,Fatigue,High Blood Pressure,Runny Nose,Rapid Heart Rate,Unknown
Loss of Taste,Joint Pain,Confusion,Weakness,Dizziness,Loss of Appetite,Runny Nose,Migraine
Skin Redness,Confusion,Fever,Loss of Taste,Skin Peeling,Joint Pain,Runny Nose,Typhoid
Muscle Pain,Diarrhea,Vomiting,Loss of Taste,Rapid Heart Rate,Abdominal Pain,Loss of Appetite,Unknown
Swollen Lymph Nodes,Muscle Pain,Fatigue,Sore Throat,Confusion,Low Blood Pressure,Loss of Smell,Strep Throat
Swollen Lymph Nodes,Muscle Pain,Skin Redness,Fever,Skin Peeling,Joint Pain,Sweating,Strep Throat
Fever,Ear Pain,Sweating,Joint Pain,Swollen Lymph Nodes,Rash,Loss of Appetite,Flu
Skin Peeling,Skin Redness,Fatigue,Runny Nose,Rapid Heart Rate,Sore Throat,Shortness of Breath,Unknown
Muscle Pain,Vomiting,Headache,Loss of Appetite,Loss of Taste,Joint Pain,Skin Peeling,Food Poisoning
Fatigue,Muscle Pain,Diarrhea,Skin Peeling,Vomiting,Loss of Smell,Rash,Unknown
Chills,Headache,Diarrhea,Cough,Vomiting,Abdominal Pain,Runny Nose,Typhoid
Weakness,Blurred Vision,Skin Redness,Nausea,Low Blood Pressure,Abdominal Pain,Difficulty Swallowing,Unknown
Skin Peeling,Low Blood Pressure,Muscle Pain,High Blood Pressure,Nausea,Vomiting,Loss of Taste,Unknown
Abdominal Pain,Loss of Smell,Skin Peeling,Sore Throat,Ear Pain,Chills,Joint Pain,Flu
Headache,Nausea,Cough,Dizziness,Confusion,Shortness of Breath,Abdominal Pain,Migraine
Difficulty Swallowing,Chest Pain,Sweating,Shortness of Breath,Low Blood Pressure,Fever,Swollen Lymph Nodes,Dengue
Dizziness,Loss of Appetite,Skin Peeling,Weakness,Fatigue,Muscle Pain,Fever,Meningitis
Ear Pain,Sweating,Diarrhea,Skin Redness,Low Blood Pressure,Shortness of Breath,Difficulty Swallowing,Unknown
Nausea,Rapid Heart Rate,Difficulty Swallowing,Sweating,Swollen Lymph Nodes,Runny Nose,Skin Peeling,Migraine
Rash,High Blood Pressure,Confusion,Headache,Vomiting,Shortness of Breath,Low Blood Pressure,Unknown
Sweating,Chills,Loss of Smell,Low Blood Pressure,Diarrhea,Confusion,Rapid Heart Rate,Unknown
Runny Nose,Ear Pain,Chills,Skin Redness,Headache,Skin Peeling,Loss of Appetite,Ear Infection
Cough,Sweating,Rapid Heart Rate,Vomiting,Diarrhea,Nausea,High Blood Pressure,Meningitis
High Blood Pressure,Vomiting,Blurred Vision,Headache,Skin Peeling,Difficulty Swallowing,Rapid Heart Rate,Scarlet Fever
Sweating,Loss of Smell,Fever,Rapid Heart Rate,Shortness of Breath,Vomiting,Skin Peeling,Scarlet Fever
Skin Redness,Sweating,Low Blood Pressure,Chest Pain,Joint Pain,Cough,Ear Pain,Hypotension
Nausea,Low Blood Pressure,Diarrhea,Vomiting,Fatigue,Confusion,Chills,Malaria
Shortness of Breath,Muscle Pain,High Blood Pressure,Weakness,Vomiting,Cough,Headache,Flu
Cough,Low Blood Pressure,Rapid Heart Rate,Dizziness,Loss of Appetite,Confusion,Vomiting,Pneumonia
Fatigue,Joint Pain,Diarrhea,Weakness,Loss of Appetite,Skin Redness,Skin Peeling,Unknown
Abdominal Pain,High Blood Pressure,Rapid Heart Rate,Swollen Lymph Nodes,Sore Throat,Loss of Smell,Fever,Scarlet Fever
Fever,Muscle Pain,Ear Pain,Skin Redness,Joint Pain,Sore Throat,Cough,Malaria
Confusion,Loss of Smell,Ear Pain,Runny Nose,Loss of Appetite,Skin Redness,Fever,Cold
Abdominal Pain,Cough,Chills,Chest Pain,Ear Pain,Blurred Vision,Sore Throat,Unknown
Fever,Joint Pain,Loss of Appetite,Chest Pain,Loss of Smell,High Blood Pressure,Fatigue,Meningitis
Difficulty Swallowing,Skin Redness,Skin Peeling,High Blood Pressure,Rapid Heart Rate,Sore Throat,Diarrhea,Hypertension
Skin Redness,Chills,Sweating,Shortness of Breath,Loss of Appetite,Muscle Pain,Runny Nose,Unknown
Low Blood Pressure,Swollen Lymph Nodes,Loss of Taste,Rapid Heart Rate,Joint Pain,Skin Peeling,Abdominal Pain,Typhoid
Sweating,Loss of Appetite,Blurred Vision,Fever,Swollen Lymph Nodes,Chills,Vomiting,Unknown
Sweating,Sore Throat,Blurred Vision,Rash,Skin Redness,Dizziness,Shortness of Breath,Unknown
Sweating,Muscle Pain,Loss of Taste,Loss of Appetite,High Blood Pressure,Nausea,Swollen Lymph Nodes,Dengue
Ear Pain,Dizziness,Rash,Swollen Lymph Nodes,Sweating,Blurred Vision,Rapid Heart Rate,Unknown
Difficulty Swallowing,Loss of Taste,Chest Pain,Vomiting,Abdominal Pain,Chills,Runny Nose,Unknown
Ear Pain,Joint Pain,Confusion,Headache,Weakness,Sweating,Fever,Typhoid
Dizziness,Fatigue,Diarrhea,Difficulty Swallowing,Chills,Muscle Pain,Joint Pain,Typhoid
Vomiting,Diarrhea,Runny Nose,Ear Pain,Loss of Smell,Cough,Chest Pain,COVID-19
Skin Peeling,Loss of Appetite,Chest Pain,Nausea,Runny Nose,Loss of Taste,Muscle Pain,Dengue
Sore Throat,High Blood Pressure,Swollen Lymph Nodes,Rash,Blurred Vision,Confusion,Muscle Pain,Migraine
Chest Pain,Fever,Rash,Loss of Smell,High Blood Pressure,Swollen Lymph Nodes,Loss of Taste,COVID-19
Rapid Heart Rate,Confusion,Skin Redness,Low Blood Pressure,Dizziness,Chills,Loss of Smell,Meningitis
Swollen Lymph Nodes,Ear Pain,Rash,Abdominal Pain,Dizziness,Fever,Blurred Vision,Flu
Confusion,Runny Nose,Loss of Appetite,Shortness of Breath,Abdominal Pain,Low Blood Pressure,Rash,Hypotension
Loss of Appetite,Muscle Pain,Rash,Nausea,High Blood Pressure,Ear Pain,Weakness,Ear Infection
Cough,Skin Redness,Nausea,Skin Peeling,Diarrhea,Rash,Fever,COVID-19
Loss of Taste,Loss of Smell,Chills,Difficulty Swallowing,Nausea,Joint Pain,Low Blood Pressure,Food Poisoning
Difficulty Swallowing,Nausea,High Blood Pressure,Sore Throat,Dizziness,Weakness,Fatigue,Hypotension
Skin Peeling,Sweating,Blurred Vision,Runny Nose,Loss of Smell,Muscle Pain,High Blood Pressure,Unknown
Skin Redness,Loss of Smell,Difficulty Swallowing,Low Blood Pressure,Runny Nose,Sore Throat,Chest Pain,Cold
Abdominal Pain,Confusion,Skin Peeling,Muscle Pain,Sweating,Ear Pain,Weakness,Unknown
Abdominal Pain,Sweating,Vomiting,High Blood Pressure,Loss of Smell,Shortness of Breath,Weakness,Unknown
Difficulty Swallowing,Skin Peeling,Loss of Appetite,Confusion,Loss of Taste,Skin Redness,Loss of Smell,Unknown
Diarrhea,Chills,Rapid Heart Rate,Confusion,Sweating,Nausea,Skin Peeling,Unknown
Difficulty Swallowing,Swollen Lymph Nodes,Chills,Shortness of Breath,Muscle Pain,Skin Peeling,Runny Nose,Strep Throat
Fatigue,Low Blood Pressure,Chills,Swollen Lymph Nodes,Sweating,Sore Throat,Confusion,Malaria
Loss of Taste,Skin Redness,Low Blood Pressure,Joint Pain,High Blood Pressure,Swollen Lymph Nodes,Weakness,Unknown
Ear Pain,Loss of Appetite,Skin Peeling,Blurred Vision,Rash,Muscle Pain,Loss of Taste,Unknown
Ear Pain,Loss of Taste,Chills,Joint Pain,Shortness of Breath,Dizziness,Abdominal Pain,Unknown
Vomiting,Rapid Heart Rate,Loss of Smell,Muscle Pain,Chills,Shortness of Breath,Low Blood Pressure,Unknown
Muscle Pain,Loss of Taste,Shortness of Breath,Abdominal Pain,Sore Throat,Swollen Lymph Nodes,Confusion,Unknown
Dizziness,Headache,Loss of Smell,Weakness,Low Blood Pressure,Ear Pain,Vomiting,Migraine
Joint Pain,Blurred Vision,Loss of Appetite,Headache,Vomiting,Chest Pain,Rapid Heart Rate,Unknown
Runny Nose,Weakness,Fever,Diarrhea,Swollen Lymph Nodes,Loss of Smell,High Blood Pressure,Hypertension
Sore Throat,Headache,Skin Peeling,Runny Nose,Confusion,Swollen Lymph Nodes,Muscle Pain,Unknown
Vomiting,Low Blood Pressure,Loss of Smell,Diarrhea,Skin Peeling,Fever,Chills,Meningitis
High Blood Pressure,Rash,Dizziness,Shortness of Breath,Skin Peeling,Ear Pain,Nausea,Unknown
Joint Pain,Rapid Heart Rate,Vomiting,High Blood Pressure,Nausea,Difficulty Swallowing,Muscle Pain,Unknown
Low Blood Pressure,Chest Pain,Fatigue,Loss of Smell,Swollen Lymph Nodes,Sweating,Dizziness,Hypotension
Sore Throat,Nausea,Low Blood Pressure,Diarrhea,Chills,Headache,Chest Pain,Hypotension
Nausea,Sweating,Diarrhea,Difficulty Swallowing,Low Blood Pressure,High Blood Pressure,Loss of Appetite,Meningitis
Chills,Dizziness,Weakness,Skin Redness,Sore Throat,Rash,Joint Pain,Flu
Loss of Taste,Ear Pain,Shortness of Breath,Chills,Nausea,Joint Pain,Fever,Strep Throat
Headache,Loss of Taste,Vomiting,Dizziness,Joint Pain,Shortness of Breath,Muscle Pain,Hypertension
Difficulty Swallowing,Diarrhea,Fatigue,Cough,Nausea,Swollen Lymph Nodes,Low Blood Pressure,Unknown
Runny Nose,Loss of Taste,Chest Pain,Joint Pain,Confusion,Rapid Heart Rate,Blurred Vision,Pneumonia
Loss of Appetite,Low Blood Pressure,Joint Pain,Runny Nose,Chills,Confusion,Chest Pain,Hypotension
Headache,Chills,Vomiting,Dizziness,Shortness of Breath,Low Blood Pressure,Sweating,COVID-19
Rapid Heart Rate,Shortness of Breath,Low Blood Pressure,Difficulty Swallowing,Loss of Taste,Runny Nose,Swollen Lymph Nodes,Unknown
Runny Nose,Ear Pain,Fatigue,Sore Throat,Blurred Vision,Chills,Skin Redness,Ear Infection
Joint Pain,Headache,Difficulty Swallowing,Ear Pain,Swollen Lymph Nodes,Shortness of Breath,Chest Pain,Malaria
High Blood Pressure,Diarrhea,Blurred Vision,Shortness of Breath,Skin Redness,Weakness,Difficulty Swallowing,Hypotension
Low Blood Pressure,Loss of Smell,Shortness of Breath,Joint Pain,Loss of Appetite,Diarrhea,Blurred Vision,Unknown
Rapid Heart Rate,Weakness,Vomiting,Blurred Vision,Difficulty Swallowing,Headache,Rash,Hypertension
Difficulty Swallowing,Chills,Weakness,Skin Redness,Headache,Loss of Appetite,Cough,Unknown
Joint Pain,Chest Pain,Blurred Vision,Loss of Appetite,Fatigue,Low Blood Pressure,Fever,Meningitis
Ear Pain,Loss of Smell,Fatigue,Loss of Appetite,Headache,Skin Peeling,Muscle Pain,Flu
Loss of Appetite,Chest Pain,Skin Redness,Fatigue,Abdominal Pain,Chills,Nausea,Malaria
Nausea,High Blood Pressure,Skin Peeling,Runny Nose,Confusion,Ear Pain,Difficulty Swallowing,Unknown
Runny Nose,Headache,Nausea,Ear Pain,Joint Pain,Fatigue,Abdominal Pain,Dengue
Cough,Fatigue,Loss of Smell,Muscle Pain,Loss of Appetite,Loss of Taste,Weakness,Unknown
Skin Redness,Rapid Heart Rate,Joint Pain,Nausea,Muscle Pain,Confusion,Fatigue,Unknown
Muscle Pain,Blurred Vision,Swollen Lymph Nodes,Weakness,Fatigue,Sore Throat,Skin Peeling,Unknown
Headache,Loss of Appetite,Sore Throat,Swollen Lymph Nodes,Diarrhea,Nausea,High Blood Pressure,Strep Throat
Sore Throat,Dizziness,Shortness of Breath,Cough,High Blood Pressure,Fatigue,Chills,Migraine
Swollen Lymph Nodes,Vomiting,Fever,Runny Nose,Skin Peeling,Loss of Appetite,Headache,Pneumonia
Cough,Muscle Pain,Loss of Smell,Runny Nose,Confusion,Loss of Taste,Sweating,Pneumonia
Fever,Vomiting,Rapid Heart Rate,Shortness of Breath,Runny Nose,Ear Pain,Chills,Malaria
Ear Pain,Fatigue,Fever,Chest Pain,Vomiting,Blurred Vision,Rash,Typhoid
Rapid Heart Rate,Abdominal Pain,Chills,Diarrhea,Fatigue,Loss of Taste,Loss of Smell,Hypotension
Fever,Rash,Shortness of Breath,Abdominal Pain,Difficulty Swallowing,Sweating,Loss of Appetite,Unknown
Joint Pain,Abdominal Pain,Loss of Taste,Loss of Appetite,Muscle Pain,Low Blood Pressure,Ear Pain,Dengue
Swollen Lymph Nodes,Fatigue,Nausea,Confusion,Runny Nose,Fever,Sore Throat,Food Poisoning
Chest Pain,Ear Pain,Muscle Pain,Difficulty Swallowing,Loss of Taste,Skin Redness,Loss of Smell,Pneumonia
Weakness,Loss of Taste,Dizziness,Confusion,Rash,Loss of Appetite,Skin Peeling,Scarlet Fever
Headache,Low Blood Pressure,Loss of Appetite,Abdominal Pain,Skin Peeling,Muscle Pain,Joint Pain,Meningitis
Blurred Vision,Chills,Sore Throat,Weakness,Cough,Shortness of Breath,Ear Pain,Unknown
Dizziness,Vomiting,Sweating,Sore Throat,Loss of Taste,Swollen Lymph Nodes,Weakness,Unknown
Runny Nose,Headache,Confusion,Ear Pain,Loss of Appetite,Sweating,Rash,COVID-19
Headache,Dizziness,Runny Nose,Chest Pain,Confusion,Difficulty Swallowing,Diarrhea,Meningitis
Chest Pain,Rash,Swollen Lymph Nodes,Loss of Smell,Muscle Pain,Difficulty Swallowing,Diarrhea,Food Poisoning
Loss of Taste,Skin Peeling,Headache,Rapid Heart Rate,Vomiting,Difficulty Swallowing,Muscle Pain,Scarlet Fever
Difficulty Swallowing,Sweating,Rash,High Blood Pressure,Muscle Pain,Rapid Heart Rate,Loss of Appetite,Ear Infection
Dizziness,Sore Throat,Weakness,Confusion,Rapid Heart Rate,Muscle Pain,Runny Nose,Hypotension
Skin Redness,Skin Peeling,High Blood Pressure,Loss of Smell,Headache,Abdominal Pain,Runny Nose,Dengue
Cough,Fever,Muscle Pain,Confusion,Skin Peeling,Joint Pain,Swollen Lymph Nodes,Typhoid
High Blood Pressure,Vomiting,Chest Pain,Muscle Pain,Low Blood Pressure,Runny Nose,Rapid Heart Rate,Unknown
Sore Throat,Skin Redness,Headache,Runny Nose,Diarrhea,Low Blood Pressure,Nausea,Migraine
Difficulty Swallowing,Runny Nose,Skin Peeling,Chills,Rapid Heart Rate,Sweating,Low Blood Pressure,Hypotension
Cough,Nausea,Confusion,Muscle Pain,Dizziness,Low Blood Pressure,Rapid Heart Rate,Unknown
Dizziness,Chest Pain,Fatigue,Abdominal Pain,Confusion,Sore Throat,Fever,Malaria
Sweating,Loss of Smell,Cough,Fever,Abdominal Pain,Runny Nose,Sore Throat,Unknown
Difficulty Swallowing,Loss of Smell,Nausea,Shortness of Breath,Skin Peeling,Fever,Blurred Vision,Migraine
Sore Throat,Weakness,Loss of Taste,Dizziness,Runny Nose,High Blood Pressure,Shortness of Breath,Cold
Muscle Pain,Low Blood Pressure,Skin Redness,Diarrhea,Cough,Confusion,Runny Nose,Scarlet Fever
Vomiting,Skin Redness,High Blood Pressure,Weakness,Loss of Smell,Sweating,Muscle Pain,Unknown
Runny Nose,Sore Throat,Difficulty Swallowing,Chills,Rash,Nausea,Loss of Smell,Flu
Loss of Appetite,Abdominal Pain,Confusion,Skin Peeling,Ear Pain,Loss of Smell,Low Blood Pressure,Scarlet Fever
Low Blood Pressure,Blurred Vision,Fatigue,Muscle Pain,Swollen Lymph Nodes,Nausea,Shortness of Breath,Hypertension
Fever,Vomiting,Low Blood Pressure,Sweating,Fatigue,Rapid Heart Rate,Confusion,Malaria
Skin Redness,Loss of Smell,Loss of Appetite,High Blood Pressure,Blurred Vision,Shortness of Breath,Rapid Heart Rate,Unknown
Swollen Lymph Nodes,Rash,Weakness,Muscle Pain,Confusion,Diarrhea,Skin Redness,Unknown
High Blood Pressure,Loss of Appetite,Fatigue,Chest Pain,Confusion,Loss of Smell,Cough,Typhoid
Low Blood Pressure,Skin Redness,Difficulty Swallowing,Abdominal Pain,Confusion,Weakness,Cough,Food Poisoning
Vomiting,Confusion,Sweating,Chest Pain,Low Blood Pressure,High Blood Pressure,Swollen Lymph Nodes,Unknown
Diarrhea,Loss of Smell,Nausea,Cough,Abdominal Pain,Confusion,High Blood Pressure,Unknown
Rapid Heart Rate,High Blood Pressure,Ear Pain,Nausea,Dizziness,Rash,Loss of Smell,Food Poisoning
Muscle Pain,Confusion,Runny Nose,Chest Pain,Swollen Lymph Nodes,Loss of Taste,Difficulty Swallowing,Ear Infection
Chills,Runny Nose,Swollen Lymph Nodes,Cough,Diarrhea,Shortness of Breath,Loss of Appetite,Unknown
Weakness,Dizziness,Fatigue,Diarrhea,Loss of Taste,Sweating,High Blood Pressure,Unknown
Vomiting,Sweating,Loss of Smell,Loss of Appetite,Cough,High Blood Pressure,Diarrhea,Unknown
Weakness,Swollen Lymph Nodes,Runny Nose,Sweating,Headache,Loss of Taste,Skin Redness,Cold
Skin Peeling,Fatigue,Ear Pain,Diarrhea,Loss of Appetite,Muscle Pain,Headache,Ear Infection
Loss of Smell,Loss of Taste,Runny Nose,Swollen Lymph Nodes,Joint Pain,Weakness,Sore Throat,Cold
Fever,Headache,Runny Nose,Fatigue,Diarrhea,Dizziness,Loss of Smell,Migraine
Loss of Appetite,Nausea,Fever,Diarrhea,Swollen Lymph Nodes,Vomiting,Low Blood Pressure,Malaria
Skin Peeling,Low Blood Pressure,Difficulty Swallowing,Diarrhea,Skin Redness,Runny Nose,Joint Pain,Unknown
Skin Redness,Blurred Vision,Fatigue,Vomiting,Ear Pain,Loss of Appetite,Difficulty Swallowing,Unknown
Shortness of Breath,Diarrhea,Chills,Fever,Fatigue,Confusion,Swollen Lymph Nodes,Dengue
Blurred Vision,Chest Pain,Sore Throat,Headache,Weakness,Dizziness,High Blood Pressure,Strep Throat
Abdominal Pain,Confusion,Rapid Heart Rate,Cough,Sore Throat,Joint Pain,Fatigue,Pneumonia
Fatigue,Blurred Vision,Sore Throat,Cough,Loss of Taste,Abdominal Pain,Shortness of Breath,Pneumonia
Rash,Low Blood Pressure,Fever,Difficulty Swallowing,Fatigue,Ear Pain,Muscle Pain,Strep Throat
Joint Pain,Skin Peeling,Fatigue,Difficulty Swallowing,Sweating,Weakness,Vomiting,Hypotension
Runny Nose,Confusion,Rapid Heart Rate,High Blood Pressure,Ear Pain,Dizziness,Sore Throat,Unknown
Skin Redness,Shortness of Breath,Joint Pain,Confusion,Blurred Vision,Skin Peeling,Low Blood Pressure,Unknown
Sweating,Rapid Heart Rate,Loss of Appetite,Chills,Shortness of Breath,Chest Pain,Swollen Lymph Nodes,Unknown
High Blood Pressure,Shortness of Breath,Fever,Confusion,Dizziness,Abdominal Pain,Swollen Lymph Nodes,Typhoid
Loss of Appetite,Confusion,Blurred Vision,Skin Redness,Nausea,Skin Peeling,Sore Throat,Unknown
Blurred Vision,Fatigue,Headache,Skin Peeling,Shortness of Breath,Skin Redness,Rapid Heart Rate,Scarlet Fever
Difficulty Swallowing,Weakness,Cough,Sore Throat,Swollen Lymph Nodes,Confusion,High Blood Pressure,Unknown
Nausea,Loss of Appetite,Low Blood Pressure,Runny Nose,Abdominal Pain,Blurred Vision,Chills,Cold
Blurred Vision,Shortness of Breath,Diarrhea,Nausea,Sweating,High Blood Pressure,Cough,Unknown
Vomiting,Rapid Heart Rate,Skin Redness,Cough,Rash,Chills,Weakness,Unknown
Chills,Skin Redness,Shortness of Breath,Headache,Low Blood Pressure,Swollen Lymph Nodes,Fatigue,Meningitis
Fever,Sore Throat,Sweating,Swollen Lymph Nodes,Muscle Pain,Skin Redness,Loss of Smell,Flu
Nausea,Abdominal Pain,Chills,Loss of Appetite,Runny Nose,Blurred Vision,Confusion,Unknown
Joint Pain,Confusion,Diarrhea,Muscle Pain,Skin Redness,Fever,Difficulty Swallowing,Dengue
Skin Redness,Dizziness,Skin Peeling,Runny Nose,Diarrhea,High Blood Pressure,Sore Throat,Hypertension
Loss of Smell,Loss of Taste,Diarrhea,Cough,Blurred Vision,Ear Pain,Low Blood Pressure,Migraine
Difficulty Swallowing,Confusion,Low Blood Pressure,Runny Nose,Chills,Sore Throat,Shortness of Breath,Ear Infection
Sweating,Swollen Lymph Nodes,Chills,Fatigue,Ear Pain,Blurred Vision,Weakness,Hypotension
Difficulty Swallowing,Abdominal Pain,Confusion,Chest Pain,Sore Throat,Blurred Vision,Cough,Unknown
Vomiting,Weakness,Headache,Chest Pain,Difficulty Swallowing,Shortness of Breath,Confusion,Hypertension
Muscle Pain,Fever,Rash,High Blood Pressure,Vomiting,Shortness of Breath,Runny Nose,Hypertension
Chills,High Blood Pressure,Skin Redness,Sore Throat,Skin Peeling,Blurred Vision,Shortness of Breath,Scarlet Fever
Chills,Nausea,Ear Pain,Shortness of Breath,Fever,Runny Nose,Fatigue,Pneumonia
Fatigue,Cough,Runny Nose,Shortness of Breath,Low Blood Pressure,Swollen Lymph Nodes,Chest Pain,Flu
Nausea,Rapid Heart Rate,Loss of Smell,Chills,Dizziness,Fatigue,Sore Throat,Malaria
Loss of Appetite,Vomiting,Nausea,Loss of Taste,Fatigue,Low Blood Pressure,Joint Pain,Flu
Muscle Pain,Fever,Nausea,Diarrhea,Sweating,Ear Pain,Abdominal Pain,Typhoid
High Blood Pressure,Runny Nose,Chest Pain,Muscle Pain,Rapid Heart Rate,Shortness of Breath,Joint Pain,Unknown
Blurred Vision,Rapid Heart Rate,Sore Throat,Abdominal Pain,Weakness,Low Blood Pressure,Skin Redness,Hypotension
Muscle Pain,Loss of Smell,Confusion,Swollen Lymph Nodes,Skin Peeling,Rash,Rapid Heart Rate,Unknown
Rapid Heart Rate,Loss of Taste,Loss of Smell,Cough,High Blood Pressure,Skin Redness,Confusion,Meningitis
Loss of Smell,Fatigue,Vomiting,Ear Pain,Abdominal Pain,High Blood Pressure,Sore Throat,Unknown
High Blood Pressure,Shortness of Breath,Low Blood Pressure,Sweating,Runny Nose,Fatigue,Confusion,Malaria
Sore Throat,Rash,Skin Redness,Shortness of Breath,Muscle Pain,Fever,Fatigue,Strep Throat
Rapid Heart Rate,Difficulty Swallowing,Runny Nose,Vomiting,Fatigue,Dizziness,Muscle Pain,Migraine
Fever,Sore Throat,Skin Redness,Loss of Smell,Fatigue,Rapid Heart Rate,Confusion,Meningitis
Joint Pain,Weakness,Rapid Heart Rate,Chills,Rash,Muscle Pain,Dizziness,Unknown
High Blood Pressure,Ear Pain,Low Blood Pressure,Difficulty Swallowing,Loss of Appetite,Loss of Taste,Abdominal Pain,Unknown
Nausea,Chills,Skin Redness,Loss of Appetite,Joint Pain,Muscle Pain,Weakness,Scarlet Fever
Diarrhea,Confusion,Vomiting,Loss of Smell,Rash,Rapid Heart Rate,Shortness of Breath,Unknown
Dizziness,Low Blood Pressure,Joint Pain,Runny Nose,Loss of Smell,Loss of Appetite,Skin Redness,Unknown
Rapid Heart Rate,Ear Pain,Confusion,Low Blood Pressure,Vomiting,Sweating,Blurred Vision,Unknown
Difficulty Swallowing,Runny Nose,High Blood Pressure,Low Blood Pressure,Rapid Heart Rate,Joint Pain,Skin Peeling,Hypotension
Fever,Sweating,Confusion,Vomiting,Shortness of Breath,Fatigue,Chest Pain,Cold
Low Blood Pressure,Muscle Pain,Loss of Appetite,Loss of Smell,Ear Pain,Chest Pain,Skin Redness,Typhoid
Skin Peeling,Cough,Swollen Lymph Nodes,Ear Pain,Headache,Chest Pain,Low Blood Pressure,Hypotension
High Blood Pressure,Joint Pain,Loss of Smell,Rash,Headache,Confusion,Sore Throat,Flu
Headache,Rapid Heart Rate,Ear Pain,Loss of Taste,Swollen Lymph Nodes,Abdominal Pain,Fatigue,Strep Throat
Abdominal Pain,Loss of Smell,Swollen Lymph Nodes,Muscle Pain,Loss of Taste,Joint Pain,Cough,Unknown
Chills,Muscle Pain,Sore Throat,Sweating,Loss of Taste,Skin Peeling,Confusion,Unknown
Weakness,Rapid Heart Rate,Loss of Taste,Muscle Pain,Abdominal Pain,Swollen Lymph Nodes,Fever,Strep Throat
Runny Nose,Loss of Smell,Blurred Vision,Rash,Difficulty Swallowing,Skin Peeling,Swollen Lymph Nodes,Migraine
Skin Redness,Loss of Taste,Blurred Vision,Rash,Confusion,Joint Pain,Nausea,Unknown
Rapid Heart Rate,Nausea,Diarrhea,Weakness,Joint Pain,Low Blood Pressure,Chills,Food Poisoning
Dizziness,Skin Peeling,Swollen Lymph Nodes,Nausea,Shortness of Breath,Loss of Smell,Rash,Unknown
Nausea,Blurred Vision,Fever,Muscle Pain,Confusion,Difficulty Swallowing,Skin Peeling,Typhoid
Skin Redness,Ear Pain,Abdominal Pain,Difficulty Swallowing,Loss of Appetite,Loss of Taste,Blurred Vision,Strep Throat
Sore Throat,Loss of Taste,Chest Pain,Muscle Pain,Dizziness,Runny Nose,Blurred Vision,Unknown
Sore Throat,Swollen Lymph Nodes,Joint Pain,Cough,Rapid Heart Rate,Muscle Pain,Chills,Pneumonia
Abdominal Pain,Loss of Appetite,Weakness,Sweating,Low Blood Pressure,Chest Pain,Vomiting,Pneumonia
Sore Throat,Vomiting,Chest Pain,Fever,Loss of Smell,Nausea,Runny Nose,Pneumonia
Confusion,Vomiting,Dizziness,Headache,Loss of Taste,Swollen Lymph Nodes,Runny Nose,Cold
Shortness of Breath,Vomiting,Skin Redness,Chills,Skin Peeling,Abdominal Pain,Diarrhea,Unknown
Shortness of Breath,Sore Throat,Chest Pain,Skin Redness,Loss of Appetite,Dizziness,Muscle Pain,Unknown
Fever,Difficulty Swallowing,Fatigue,Loss of Taste,Low Blood Pressure,Sore Throat,Joint Pain,Strep Throat
Vomiting,Fever,Chills,Sore Throat,Chest Pain,Skin Peeling,Abdominal Pain,Flu
Cough,Confusion,Vomiting,Muscle Pain,Chills,Runny Nose,Joint Pain,Unknown
Vomiting,Muscle Pain,Nausea,Diarrhea,Fatigue,Abdominal Pain,Loss of Appetite,Dengue
Skin Redness,Loss of Smell,Headache,Ear Pain,Rash,Rapid Heart Rate,Loss of Taste,Hypotension
Vomiting,Loss of Appetite,Runny Nose,Headache,Rash,Sweating,Difficulty Swallowing,Hypertension
Loss of Taste,Runny Nose,Sweating,Joint Pain,Vomiting,Blurred Vision,Chills,Malaria
Cough,Fatigue,Skin Redness,Sore Throat,Headache,Confusion,Chest Pain,Typhoid
Vomiting,Ear Pain,Muscle Pain,Blurred Vision,Joint Pain,Low Blood Pressure,Loss of Appetite,Unknown
Chest Pain,Nausea,Sore Throat,Ear Pain,Abdominal Pain,Fever,Loss of Smell,Typhoid
Sweating,Low Blood Pressure,Skin Redness,Sore Throat,Fever,Cough,Loss of Taste,Malaria
Diarrhea,Cough,Nausea,Sweating,Skin Peeling,Joint Pain,Loss of Appetite,Dengue
Fever,Cough,Chills,Ear Pain,Low Blood Pressure,Joint Pain,Skin Peeling,Unknown
Diarrhea,Rash,Ear Pain,Confusion,Sore Throat,Headache,Vomiting,Ear Infection
Rapid Heart Rate,Shortness of Breath,Muscle Pain,Diarrhea,Swollen Lymph Nodes,Weakness,Headache,Ear Infection
Cough,High Blood Pressure,Dizziness,Difficulty Swallowing,Vomiting,Swollen Lymph Nodes,Skin Peeling,Food Poisoning
Fatigue,Ear Pain,Blurred Vision,Confusion,Difficulty Swallowing,Fever,Diarrhea,COVID-19
Rapid Heart Rate,High Blood Pressure,Difficulty Swallowing,Confusion,Loss of Appetite,Blurred Vision,Loss of Taste,Unknown
Muscle Pain,Rapid Heart Rate,Low Blood Pressure,Skin Peeling,Cough,Runny Nose,Fever,Scarlet Fever
Runny Nose,Rash,Loss of Smell,Difficulty Swallowing,Fever,Sore Throat,Skin Peeling,Dengue
Loss of Smell,Diarrhea,Loss of Appetite,Vomiting,Headache,Confusion,Blurred Vision,Flu
Sore Throat,Blurred Vision,Loss of Taste,Dizziness,Fatigue,Confusion,Loss of Appetite,Meningitis
Rapid Heart Rate,Cough,Loss of Smell,Chest Pain,Loss of Taste,Shortness of Breath,Weakness,Unknown
Weakness,Low Blood Pressure,Confusion,Headache,Rash,Loss of Smell,Chills,Dengue
Skin Redness,Sore Throat,Blurred Vision,Skin Peeling,Ear Pain,Headache,Weakness,Hypotension
Shortness of Breath,Loss of Taste,Nausea,Chills,Difficulty Swallowing,Confusion,Fever,Malaria
Muscle Pain,Loss of Smell,Chills,Runny Nose,Fever,Rash,Ear Pain,Meningitis
Abdominal Pain,Headache,Fatigue,Loss of Taste,Weakness,Joint Pain,Low Blood Pressure,Unknown
Chills,Swollen Lymph Nodes,Low Blood Pressure,Nausea,Blurred Vision,Rapid Heart Rate,Vomiting,Food Poisoning
Cough,Chills,Ear Pain,Rapid Heart Rate,Runny Nose,Low Blood Pressure,Sore Throat,Unknown
Cough,Confusion,Skin Redness,Abdominal Pain,Swollen Lymph Nodes,Chest Pain,Nausea,Unknown
Loss of Taste,Dizziness,Sweating,Sore Throat,Ear Pain,Confusion,Abdominal Pain,Meningitis
Skin Peeling,Confusion,Joint Pain,Skin Redness,Fatigue,Swollen Lymph Nodes,Runny Nose,COVID-19
Rapid Heart Rate,Cough,Headache,Swollen Lymph Nodes,Difficulty Swallowing,Chills,Sore Throat,Migraine
Skin Peeling,Joint Pain,High Blood Pressure,Headache,Swollen Lymph Nodes,Loss of Taste,Sore Throat,Unknown
Joint Pain,Sore Throat,Sweating,Loss of Appetite,Fever,Abdominal Pain,Skin Redness,Pneumonia
Nausea,Confusion,Shortness of Breath,Chills,Sore Throat,Low Blood Pressure,Runny Nose,Pneumonia
Vomiting,Muscle Pain,Confusion,Nausea,Difficulty Swallowing,Blurred Vision,High Blood Pressure,Unknown
Rash,Vomiting,Loss of Smell,Cough,Swollen Lymph Nodes,Joint Pain,Dizziness,Unknown
Diarrhea,Chest Pain,Low Blood Pressure,Rapid Heart Rate,Loss of Appetite,Dizziness,Ear Pain,Typhoid
Fever,Chills,Ear Pain,Nausea,Chest Pain,Vomiting,Abdominal Pain,Migraine
Loss of Appetite,Loss of Smell,Muscle Pain,Low Blood Pressure,Fatigue,Vomiting,Sweating,Hypotension
Loss of Appetite,Blurred Vision,Sweating,Loss of Smell,Abdominal Pain,Muscle Pain,High Blood Pressure,Hypertension
Chills,Dizziness,Shortness of Breath,Rapid Heart Rate,Skin Redness,Swollen Lymph Nodes,Sweating,Unknown
Headache,Loss of Smell,Chills,Shortness of Breath,Vomiting,Swollen Lymph Nodes,Fatigue,Dengue
Cough,Rapid Heart Rate,High Blood Pressure,Chest Pain,Fatigue,Diarrhea,Skin Redness,Scarlet Fever
Muscle Pain,Swollen Lymph Nodes,Difficulty Swallowing,Confusion,Blurred Vision,Loss of Smell,Runny Nose,Unknown
Weakness,Vomiting,Fatigue,Difficulty Swallowing,Chills,Skin Peeling,High Blood Pressure,Scarlet Fever
Skin Peeling,Sweating,Runny Nose,Abdominal Pain,Sore Throat,Skin Redness,Vomiting,Typhoid
Loss of Taste,Chest Pain,Chills,Weakness,Confusion,Muscle Pain,Difficulty Swallowing,Unknown
High Blood Pressure,Weakness,Nausea,Difficulty Swallowing,Abdominal Pain,Sweating,Muscle Pain,Unknown
Skin Peeling,Runny Nose,Confusion,Fever,Nausea,Loss of Smell,Chest Pain,Food Poisoning
Vomiting,Dizziness,Joint Pain,Confusion,Ear Pain,Nausea,Runny Nose,Unknown
Cough,Swollen Lymph Nodes,Loss of Taste,Sore Throat,Shortness of Breath,Muscle Pain,Weakness,COVID-19
Difficulty Swallowing,Vomiting,Low Blood Pressure,Abdominal Pain,High Blood Pressure,Ear Pain,Skin Peeling,Hypertension
Fatigue,Loss of Smell,Abdominal Pain,Headache,Weakness,Runny Nose,Loss of Appetite,Typhoid
Ear Pain,Vomiting,Cough,Rash,Chest Pain,Abdominal Pain,Sore Throat,Dengue
Headache,Shortness of Breath,Diarrhea,Loss of Appetite,Cough,Difficulty Swallowing,Rash,Strep Throat
Low Blood Pressure,Loss of Appetite,Fatigue,Vomiting,Confusion,Cough,Skin Peeling,Unknown
Rapid Heart Rate,Abdominal Pain,Weakness,Diarrhea,Chills,Joint Pain,Muscle Pain,Unknown
Chest Pain,Weakness,Rapid Heart Rate,Abdominal Pain,Diarrhea,Ear Pain,Dizziness,Unknown
Weakness,Sore Throat,Sweating,Rapid Heart Rate,Skin Peeling,Low Blood Pressure,Swollen Lymph Nodes,Hypotension
Headache,Shortness of Breath,Loss of Taste,Diarrhea,Ear Pain,Difficulty Swallowing,Rash,Hypertension
Loss of Smell,Low Blood Pressure,Sweating,Weakness,Shortness of Breath,Skin Peeling,Joint Pain,Unknown
Vomiting,Rapid Heart Rate,Rash,Nausea,Sore Throat,Loss of Smell,Swollen Lymph Nodes,Migraine
High Blood Pressure,Skin Redness,Difficulty Swallowing,Low Blood Pressure,Joint Pain,Sweating,Swollen Lymph Nodes,Hypertension
Runny Nose,Skin Peeling,Weakness,Cough,Abdominal Pain,High Blood Pressure,Joint Pain,Unknown
Headache,Vomiting,Swollen Lymph Nodes,Cough,Shortness of Breath,Diarrhea,Chest Pain,Unknown
Fatigue,Loss of Taste,Dizziness,Diarrhea,Rapid Heart Rate,Swollen Lymph Nodes,Fever,Strep Throat
Skin Redness,Skin Peeling,Loss of Smell,Fever,Sweating,Cough,Dizziness,Typhoid
Muscle Pain,Chest Pain,Loss of Taste,High Blood Pressure,Chills,Skin Redness,Ear Pain,Dengue
Abdominal Pain,Fatigue,Confusion,Joint Pain,Runny Nose,Muscle Pain,Swollen Lymph Nodes,Dengue
Rash,Fatigue,Sore Throat,Chest Pain,Rapid Heart Rate,Blurred Vision,Diarrhea,Unknown
Skin Redness,Sore Throat,Skin Peeling,Ear Pain,Rapid Heart Rate,Weakness,Diarrhea,Strep Throat
Swollen Lymph Nodes,Loss of Smell,Nausea,Fatigue,Sweating,Vomiting,Muscle Pain,Unknown
Loss of Taste,Blurred Vision,Ear Pain,Sweating,Nausea,Loss of Appetite,High Blood Pressure,Unknown
Rapid Heart Rate,High Blood Pressure,Headache,Cough,Sweating,Confusion,Fatigue,Pneumonia
Rapid Heart Rate,Chills,Vomiting,Low Blood Pressure,Sweating,Shortness of Breath,Weakness,Unknown
Fatigue,Chills,Rash,Diarrhea,Loss of Smell,Skin Peeling,Loss of Appetite,Dengue
Cough,Skin Peeling,Diarrhea,Loss of Smell,Dizziness,High Blood Pressure,Blurred Vision,COVID-19
High Blood Pressure,Skin Peeling,Low Blood Pressure,Sweating,Dizziness,Confusion,Rapid Heart Rate,Unknown
Rapid Heart Rate,Chest Pain,Ear Pain,Weakness,Confusion,Difficulty Swallowing,Skin Peeling,Unknown
Fatigue,Muscle Pain,Confusion,Swollen Lymph Nodes,Blurred Vision,Cough,Headache,Unknown
Fatigue,Low Blood Pressure,Loss of Taste,Swollen Lymph Nodes,Weakness,Shortness of Breath,Cough,Malaria
Weakness,Loss of Taste,Blurred Vision,Abdominal Pain,Loss of Smell,Fatigue,Headache,Unknown
Skin Peeling,Low Blood Pressure,Chest Pain,Fatigue,Rapid Heart Rate,Shortness of Breath,Rash,Hypotension
Skin Redness,Rash,Dizziness,Swollen Lymph Nodes,Rapid Heart Rate,Chills,Sweating,Unknown
Swollen Lymph Nodes,Difficulty Swallowing,Headache,Low Blood Pressure,Chills,Sore Throat,Dizziness,Meningitis
Vomiting,Abdominal Pain,Sore Throat,Dizziness,Loss of Appetite,Nausea,Fatigue,Hypotension
Loss of Appetite,Fever,Weakness,Cough,Vomiting,Skin Peeling,Skin Redness,Unknown
Runny Nose,Headache,Skin Peeling,Loss of Taste,Shortness of Breath,Loss of Smell,Difficulty Swallowing,Hypertension
Vomiting,Fever,Difficulty Swallowing,Fatigue,Weakness,Swollen Lymph Nodes,Abdominal Pain,Hypertension
Fever,Sore Throat,Shortness of Breath,Loss of Taste,Dizziness,Sweating,Swollen Lymph Nodes,Typhoid
Vomiting,Diarrhea,Rapid Heart Rate,Swollen Lymph Nodes,Joint Pain,Shortness of Breath,Muscle Pain,Unknown
High Blood Pressure,Swollen Lymph Nodes,Diarrhea,Loss of Taste,Dizziness,Runny Nose,Confusion,Food Poisoning
Skin Redness,Chest Pain,Weakness,Runny Nose,Abdominal Pain,Sweating,Vomiting,Cold
Loss of Taste,Fatigue,Sweating,Chest Pain,Sore Throat,Swollen Lymph Nodes,Skin Peeling,Unknown
Fatigue,Skin Redness,Shortness of Breath,Rash,Loss of Appetite,Sweating,Nausea,Malaria
Dizziness,Confusion,Difficulty Swallowing,Runny Nose,Sore Throat,Swollen Lymph Nodes,Loss of Appetite,Meningitis
Weakness,Sweating,Abdominal Pain,Dizziness,Difficulty Swallowing,Loss of Smell,Joint Pain,Malaria
Weakness,Rash,Loss of Taste,Ear Pain,Vomiting,Swollen Lymph Nodes,Cough,Food Poisoning
Weakness,Sore Throat,Muscle Pain,Joint Pain,Loss of Taste,Nausea,Rapid Heart Rate,Malaria
Confusion,Headache,Difficulty Swallowing,Swollen Lymph Nodes,Fever,Nausea,Loss of Taste,Meningitis
Skin Peeling,Loss of Smell,Loss of Taste,Chills,Rapid Heart Rate,Headache,Fatigue,Cold
Skin Redness,Skin Peeling,Loss of Taste,Weakness,Fever,Blurred Vision,Muscle Pain,Meningitis
Skin Redness,Nausea,Loss of Taste,High Blood Pressure,Low Blood Pressure,Sore Throat,Blurred Vision,Meningitis
Weakness,Dizziness,Joint Pain,Rash,Swollen Lymph Nodes,Fatigue,Sweating,Dengue
Loss of Smell,Rapid Heart Rate,Fever,Chest Pain,Swollen Lymph Nodes,Skin Redness,Abdominal Pain,Scarlet Fever
Loss of Smell,Sore Throat,Confusion,Fever,Cough,Ear Pain,Skin Peeling,Unknown
Muscle Pain,Loss of Smell,Shortness of Breath,Confusion,Ear Pain,Low Blood Pressure,Rash,Unknown
Vomiting,Fatigue,High Blood Pressure,Skin Peeling,Cough,Dizziness,Blurred Vision,Hypertension
Swollen Lymph Nodes,Fever,Rash,Headache,High Blood Pressure,Weakness,Cough,Pneumonia
Weakness,Joint Pain,Chest Pain,Low Blood Pressure,Difficulty Swallowing,Cough,Chills,Unknown
Blurred Vision,Confusion,Rash,Shortness of Breath,Rapid Heart Rate,Weakness,Ear Pain,Pneumonia
Weakness,Dizziness,Low Blood Pressure,Fatigue,Chills,Loss of Taste,Vomiting,Hypotension
Loss of Appetite,Vomiting,Runny Nose,Rash,Chest Pain,Dizziness,Diarrhea,Unknown
High Blood Pressure,Fatigue,Vomiting,Headache,Nausea,Shortness of Breath,Difficulty Swallowing,Ear Infection
Joint Pain,Confusion,Skin Redness,Runny Nose,Loss of Taste,Sore Throat,Fever,Dengue
Sweating,Sore Throat,Vomiting,Rapid Heart Rate,Weakness,Nausea,Loss of Appetite,Strep Throat
Confusion,Chest Pain,Blurred Vision,Skin Peeling,Skin Redness,Rapid Heart Rate,Loss of Smell,Unknown
Skin Peeling,Rapid Heart Rate,Cough,Chest Pain,Blurred Vision,Sweating,Rash,Migraine
Chest Pain,Fatigue,Low Blood Pressure,Rash,Diarrhea,Swollen Lymph Nodes,Vomiting,Pneumonia
Confusion,Shortness of Breath,Weakness,Chest Pain,Joint Pain,Skin Redness,Low Blood Pressure,Unknown
Swollen Lymph Nodes,Loss of Taste,Chest Pain,Nausea,Runny Nose,Weakness,Low Blood Pressure,Meningitis
Shortness of Breath,Chest Pain,Nausea,Skin Peeling,Runny Nose,Chills,High Blood Pressure,Meningitis
Muscle Pain,Headache,Loss of Taste,Joint Pain,High Blood Pressure,Skin Peeling,Diarrhea,Flu
High Blood Pressure,Skin Redness,Muscle Pain,Rapid Heart Rate,Shortness of Breath,Loss of Smell,Joint Pain,Pneumonia
Shortness of Breath,Rash,Loss of Smell,Chills,Confusion,Fever,Muscle Pain,Unknown
Chest Pain,Low Blood Pressure,Sweating,Muscle Pain,Joint Pain,Rash,Rapid Heart Rate,Unknown
Vomiting,Ear Pain,Loss of Smell,Sweating,Diarrhea,Muscle Pain,Dizziness,Unknown
Fatigue,Rapid Heart Rate,Weakness,Loss of Appetite,Abdominal Pain,Fever,Runny Nose,Food Poisoning
Chest Pain,Dizziness,Loss of Taste,Rash,Weakness,Low Blood Pressure,High Blood Pressure,Migraine
Swollen Lymph Nodes,Joint Pain,Chills,Fatigue,Confusion,Fever,Shortness of Breath,Unknown
Weakness,Joint Pain,Headache,Runny Nose,Muscle Pain,Skin Redness,Sweating,Scarlet Fever
Skin Redness,High Blood Pressure,Loss of Taste,Cough,Muscle Pain,Loss of Appetite,Ear Pain,COVID-19
Fever,Diarrhea,Fatigue,Abdominal Pain,Sweating,Muscle Pain,Blurred Vision,Typhoid
Loss of Smell,Headache,Rapid Heart Rate,Sweating,High Blood Pressure,Nausea,Cough,Malaria
High Blood Pressure,Runny Nose,Confusion,Headache,Sore Throat,Rash,Weakness,Ear Infection
Sore Throat,Abdominal Pain,Diarrhea,Low Blood Pressure,Fatigue,High Blood Pressure,Muscle Pain,Unknown
Diarrhea,Headache,Rapid Heart Rate,Confusion,Skin Redness,Low Blood Pressure,Weakness,Unknown
Fatigue,Swollen Lymph Nodes,Runny Nose,Sweating,Fever,Shortness of Breath,Vomiting,Unknown
Dizziness,Loss of Smell,Loss of Taste,Confusion,Diarrhea,Swollen Lymph Nodes,Weakness,Unknown
Swollen Lymph Nodes,Sore Throat,Headache,Loss of Taste,Cough,Skin Peeling,Runny Nose,Unknown
High Blood Pressure,Rash,Confusion,Diarrhea,Fever,Dizziness,Low Blood Pressure,Typhoid
Joint Pain,Abdominal Pain,Vomiting,Sore Throat,Confusion,Fatigue,Low Blood Pressure,Unknown
Muscle Pain,Fever,Diarrhea,Cough,Ear Pain,Runny Nose,Swollen Lymph Nodes,Flu
Chest Pain,Fever,Skin Redness,Loss of Appetite,Chills,Loss of Smell,Low Blood Pressure,Hypotension
Loss of Taste,Blurred Vision,Chills,Ear Pain,Muscle Pain,Runny Nose,Joint Pain,Migraine
Rapid Heart Rate,Loss of Appetite,Difficulty Swallowing,Joint Pain,Diarrhea,Skin Redness,Headache,Migraine
Fever,Ear Pain,Muscle Pain,Vomiting,Swollen Lymph Nodes,Dizziness,Loss of Smell,Hypotension
Fatigue,Vomiting,Cough,Sweating,Skin Redness,Low Blood Pressure,Joint Pain,Unknown
Headache,Nausea,Rash,Runny Nose,Loss of Appetite,Fatigue,Sweating,Unknown
Abdominal Pain,Confusion,Nausea,Rash,Rapid Heart Rate,Skin Redness,High Blood Pressure,Unknown
Difficulty Swallowing,Shortness of Breath,Ear Pain,High Blood Pressure,Nausea,Blurred Vision,Confusion,Unknown
Weakness,Shortness of Breath,Chills,Blurred Vision,Diarrhea,Vomiting,Sore Throat,Food Poisoning
Muscle Pain,Vomiting,Weakness,Skin Redness,Cough,Sore Throat,Confusion,Strep Throat
Abdominal Pain,Chills,Rapid Heart Rate,Nausea,Vomiting,Headache,Muscle Pain,Unknown
Shortness of Breath,Skin Redness,Low Blood Pressure,Loss of Taste,Abdominal Pain,Skin Peeling,Muscle Pain,Hypotension
Shortness of Breath,Sore Throat,Headache,Diarrhea,Confusion,High Blood Pressure,Difficulty Swallowing,Scarlet Fever
Nausea,Swollen Lymph Nodes,Ear Pain,Blurred Vision,Joint Pain,Headache,Sore Throat,Unknown
Dizziness,Difficulty Swallowing,Muscle Pain,Rash,Cough,Skin Redness,Loss of Appetite,Unknown
Rapid Heart Rate,Runny Nose,Skin Redness,Low Blood Pressure,Loss of Smell,Joint Pain,Skin Peeling,COVID-19
Ear Pain,Diarrhea,Headache,High Blood Pressure,Chest Pain,Vomiting,Loss of Smell,Migraine
Difficulty Swallowing,Loss of Taste,Loss of Smell,Nausea,Ear Pain,Joint Pain,Runny Nose,Unknown
Weakness,Muscle Pain,Cough,Rapid Heart Rate,Abdominal Pain,Nausea,Loss of Smell,Typhoid
Loss of Smell,Blurred Vision,Sore Throat,Joint Pain,Swollen Lymph Nodes,Loss of Appetite,Ear Pain,Unknown
Runny Nose,Fatigue,Fever,Diarrhea,Loss of Smell,Skin Redness,Sweating,Hypertension
Chills,Swollen Lymph Nodes,Diarrhea,Loss of Smell,Sweating,Difficulty Swallowing,Cough,Unknown
Chest Pain,Loss of Smell,Swollen Lymph Nodes,Low Blood Pressure,Headache,Shortness of Breath,Loss of Taste,Unknown
Vomiting,Low Blood Pressure,Fatigue,Loss of Appetite,Nausea,Shortness of Breath,Runny Nose,Unknown
Shortness of Breath,Joint Pain,Confusion,Loss of Appetite,Chest Pain,Skin Redness,Cough,COVID-19
Vomiting,Diarrhea,Difficulty Swallowing,Chest Pain,Sweating,Muscle Pain,Abdominal Pain,Ear Infection
Confusion,Low Blood Pressure,Headache,Blurred Vision,Skin Redness,Rapid Heart Rate,Abdominal Pain,Scarlet Fever
Skin Peeling,Ear Pain,Cough,Vomiting,Fever,Diarrhea,Loss of Taste,COVID-19
Skin Redness,Loss of Taste,High Blood Pressure,Confusion,Ear Pain,Dizziness,Cough,Unknown
Headache,Skin Peeling,Shortness of Breath,Muscle Pain,Difficulty Swallowing,High Blood Pressure,Blurred Vision,Hypertension
Chest Pain,Joint Pain,Runny Nose,Skin Peeling,Weakness,Loss of Taste,Skin Redness,Typhoid
Chills,Difficulty Swallowing,Low Blood Pressure,Skin Peeling,Fatigue,Nausea,Shortness of Breath,Scarlet Fever
Fatigue,Chest Pain,Skin Redness,Joint Pain,Shortness of Breath,Nausea,Cough,Hypertension
Confusion,Loss of Smell,Shortness of Breath,Joint Pain,Fever,Dizziness,Rapid Heart Rate,Unknown
Ear Pain,Weakness,Sweating,Fatigue,Difficulty Swallowing,Loss of Appetite,Diarrhea,Hypertension
Loss of Smell,Abdominal Pain,Rash,Confusion,Nausea,Dizziness,High Blood Pressure,COVID-19
Runny Nose,Nausea,Fatigue,Diarrhea,Sore Throat,Abdominal Pain,Sweating,Unknown
Chills,Chest Pain,Low Blood Pressure,Headache,Muscle Pain,Nausea,Difficulty Swallowing,Unknown
Skin Redness,Nausea,Runny Nose,Sore Throat,Headache,Loss of Appetite,Diarrhea,Ear Infection
Skin Redness,Swollen Lymph Nodes,Sore Throat,Nausea,Dizziness,Chills,Chest Pain,Food Poisoning
Ear Pain,Skin Redness,Blurred Vision,Loss of Appetite,Skin Peeling,Fever,Loss of Smell,Unknown
Sore Throat,Blurred Vision,Vomiting,Loss of Smell,Confusion,Chills,Cough,Strep Throat
Low Blood Pressure,Chills,Headache,Sweating,Skin Peeling,Loss of Appetite,Fever,Ear Infection
Swollen Lymph Nodes,Joint Pain,Fever,Chills,Blurred Vision,Sweating,Nausea,Typhoid
Weakness,Chills,Difficulty Swallowing,Headache,Low Blood Pressure,Rash,Nausea,Migraine
Nausea,Blurred Vision,Swollen Lymph Nodes,Ear Pain,Shortness of Breath,Weakness,Skin Peeling,Meningitis
Loss of Taste,Blurred Vision,Nausea,Swollen Lymph Nodes,Chills,Rash,Loss of Appetite,COVID-19
Loss of Taste,Headache,Diarrhea,Low Blood Pressure,Nausea,Skin Peeling,Loss of Smell,COVID-19
Shortness of Breath,Abdominal Pain,Loss of Smell,Low Blood Pressure,Chest Pain,High Blood Pressure,Fatigue,Typhoid
Rapid Heart Rate,Joint Pain,Vomiting,Dizziness,Headache,Swollen Lymph Nodes,Loss of Taste,Strep Throat
Loss of Smell,Fever,Nausea,High Blood Pressure,Diarrhea,Headache,Fatigue,COVID-19
Muscle Pain,Blurred Vision,Rapid Heart Rate,Vomiting,Loss of Taste,Dizziness,Skin Redness,Hypotension
Loss of Smell,Muscle Pain,Cough,Nausea,Blurred Vision,Joint Pain,Confusion,Food Poisoning
Dizziness,Difficulty Swallowing,Rash,Nausea,Skin Peeling,Fatigue,Swollen Lymph Nodes,Unknown
Headache,Swollen Lymph Nodes,Cough,Loss of Smell,Diarrhea,High Blood Pressure,Ear Pain,Malaria
Loss of Taste,High Blood Pressure,Difficulty Swallowing,Ear Pain,Skin Peeling,Dizziness,Low Blood Pressure,Unknown
Loss of Appetite,Chills,Ear Pain,Sweating,Loss of Smell,Joint Pain,Shortness of Breath,Unknown
Rapid Heart Rate,Ear Pain,Rash,Low Blood Pressure,Swollen Lymph Nodes,Dizziness,Abdominal Pain,Unknown
Dizziness,Headache,Sore Throat,Chest Pain,Runny Nose,Abdominal Pain,Chills,Dengue
Runny Nose,Sore Throat,Weakness,Diarrhea,Joint Pain,Loss of Appetite,Skin Redness,Unknown
Diarrhea,Vomiting,Difficulty Swallowing,Ear Pain,Low Blood Pressure,Rash,Chest Pain,Unknown
Rapid Heart Rate,Chills,High Blood Pressure,Swollen Lymph Nodes,Skin Redness,Confusion,Loss of Smell,Malaria
Muscle Pain,Headache,Vomiting,Sweating,Sore Throat,Rapid Heart Rate,Cough,Cold
Skin Redness,Ear Pain,Joint Pain,Rapid Heart Rate,Blurred Vision,Difficulty Swallowing,Loss of Smell,Ear Infection
Fever,Diarrhea,Difficulty Swallowing,Runny Nose,Weakness,Sweating,Dizziness,Dengue
Fever,Difficulty Swallowing,Confusion,Vomiting,Loss of Appetite,Dizziness,Joint Pain,COVID-19
Runny Nose,Sweating,Weakness,Rapid Heart Rate,Abdominal Pain,Diarrhea,Loss of Taste,Malaria
Joint Pain,Skin Peeling,Vomiting,Abdominal Pain,Sweating,Loss of Taste,Difficulty Swallowing,Unknown
Loss of Smell,Skin Redness,High Blood Pressure,Cough,Rash,Runny Nose,Fatigue,Unknown
Diarrhea,Low Blood Pressure,Abdominal Pain,Difficulty Swallowing,Blurred Vision,Runny Nose,Fever,Food Poisoning
Loss of Appetite,Rapid Heart Rate,Cough,Headache,Low Blood Pressure,Loss of Smell,Skin Redness,Meningitis
Loss of Appetite,Sore Throat,Blurred Vision,Chest Pain,Loss of Taste,Joint Pain,Chills,Malaria
Loss of Taste,Runny Nose,Chills,Muscle Pain,Nausea,Confusion,High Blood Pressure,Unknown
Joint Pain,Ear Pain,Low Blood Pressure,Blurred Vision,Shortness of Breath,Chest Pain,Skin Peeling,Unknown
Sore Throat,Chest Pain,Rapid Heart Rate,Loss of Taste,Skin Peeling,Ear Pain,Joint Pain,Strep Throat
Loss of Appetite,Skin Redness,Fever,Loss of Smell,Rapid Heart Rate,Sweating,Chills,Malaria
Cough,Blurred Vision,Loss of Smell,Vomiting,Abdominal Pain,Skin Peeling,Headache,Pneumonia
Joint Pain,Muscle Pain,Shortness of Breath,Dizziness,Weakness,Rapid Heart Rate,Sweating,Unknown
Loss of Taste,Runny Nose,Loss of Appetite,Abdominal Pain,Diarrhea,Difficulty Swallowing,Fever,Meningitis
Nausea,Skin Peeling,Loss of Smell,Sweating,Vomiting,High Blood Pressure,Abdominal Pain,Unknown
Skin Peeling,Fever,Loss of Appetite,Runny Nose,Chest Pain,Rapid Heart Rate,Weakness,COVID-19
Diarrhea,Vomiting,Chest Pain,Ear Pain,Abdominal Pain,Rapid Heart Rate,Skin Redness,Unknown
Chills,Headache,Low Blood Pressure,Abdominal Pain,Chest Pain,Dizziness,Joint Pain,Unknown
Skin Peeling,Rash,Nausea,Dizziness,Diarrhea,Loss of Taste,Sweating,Unknown
Chills,Sweating,Diarrhea,Nausea,Cough,Dizziness,Chest Pain,Unknown
Headache,Abdominal Pain,Diarrhea,Fatigue,Dizziness,Nausea,Loss of Appetite,Flu
Rapid Heart Rate,Headache,Nausea,Rash,Loss of Appetite,Confusion,Difficulty Swallowing,Ear Infection
Swollen Lymph Nodes,Rapid Heart Rate,Chest Pain,Ear Pain,Abdominal Pain,Difficulty Swallowing,Weakness,Unknown
Chest Pain,High Blood Pressure,Confusion,Skin Redness,Weakness,Muscle Pain,Swollen Lymph Nodes,Unknown
Skin Peeling,Diarrhea,Vomiting,Joint Pain,Dizziness,Low Blood Pressure,Rash,Unknown
Swollen Lymph Nodes,Diarrhea,Low Blood Pressure,Joint Pain,Confusion,Ear Pain,Rapid Heart Rate,Dengue
Weakness,Joint Pain,Chest Pain,Difficulty Swallowing,Swollen Lymph Nodes,Muscle Pain,Cough,Unknown
Runny Nose,Ear Pain,Blurred Vision,High Blood Pressure,Skin Redness,Rash,Cough,Hypertension
Dizziness,Skin Redness,Low Blood Pressure,Joint Pain,Swollen Lymph Nodes,Rash,Sweating,Hypertension
Vomiting,Blurred Vision,Swollen Lymph Nodes,Muscle Pain,Shortness of Breath,Fatigue,Weakness,Migraine
Vomiting,High Blood Pressure,Fever,Shortness of Breath,Chills,Blurred Vision,Muscle Pain,Dengue
Nausea,Confusion,Sore Throat,High Blood Pressure,Rash,Runny Nose,Skin Peeling,Cold
Rash,Shortness of Breath,Abdominal Pain,Rapid Heart Rate,Low Blood Pressure,Skin Redness,Headache,Pneumonia
Fatigue,Shortness of Breath,Nausea,Sore Throat,Cough,Chills,High Blood Pressure,Flu
Ear Pain,Diarrhea,Abdominal Pain,Muscle Pain,Fatigue,Sweating,Confusion,Unknown
Ear Pain,Shortness of Breath,Fatigue,Diarrhea,Joint Pain,Rapid Heart Rate,Headache,Unknown
Low Blood Pressure,Fatigue,Swollen Lymph Nodes,Sweating,Blurred Vision,Ear Pain,Confusion,Hypertension
Skin Peeling,Cough,Ear Pain,Sweating,Fever,Skin Redness,Rapid Heart Rate,Malaria
Fatigue,Shortness of Breath,High Blood Pressure,Muscle Pain,Fever,Sweating,Confusion,Unknown
Joint Pain,Runny Nose,Loss of Appetite,Ear Pain,Vomiting,Chest Pain,Swollen Lymph Nodes,Dengue
Runny Nose,Swollen Lymph Nodes,Difficulty Swallowing,Dizziness,Blurred Vision,Sweating,High Blood Pressure,Unknown
Skin Redness,Abdominal Pain,Sore Throat,Nausea,Joint Pain,Blurred Vision,Loss of Taste,Cold
Weakness,Low Blood Pressure,Diarrhea,Sweating,Skin Redness,Difficulty Swallowing,High Blood Pressure,Malaria
Runny Nose,Loss of Smell,Swollen Lymph Nodes,Loss of Taste,Confusion,Sore Throat,Rash,Flu
Rash,Headache,Loss of Appetite,Fever,Low Blood Pressure,Weakness,Loss of Smell,Dengue
Joint Pain,Chest Pain,Chills,Muscle Pain,Dizziness,Sweating,Loss of Taste,Unknown
Difficulty Swallowing,Fatigue,Muscle Pain,Low Blood Pressure,Swollen Lymph Nodes,Rash,Diarrhea,Flu
Swollen Lymph Nodes,Diarrhea,Loss of Smell,Difficulty Swallowing,Low Blood Pressure,Shortness of Breath,Skin Peeling,Unknown
Weakness,Dizziness,Sore Throat,Muscle Pain,Ear Pain,Vomiting,Diarrhea,Dengue
Abdominal Pain,Diarrhea,Loss of Smell,Sweating,Chills,Dizziness,Loss of Taste,Unknown
Vomiting,Dizziness,Weakness,Chills,Difficulty Swallowing,Muscle Pain,Nausea,Food Poisoning
Chest Pain,Cough,Loss of Smell,Weakness,Joint Pain,Skin Redness,Loss of Taste,Malaria
Weakness,Fever,Sweating,Loss of Taste,Difficulty Swallowing,Rapid Heart Rate,High Blood Pressure,Meningitis
Confusion,Blurred Vision,Chest Pain,Skin Peeling,Headache,High Blood Pressure,Difficulty Swallowing,Unknown
Muscle Pain,Loss of Appetite,Difficulty Swallowing,Chest Pain,Rash,Sore Throat,Nausea,Flu
Loss of Appetite,Vomiting,Difficulty Swallowing,Chest Pain,Fever,Cough,Muscle Pain,Flu
Diarrhea,Chest Pain,Difficulty Swallowing,Shortness of Breath,High Blood Pressure,Fever,Muscle Pain,Typhoid
Headache,Cough,Rash,Loss of Smell,Vomiting,Nausea,Diarrhea,Pneumonia
Cough,Runny Nose,Abdominal Pain,Difficulty Swallowing,Sore Throat,Skin Redness,Rash,Ear Infection
Sweating,Dizziness,Chills,Weakness,Blurred Vision,Low Blood Pressure,Skin Peeling,Unknown
Headache,Difficulty Swallowing,Muscle Pain,Runny Nose,Confusion,Nausea,Loss of Smell,Cold
Sore Throat,Shortness of Breath,Muscle Pain,Skin Redness,Chest Pain,Cough,Chills,Strep Throat
Chest Pain,Loss of Smell,Joint Pain,Headache,Fatigue,Abdominal Pain,Vomiting,Unknown
Weakness,Shortness of Breath,Sweating,Low Blood Pressure,Rash,Headache,High Blood Pressure,Flu
Chest Pain,Chills,Muscle Pain,Fever,Nausea,Rapid Heart Rate,Abdominal Pain,Pneumonia
Dizziness,Loss of Taste,Cough,Rash,Chest Pain,Nausea,Runny Nose,Hypertension
Loss of Appetite,Joint Pain,Loss of Taste,Abdominal Pain,Loss of Smell,Swollen Lymph Nodes,Dizziness,Typhoid
Loss of Appetite,Blurred Vision,Headache,Loss of Taste,Chest Pain,Loss of Smell,Abdominal Pain,Malaria
Joint Pain,Skin Peeling,Runny Nose,Loss of Smell,Headache,High Blood Pressure,Confusion,Dengue
Chills,Loss of Smell,Low Blood Pressure,Rash,Runny Nose,Nausea,Fever,Cold
Dizziness,Weakness,Runny Nose,Skin Peeling,Loss of Smell,Shortness of Breath,Sweating,Hypotension
Rash,Headache,Vomiting,Cough,Nausea,Muscle Pain,Skin Peeling,Unknown
Chest Pain,Skin Redness,Skin Peeling,Muscle Pain,Swollen Lymph Nodes,Cough,Loss of Smell,Pneumonia
Loss of Taste,Skin Redness,Shortness of Breath,Low Blood Pressure,Headache,Weakness,Sweating,COVID-19
Nausea,Weakness,High Blood Pressure,Sore Throat,Abdominal Pain,Fatigue,Diarrhea,Hypotension
Rash,Skin Peeling,Muscle Pain,Sore Throat,Weakness,Ear Pain,Chills,Unknown
Abdominal Pain,Cough,Nausea,Rash,Joint Pain,Headache,High Blood Pressure,Typhoid
Vomiting,Runny Nose,Joint Pain,Confusion,Loss of Taste,Muscle Pain,Nausea,Unknown
Rapid Heart Rate,Blurred Vision,Difficulty Swallowing,Loss of Taste,Confusion,Vomiting,Sweating,Food Poisoning
Low Blood Pressure,Shortness of Breath,Dizziness,Cough,Rash,Rapid Heart Rate,Confusion,Hypotension
Loss of Appetite,Ear Pain,Blurred Vision,High Blood Pressure,Loss of Taste,Joint Pain,Skin Redness,Unknown
Confusion,Chest Pain,Joint Pain,Loss of Smell,Abdominal Pain,Skin Peeling,Headache,Scarlet Fever
Joint Pain,Fatigue,Abdominal Pain,Shortness of Breath,Rash,Confusion,Chills,Unknown
Ear Pain,Fatigue,Low Blood Pressure,Difficulty Swallowing,Sore Throat,Confusion,Skin Peeling,Unknown
Fatigue,Sore Throat,Loss of Smell,Rapid Heart Rate,Low Blood Pressure,Skin Redness,Chest Pain,Flu
Skin Redness,High Blood Pressure,Blurred Vision,Shortness of Breath,Rash,Difficulty Swallowing,Chest Pain,Unknown
Skin Peeling,Loss of Taste,Muscle Pain,Abdominal Pain,Difficulty Swallowing,Fever,Vomiting,Ear Infection
Joint Pain,Rapid Heart Rate,Loss of Smell,Low Blood Pressure,Vomiting,Abdominal Pain,Swollen Lymph Nodes,Unknown
Loss of Taste,Muscle Pain,Fever,Chills,Difficulty Swallowing,Abdominal Pain,Nausea,Ear Infection
Ear Pain,Loss of Appetite,Diarrhea,Cough,Rapid Heart Rate,Loss of Smell,Joint Pain,Flu
Weakness,Joint Pain,Shortness of Breath,Loss of Smell,Blurred Vision,Nausea,Loss of Appetite,Unknown
Sore Throat,Diarrhea,Muscle Pain,Headache,Nausea,High Blood Pressure,Difficulty Swallowing,Unknown
Rash,Fatigue,Nausea,Rapid Heart Rate,Cough,Diarrhea,Loss of Taste,Unknown
Sore Throat,Muscle Pain,Nausea,Runny Nose,Blurred Vision,Ear Pain,Loss of Smell,COVID-19
Diarrhea,Low Blood Pressure,Chest Pain,Vomiting,Weakness,Dizziness,Muscle Pain,Malaria
Skin Redness,Vomiting,Sweating,Diarrhea,Nausea,Fatigue,Cough,Migraine
Weakness,Loss of Smell,Cough,Fever,Ear Pain,High Blood Pressure,Swollen Lymph Nodes,Unknown
Skin Peeling,Low Blood Pressure,Chills,Fever,Ear Pain,Rash,Nausea,Pneumonia
Runny Nose,Shortness of Breath,Rapid Heart Rate,High Blood Pressure,Weakness,Fever,Skin Peeling,Typhoid
Chest Pain,Loss of Smell,Fatigue,Muscle Pain,Difficulty Swallowing,Skin Peeling,Loss of Taste,Food Poisoning
Ear Pain,Low Blood Pressure,Rapid Heart Rate,Skin Redness,Chest Pain,Joint Pain,Rash,Unknown
Blurred Vision,Low Blood Pressure,Runny Nose,Chills,Vomiting,Sweating,Loss of Appetite,Typhoid
Chest Pain,Abdominal Pain,Muscle Pain,Joint Pain,Chills,Rash,Ear Pain,Typhoid
Nausea,Muscle Pain,Diarrhea,Chest Pain,Vomiting,Rapid Heart Rate,Swollen Lymph Nodes,Food Poisoning
Ear Pain,Sweating,Joint Pain,Skin Peeling,Chills,Difficulty Swallowing,Loss of Taste,Unknown
Headache,Muscle Pain,Chills,Chest Pain,Sore Throat,Fever,Loss of Taste,Scarlet Fever
Muscle Pain,Runny Nose,Skin Redness,Cough,Weakness,Loss of Taste,Rapid Heart Rate,Hypotension
Difficulty Swallowing,Ear Pain,Shortness of Breath,Loss of Taste,Sore Throat,Nausea,Low Blood Pressure,Strep Throat
Chills,Dizziness,Fatigue,Low Blood Pressure,Loss of Appetite,High Blood Pressure,Difficulty Swallowing,Hypertension
Loss of Taste,Chest Pain,Rapid Heart Rate,Skin Redness,Loss of Appetite,Headache,Weakness,Ear Infection
Chills,Sweating,Dizziness,Fatigue,Nausea,Confusion,Diarrhea,Meningitis
Skin Redness,Runny Nose,Cough,Chills,Loss of Smell,Low Blood Pressure,Nausea,Pneumonia
Rapid Heart Rate,Joint Pain,Chest Pain,Skin Peeling,Loss of Smell,Sweating,Runny Nose,Scarlet Fever
Rapid Heart Rate,Sweating,Blurred Vision,Fatigue,Weakness,High Blood Pressure,Skin Redness,Unknown
Loss of Appetite,Cough,Muscle Pain,Dizziness,Sweating,Runny Nose,Fatigue,COVID-19
Rapid Heart Rate,Chest Pain,Rash,Fever,Sore Throat,Muscle Pain,Joint Pain,Hypotension
Fatigue,Skin Redness,Sore Throat,Fever,Cough,Dizziness,Headache,Flu
Blurred Vision,Rapid Heart Rate,Loss of Smell,Headache,Rash,Cough,Fever,Ear Infection
Loss of Appetite,Weakness,Ear Pain,High Blood Pressure,Abdominal Pain,Diarrhea,Runny Nose,Unknown
Fever,Joint Pain,Low Blood Pressure,Fatigue,Muscle Pain,Difficulty Swallowing,Diarrhea,Dengue
Chills,Blurred Vision,Sweating,Dizziness,Cough,Weakness,Joint Pain,Hypotension
Loss of Appetite,Fatigue,Ear Pain,Rapid Heart Rate,Blurred Vision,Skin Redness,Runny Nose,Cold
Dizziness,Loss of Smell,Sweating,Skin Redness,Loss of Taste,Vomiting,Cough,Migraine
Nausea,Runny Nose,Vomiting,Cough,Low Blood Pressure,Sweating,Confusion,Food Poisoning
Difficulty Swallowing,Sweating,Low Blood Pressure,Chest Pain,Skin Peeling,Vomiting,Loss of Smell,Malaria
Sweating,Swollen Lymph Nodes,Blurred Vision,Fatigue,Weakness,Difficulty Swallowing,Sore Throat,Unknown
Loss of Appetite,Fever,Muscle Pain,Low Blood Pressure,Sweating,Confusion,Weakness,Hypotension
Sore Throat,Blurred Vision,Low Blood Pressure,Fatigue,Sweating,Diarrhea,Skin Peeling,Malaria
Fatigue,Sweating,Dizziness,Rapid Heart Rate,Runny Nose,Diarrhea,Muscle Pain,Unknown
Sweating,Abdominal Pain,Joint Pain,Chills,Swollen Lymph Nodes,Dizziness,Chest Pain,Dengue
Chills,Abdominal Pain,Sore Throat,Dizziness,Muscle Pain,Rash,Sweating,Hypotension
Loss of Smell,Dizziness,Loss of Taste,Confusion,Sweating,Sore Throat,Muscle Pain,Migraine
Weakness,Fever,Diarrhea,Chest Pain,Cough,Ear Pain,Sore Throat,Scarlet Fever
Confusion,Muscle Pain,Loss of Taste,Rash,Loss of Appetite,Skin Peeling,Rapid Heart Rate,COVID-19
Dizziness,Headache,Chills,Shortness of Breath,Skin Peeling,Vomiting,Runny Nose,Dengue
Dizziness,Nausea,Muscle Pain,Joint Pain,Chills,Vomiting,Rapid Heart Rate,Unknown
Confusion,Rash,Joint Pain,Difficulty Swallowing,Fever,Abdominal Pain,Diarrhea,Ear Infection
Nausea,Vomiting,Runny Nose,Skin Redness,Weakness,Muscle Pain,Confusion,Migraine
Joint Pain,Ear Pain,Sore Throat,Loss of Appetite,Sweating,Rash,Muscle Pain,Flu
Ear Pain,Abdominal Pain,Sore Throat,Blurred Vision,Loss of Smell,Joint Pain,Dizziness,Migraine
Swollen Lymph Nodes,Nausea,Low Blood Pressure,Headache,Abdominal Pain,Muscle Pain,Skin Peeling,Unknown
Chills,Blurred Vision,Confusion,Skin Peeling,Vomiting,Headache,Loss of Taste,Flu
Loss of Taste,Low Blood Pressure,Sweating,Rash,Cough,Nausea,Shortness of Breath,Unknown
Sweating,Loss of Smell,Vomiting,Low Blood Pressure,Runny Nose,Loss of Taste,Sore Throat,Flu
Weakness,Sweating,High Blood Pressure,Abdominal Pain,Joint Pain,Skin Peeling,Sore Throat,Unknown
Dizziness,Swollen Lymph Nodes,Sweating,Sore Throat,Difficulty Swallowing,Weakness,Nausea,Flu
Chest Pain,Nausea,Confusion,Cough,Difficulty Swallowing,Chills,Loss of Taste,Meningitis
Rapid Heart Rate,Cough,Sore Throat,Headache,Confusion,Swollen Lymph Nodes,Loss of Appetite,Meningitis
Blurred Vision,Ear Pain,Diarrhea,Rash,Rapid Heart Rate,Nausea,Joint Pain,Unknown
Skin Redness,Loss of Taste,Loss of Appetite,Headache,Runny Nose,High Blood Pressure,Abdominal Pain,Unknown
Dizziness,Muscle Pain,Weakness,Rash,Skin Peeling,High Blood Pressure,Skin Redness,Unknown
Sweating,Fever,Nausea,Weakness,Chills,Sore Throat,Chest Pain,Strep Throat
Cough,Low Blood Pressure,Sore Throat,High Blood Pressure,Diarrhea,Nausea,Fever,Malaria
Muscle Pain,Confusion,Fever,Runny Nose,Nausea,Headache,Cough,Flu
Rapid Heart Rate,Skin Redness,High Blood Pressure,Fatigue,Loss of Appetite,Loss of Taste,Skin Peeling,Unknown
Confusion,Nausea,Chills,Sore Throat,Swollen Lymph Nodes,Skin Peeling,Diarrhea,Unknown
Vomiting,Skin Peeling,Diarrhea,Sweating,Chest Pain,Weakness,Loss of Appetite,COVID-19
Weakness,Confusion,Low Blood Pressure,Difficulty Swallowing,Diarrhea,Rapid Heart Rate,Ear Pain,Hypotension
Skin Redness,Skin Peeling,Vomiting,Sore Throat,Cough,Abdominal Pain,Difficulty Swallowing,Pneumonia
Headache,Chills,Chest Pain,Fatigue,Difficulty Swallowing,Weakness,Joint Pain,Typhoid
Muscle Pain,Fatigue,Skin Peeling,Loss of Taste,Dizziness,Nausea,Shortness of Breath,Hypertension
Blurred Vision,Ear Pain,Confusion,Skin Peeling,Loss of Taste,Chest Pain,Diarrhea,Food Poisoning
Nausea,Vomiting,Difficulty Swallowing,Sweating,Muscle Pain,Chills,Rapid Heart Rate,Dengue
Rapid Heart Rate,Sweating,Difficulty Swallowing,Headache,Joint Pain,Nausea,Chest Pain,Ear Infection
Blurred Vision,Sweating,Ear Pain,Shortness of Breath,Low Blood Pressure,Abdominal Pain,Fatigue,Cold
Diarrhea,Dizziness,Cough,Fever,Blurred Vision,Chills,Joint Pain,Typhoid
Fever,Chest Pain,Sore Throat,Nausea,Joint Pain,Skin Peeling,Rash,Typhoid
Cough,Blurred Vision,Loss of Smell,Skin Redness,Shortness of Breath,Chest Pain,Muscle Pain,Unknown
Loss of Smell,Weakness,Fatigue,Abdominal Pain,Rapid Heart Rate,Runny Nose,Fever,COVID-19
Sore Throat,Shortness of Breath,Dizziness,Joint Pain,Muscle Pain,Headache,Vomiting,Pneumonia
Difficulty Swallowing,Nausea,Cough,Joint Pain,Skin Redness,Loss of Taste,Shortness of Breath,Ear Infection
Shortness of Breath,Weakness,Low Blood Pressure,Skin Peeling,Blurred Vision,Ear Pain,Sore Throat,Strep Throat
Joint Pain,Confusion,Loss of Smell,Blurred Vision,Rash,Nausea,Chest Pain,Unknown
Nausea,Chest Pain,Low Blood Pressure,High Blood Pressure,Dizziness,Skin Redness,Ear Pain,Unknown
Rapid Heart Rate,Low Blood Pressure,Nausea,Sweating,Sore Throat,Rash,Runny Nose,Food Poisoning
Skin Peeling,Cough,Confusion,Rash,Weakness,Low Blood Pressure,Sore Throat,Dengue
Shortness of Breath,Confusion,Abdominal Pain,Skin Redness,Swollen Lymph Nodes,Blurred Vision,Sore Throat,COVID-19
Blurred Vision,High Blood Pressure,Headache,Sweating,Rapid Heart Rate,Ear Pain,Abdominal Pain,Hypertension
Confusion,Skin Peeling,Muscle Pain,Loss of Appetite,High Blood Pressure,Nausea,Diarrhea,Unknown
Skin Peeling,Vomiting,Shortness of Breath,Diarrhea,Abdominal Pain,Weakness,Fever,Unknown
Headache,High Blood Pressure,Dizziness,Loss of Smell,Shortness of Breath,Sweating,Rash,Ear Infection
Blurred Vision,Sore Throat,Rapid Heart Rate,Dizziness,Cough,Runny Nose,Vomiting,Unknown
Chills,Shortness of Breath,Joint Pain,Headache,Runny Nose,Swollen Lymph Nodes,Sweating,Flu
Sore Throat,Swollen Lymph Nodes,Chest Pain,Loss of Appetite,Loss of Smell,Vomiting,Rash,Scarlet Fever
Chills,Nausea,Fatigue,Swollen Lymph Nodes,Dizziness,Vomiting,Weakness,Hypertension
Chills,Low Blood Pressure,Runny Nose,Rapid Heart Rate,Loss of Smell,Confusion,Nausea,Unknown
Cough,Dizziness,High Blood Pressure,Vomiting,Loss of Appetite,Rash,Loss of Taste,Unknown
Runny Nose,Weakness,Difficulty Swallowing,Rapid Heart Rate,Sore Throat,Swollen Lymph Nodes,Abdominal Pain,Cold
Abdominal Pain,Ear Pain,Joint Pain,Cough,Loss of Appetite,Runny Nose,Weakness,Flu
Fever,Swollen Lymph Nodes,Muscle Pain,Weakness,Rapid Heart Rate,Cough,Abdominal Pain,Dengue
Difficulty Swallowing,Sore Throat,Rash,Nausea,Rapid Heart Rate,Headache,Muscle Pain,Food Poisoning
Low Blood Pressure,Chest Pain,Rapid Heart Rate,Rash,Weakness,Loss of Smell,Swollen Lymph Nodes,Unknown
Confusion,Rapid Heart Rate,Dizziness,Loss of Appetite,Joint Pain,Swollen Lymph Nodes,Nausea,Hypotension
Vomiting,Blurred Vision,Shortness of Breath,Loss of Appetite,High Blood Pressure,Abdominal Pain,Sweating,COVID-19
Cough,Fever,Swollen Lymph Nodes,Loss of Taste,Loss of Appetite,Vomiting,Sweating,COVID-19
Ear Pain,Difficulty Swallowing,Confusion,Shortness of Breath,Abdominal Pain,Fatigue,Weakness,Unknown
Low Blood Pressure,Sore Throat,Fatigue,Skin Redness,Loss of Smell,High Blood Pressure,Abdominal Pain,Unknown
Cough,Joint Pain,Sweating,Headache,Swollen Lymph Nodes,Rapid Heart Rate,Ear Pain,Cold
Sore Throat,Rapid Heart Rate,Swollen Lymph Nodes,Fatigue,Loss of Appetite,Vomiting,Skin Peeling,Scarlet Fever
Skin Peeling,Dizziness,Vomiting,Sweating,Weakness,Rash,Fever,Migraine
Dizziness,Confusion,Loss of Appetite,Fever,Runny Nose,Loss of Smell,Abdominal Pain,Ear Infection
Dizziness,Difficulty Swallowing,Rash,Blurred Vision,Fever,Nausea,Abdominal Pain,Typhoid
Sore Throat,Low Blood Pressure,Cough,Fatigue,Chills,Blurred Vision,Muscle Pain,Migraine
Runny Nose,Low Blood Pressure,High Blood Pressure,Vomiting,Loss of Appetite,Weakness,Chills,Malaria
Low Blood Pressure,Chest Pain,Fever,Rash,Fatigue,Swollen Lymph Nodes,Vomiting,COVID-19
Muscle Pain,Low Blood Pressure,Chills,Abdominal Pain,Blurred Vision,Nausea,Weakness,Dengue
Fever,Headache,Skin Redness,Nausea,Vomiting,Weakness,Shortness of Breath,Hypotension
Loss of Taste,Fatigue,Fever,Sweating,Skin Peeling,Dizziness,Low Blood Pressure,Dengue
Swollen Lymph Nodes,Diarrhea,Low Blood Pressure,Shortness of Breath,Dizziness,Loss of Taste,Sore Throat,Flu
Rash,Sore Throat,Fatigue,Joint Pain,Cough,Runny Nose,Vomiting,Unknown
Low Blood Pressure,Loss of Smell,Sweating,Swollen Lymph Nodes,Cough,Abdominal Pain,Confusion,COVID-19
Muscle Pain,Cough,Nausea,Difficulty Swallowing,Low Blood Pressure,Vomiting,Skin Peeling,Unknown
Cough,Difficulty Swallowing,Sweating,Weakness,Rapid Heart Rate,Loss of Smell,Abdominal Pain,Food Poisoning
Shortness of Breath,Skin Redness,Swollen Lymph Nodes,Headache,Dizziness,Nausea,Rash,Dengue
Difficulty Swallowing,Sweating,Chest Pain,High Blood Pressure,Nausea,Shortness of Breath,Rash,Unknown
Muscle Pain,Skin Peeling,Sore Throat,Rapid Heart Rate,High Blood Pressure,Loss of Taste,Loss of Appetite,Unknown
Runny Nose,Difficulty Swallowing,Rapid Heart Rate,Dizziness,Swollen Lymph Nodes,Confusion,Loss of Smell,Unknown
Weakness,Joint Pain,Diarrhea,Difficulty Swallowing,Loss of Taste,Fatigue,Loss of Smell,Strep Throat
Chest Pain,Fever,Skin Peeling,Low Blood Pressure,Nausea,Loss of Appetite,High Blood Pressure,Malaria
High Blood Pressure,Nausea,Loss of Taste,Fever,Skin Redness,Vomiting,Rash,Pneumonia
Blurred Vision,Rapid Heart Rate,Shortness of Breath,Loss of Appetite,Confusion,Nausea,Difficulty Swallowing,Meningitis
Blurred Vision,Rash,Loss of Taste,Dizziness,Low Blood Pressure,Ear Pain,Headache,Hypotension
Sweating,Loss of Smell,Headache,Vomiting,Chest Pain,Sore Throat,Blurred Vision,Dengue
Muscle Pain,Chest Pain,Abdominal Pain,Difficulty Swallowing,Weakness,Rash,Loss of Smell,Unknown
Joint Pain,Skin Redness,Nausea,Cough,Loss of Taste,Rash,Chest Pain,Scarlet Fever
Fatigue,Skin Redness,Diarrhea,Swollen Lymph Nodes,Abdominal Pain,Cough,Runny Nose,Cold
Fever,Headache,Low Blood Pressure,Loss of Smell,Diarrhea,Rash,Blurred Vision,Flu
Low Blood Pressure,Cough,Skin Peeling,Swollen Lymph Nodes,Sore Throat,Confusion,Fatigue,Unknown
Chills,Skin Redness,Headache,Cough,Muscle Pain,Rash,Loss of Taste,Migraine
Ear Pain,Fever,Vomiting,Shortness of Breath,Blurred Vision,Skin Redness,Sweating,Ear Infection
Weakness,Low Blood Pressure,Loss of Appetite,Vomiting,Fatigue,Loss of Taste,Cough,Unknown
Fatigue,Joint Pain,Shortness of Breath,Loss of Taste,Muscle Pain,Dizziness,Fever,Ear Infection
Sweating,Rash,Loss of Appetite,Muscle Pain,Loss of Smell,Dizziness,Shortness of Breath,Unknown
Ear Pain,Diarrhea,Rash,Headache,Chest Pain,Nausea,Difficulty Swallowing,Dengue
Runny Nose,Ear Pain,Chills,Nausea,Low Blood Pressure,Weakness,Vomiting,Unknown
Rapid Heart Rate,Fatigue,Skin Redness,Ear Pain,Weakness,Fever,Difficulty Swallowing,Unknown
Cough,Swollen Lymph Nodes,Ear Pain,Diarrhea,Fever,Dizziness,Skin Redness,Strep Throat
Confusion,Ear Pain,Low Blood Pressure,Swollen Lymph Nodes,Diarrhea,Muscle Pain,High Blood Pressure,Unknown
Chills,Fever,Runny Nose,Sore Throat,Weakness,Vomiting,Swollen Lymph Nodes,Pneumonia
Ear Pain,Nausea,Headache,Swollen Lymph Nodes,Diarrhea,Sweating,Skin Peeling,Unknown
Nausea,Rash,Chest Pain,Runny Nose,Sweating,Loss of Appetite,Abdominal Pain,Unknown
Vomiting,Fever,Swollen Lymph Nodes,Blurred Vision,High Blood Pressure,Joint Pain,Runny Nose,Ear Infection
Cough,Chest Pain,Ear Pain,Shortness of Breath,Abdominal Pain,Rapid Heart Rate,Dizziness,Unknown
Ear Pain,Headache,Swollen Lymph Nodes,Loss of Appetite,Chest Pain,Skin Peeling,Abdominal Pain,Scarlet Fever
Runny Nose,Fever,Shortness of Breath,Low Blood Pressure,Dizziness,Skin Redness,Sore Throat,Meningitis
Low Blood Pressure,Loss of Smell,Rash,Headache,Skin Redness,Shortness of Breath,Joint Pain,Unknown
Loss of Appetite,Vomiting,Diarrhea,Ear Pain,Muscle Pain,Fever,Swollen Lymph Nodes,Unknown
Muscle Pain,Blurred Vision,Nausea,Chills,Loss of Appetite,Vomiting,Rapid Heart Rate,Unknown
Chest Pain,Headache,Skin Redness,Dizziness,High Blood Pressure,Ear Pain,Weakness,Ear Infection
Headache,High Blood Pressure,Loss of Appetite,Diarrhea,Shortness of Breath,Rash,Fever,Typhoid
Fever,Chills,Loss of Smell,Loss of Appetite,Swollen Lymph Nodes,Fatigue,Sore Throat,Cold
Abdominal Pain,Muscle Pain,Chills,Rapid Heart Rate,Vomiting,Blurred Vision,Sore Throat,Flu
Joint Pain,Blurred Vision,Skin Redness,High Blood Pressure,Chills,Fever,Cough,COVID-19
Low Blood Pressure,Vomiting,Rapid Heart Rate,Abdominal Pain,Shortness of Breath,Rash,Sweating,Unknown
Low Blood Pressure,Headache,Cough,Abdominal Pain,Swollen Lymph Nodes,Confusion,Chest Pain,Meningitis
Muscle Pain,Loss of Taste,Difficulty Swallowing,High Blood Pressure,Skin Redness,Vomiting,Diarrhea,Unknown
Skin Redness,Skin Peeling,Runny Nose,Rapid Heart Rate,Joint Pain,Fever,Sore Throat,Unknown
Fever,Swollen Lymph Nodes,Dizziness,High Blood Pressure,Rapid Heart Rate,Sweating,Sore Throat,Meningitis
Cough,Skin Peeling,Blurred Vision,Dizziness,Abdominal Pain,Rash,Chest Pain,Unknown
Loss of Taste,Confusion,Chest Pain,Loss of Appetite,Swollen Lymph Nodes,Sore Throat,Chills,Unknown
Chest Pain,Skin Redness,Rapid Heart Rate,Sore Throat,Weakness,Muscle Pain,Ear Pain,Unknown
Fatigue,Rapid Heart Rate,Nausea,Swollen Lymph Nodes,Dizziness,Blurred Vision,Chest Pain,Unknown
Ear Pain,Sore Throat,Runny Nose,Dizziness,Skin Redness,Shortness of Breath,Loss of Appetite,Hypertension
Nausea,Joint Pain,Loss of Taste,Muscle Pain,Diarrhea,Cough,High Blood Pressure,Unknown
Vomiting,Skin Peeling,Fatigue,Sore Throat,Rapid Heart Rate,Dizziness,Shortness of Breath,Cold
Runny Nose,Confusion,Loss of Smell,Joint Pain,Sore Throat,Blurred Vision,Rapid Heart Rate,Migraine
Nausea,Loss of Taste,Low Blood Pressure,Loss of Appetite,Weakness,Rash,Cough,Dengue
Fatigue,Sore Throat,Dizziness,Joint Pain,Skin Redness,Ear Pain,Loss of Smell,Unknown
Sore Throat,Fever,Headache,High Blood Pressure,Chills,Weakness,Runny Nose,COVID-19
Vomiting,Blurred Vision,Joint Pain,Rapid Heart Rate,Chills,Weakness,Loss of Smell,Unknown
Muscle Pain,Shortness of Breath,Weakness,Skin Peeling,Vomiting,Abdominal Pain,Skin Redness,Unknown
Loss of Smell,Fatigue,Joint Pain,Sore Throat,Chest Pain,Ear Pain,Loss of Taste,Unknown
Blurred Vision,Shortness of Breath,Rapid Heart Rate,Runny Nose,Headache,Sore Throat,Skin Redness,COVID-19
Skin Redness,Rapid Heart Rate,Fatigue,Loss of Smell,Headache,Vomiting,Cough,Malaria
Loss of Smell,Loss of Taste,Runny Nose,Swollen Lymph Nodes,Skin Redness,Fatigue,Muscle Pain,Flu
Joint Pain,Ear Pain,Confusion,Vomiting,Chest Pain,Weakness,Muscle Pain,Unknown
Nausea,Loss of Taste,Loss of Appetite,Difficulty Swallowing,Abdominal Pain,Rash,Joint Pain,Unknown
Low Blood Pressure,Sore Throat,Diarrhea,Chest Pain,Skin Peeling,Fatigue,Dizziness,Migraine
Muscle Pain,Cough,High Blood Pressure,Fatigue,Skin Peeling,Chest Pain,Chills,Unknown
Skin Redness,Shortness of Breath,Fatigue,Loss of Appetite,Muscle Pain,Sweating,Chest Pain,Flu
Shortness of Breath,Loss of Taste,Joint Pain,Runny Nose,Difficulty Swallowing,Fever,Headache,Meningitis
Abdominal Pain,High Blood Pressure,Chest Pain,Joint Pain,Loss of Appetite,Shortness of Breath,Sweating,Unknown
Ear Pain,Difficulty Swallowing,Shortness of Breath,High Blood Pressure,Chills,Skin Redness,Rash,COVID-19
Chest Pain,Shortness of Breath,Headache,Sore Throat,Muscle Pain,Diarrhea,Rash,Cold
Dizziness,Blurred Vision,Runny Nose,Sore Throat,Loss of Smell,Abdominal Pain,Fever,Food Poisoning
Loss of Smell,Vomiting,Skin Redness,Blurred Vision,Fever,Muscle Pain,Sweating,Dengue
Chest Pain,Swollen Lymph Nodes,Sore Throat,Chills,Loss of Taste,Difficulty Swallowing,Runny Nose,COVID-19
Diarrhea,Confusion,Skin Redness,Cough,Fatigue,Difficulty Swallowing,Dizziness,Hypotension
Sore Throat,Diarrhea,Cough,Abdominal Pain,Dizziness,Loss of Smell,Skin Peeling,Flu
Abdominal Pain,Loss of Taste,Blurred Vision,Joint Pain,Muscle Pain,Fever,Nausea,Dengue
High Blood Pressure,Diarrhea,Skin Redness,Fever,Difficulty Swallowing,Chills,Fatigue,Cold
Weakness,Fever,Loss of Appetite,Joint Pain,Chest Pain,Low Blood Pressure,Diarrhea,Pneumonia
Ear Pain,Headache,Loss of Taste,Rapid Heart Rate,Fever,Blurred Vision,Loss of Smell,Hypertension
Blurred Vision,Fever,Confusion,Ear Pain,Vomiting,Low Blood Pressure,Skin Peeling,COVID-19
Joint Pain,Chills,Runny Nose,Sweating,Swollen Lymph Nodes,Rash,Loss of Taste,Unknown
Difficulty Swallowing,Weakness,Blurred Vision,High Blood Pressure,Loss of Appetite,Abdominal Pain,Rash,Unknown
Sore Throat,Fever,Loss of Smell,Confusion,Runny Nose,Ear Pain,Cough,COVID-19
Confusion,Weakness,Cough,Loss of Smell,Diarrhea,Fever,Low Blood Pressure,Unknown
Nausea,Difficulty Swallowing,Fever,Diarrhea,Skin Peeling,Skin Redness,Headache,Flu
Loss of Taste,Loss of Appetite,Skin Peeling,Muscle Pain,Diarrhea,Fatigue,Rapid Heart Rate,Flu
Loss of Taste,High Blood Pressure,Low Blood Pressure,Joint Pain,Skin Peeling,Blurred Vision,Loss of Smell,Unknown
Fatigue,Shortness of Breath,Cough,Loss of Taste,Dizziness,Loss of Appetite,Abdominal Pain,Migraine
Rapid Heart Rate,Weakness,Diarrhea,Low Blood Pressure,Sweating,Difficulty Swallowing,Loss of Smell,Unknown
Chills,Fever,Skin Peeling,Skin Redness,Sweating,Ear Pain,Blurred Vision,Flu
Vomiting,Low Blood Pressure,Rash,Skin Peeling,Swollen Lymph Nodes,Loss of Taste,Loss of Smell,Unknown
Confusion,Muscle Pain,Skin Peeling,Skin Redness,Sweating,Cough,Fatigue,Scarlet Fever
Abdominal Pain,High Blood Pressure,Ear Pain,Cough,Fever,Loss of Appetite,Blurred Vision,Migraine
Chest Pain,Blurred Vision,Dizziness,Runny Nose,Loss of Appetite,Skin Redness,Low Blood Pressure,Hypertension
Muscle Pain,Ear Pain,Chest Pain,Loss of Taste,Low Blood Pressure,Cough,Blurred Vision,Migraine
Skin Redness,Abdominal Pain,Chest Pain,Low Blood Pressure,Sore Throat,Loss of Smell,Loss of Taste,Unknown
Ear Pain,Chest Pain,Nausea,Cough,Headache,Rapid Heart Rate,Skin Redness,Unknown
Skin Redness,Vomiting,Difficulty Swallowing,Sore Throat,Fever,Rash,Loss of Appetite,Ear Infection
Low Blood Pressure,Diarrhea,Swollen Lymph Nodes,Vomiting,Skin Peeling,Difficulty Swallowing,Rapid Heart Rate,Unknown
Abdominal Pain,Low Blood Pressure,Headache,Difficulty Swallowing,Confusion,Vomiting,Diarrhea,Migraine
Shortness of Breath,Difficulty Swallowing,Skin Redness,Blurred Vision,Joint Pain,Diarrhea,Rash,Food Poisoning
Swollen Lymph Nodes,Loss of Smell,Weakness,Skin Redness,Confusion,Skin Peeling,High Blood Pressure,Unknown
Cough,Sore Throat,Loss of Appetite,Confusion,Joint Pain,Rapid Heart Rate,Runny Nose,Cold
High Blood Pressure,Runny Nose,Abdominal Pain,Skin Peeling,Loss of Appetite,Dizziness,Swollen Lymph Nodes,Cold
Vomiting,Joint Pain,Ear Pain,Abdominal Pain,Confusion,Rapid Heart Rate,Diarrhea,Unknown
Rapid Heart Rate,Low Blood Pressure,Diarrhea,Fatigue,Joint Pain,Headache,Shortness of Breath,Hypertension
Rapid Heart Rate,Joint Pain,Ear Pain,Loss of Taste,Runny Nose,Sweating,Dizziness,Unknown
Chills,Loss of Taste,Ear Pain,Confusion,Skin Redness,Skin Peeling,Dizziness,Ear Infection
Runny Nose,Chills,Ear Pain,Loss of Smell,Vomiting,Dizziness,Chest Pain,Pneumonia
Cough,Chest Pain,Rapid Heart Rate,Low Blood Pressure,Loss of Appetite,Rash,Joint Pain,Unknown
Rapid Heart Rate,Headache,Sweating,Muscle Pain,Vomiting,Fever,Abdominal Pain,Hypotension
Confusion,Blurred Vision,Rash,Cough,Vomiting,High Blood Pressure,Runny Nose,Pneumonia
Vomiting,Dizziness,Ear Pain,Low Blood Pressure,Chills,Cough,Rapid Heart Rate,Food Poisoning
Rash,Diarrhea,Ear Pain,Sore Throat,Nausea,Loss of Appetite,Muscle Pain,Unknown
Loss of Smell,Shortness of Breath,Nausea,Sore Throat,Rapid Heart Rate,Loss of Appetite,High Blood Pressure,Flu
Muscle Pain,Sore Throat,Loss of Smell,Skin Peeling,Diarrhea,Chest Pain,Joint Pain,Unknown
High Blood Pressure,Headache,Confusion,Fatigue,Chest Pain,Rapid Heart Rate,Rash,Typhoid
Headache,Chest Pain,Loss of Appetite,Confusion,Rapid Heart Rate,Runny Nose,Muscle Pain,Ear Infection
Skin Peeling,Fever,Fatigue,Swollen Lymph Nodes,Difficulty Swallowing,Loss of Appetite,Rash,Flu
Ear Pain,Weakness,Vomiting,Muscle Pain,Confusion,High Blood Pressure,Chills,Hypertension
Confusion,Skin Peeling,Low Blood Pressure,Skin Redness,Runny Nose,Chills,Loss of Taste,COVID-19
Dizziness,Skin Peeling,Cough,Chest Pain,Confusion,Skin Redness,Loss of Appetite,Unknown
Fatigue,Nausea,Sweating,Cough,Blurred Vision,Confusion,Dizziness,Flu
Shortness of Breath,Blurred Vision,Confusion,Sore Throat,Fatigue,Swollen Lymph Nodes,Weakness,Unknown
Low Blood Pressure,Rapid Heart Rate,Rash,High Blood Pressure,Sweating,Confusion,Sore Throat,Strep Throat
Abdominal Pain,Confusion,Chest Pain,Sore Throat,Muscle Pain,Sweating,Loss of Smell,Malaria
Weakness,Chest Pain,Rash,Diarrhea,Fever,Rapid Heart Rate,Joint Pain,Unknown
Rash,Weakness,Rapid Heart Rate,Vomiting,Loss of Smell,Confusion,High Blood Pressure,Unknown
Loss of Appetite,Loss of Smell,Swollen Lymph Nodes,Cough,Abdominal Pain,Muscle Pain,Loss of Taste,Dengue
Weakness,Sweating,Loss of Taste,Sore Throat,Headache,Shortness of Breath,Fatigue,Migraine
Muscle Pain,Fatigue,Shortness of Breath,Skin Redness,Skin Peeling,Runny Nose,Loss of Taste,Cold
Joint Pain,Headache,Runny Nose,Sore Throat,Fatigue,Loss of Appetite,Chills,Flu
Vomiting,Sore Throat,Chills,Muscle Pain,Loss of Taste,Blurred Vision,High Blood Pressure,Unknown
Muscle Pain,Diarrhea,Swollen Lymph Nodes,Loss of Taste,Vomiting,Sweating,Rapid Heart Rate,Unknown
Rapid Heart Rate,Skin Redness,Shortness of Breath,Abdominal Pain,Difficulty Swallowing,Loss of Appetite,Swollen Lymph Nodes,Strep Throat
Headache,Rash,Blurred Vision,Rapid Heart Rate,Abdominal Pain,Diarrhea,Ear Pain,Dengue
Rash,Runny Nose,Sore Throat,Chills,Nausea,Loss of Appetite,Shortness of Breath,Unknown
Runny Nose,Chest Pain,Blurred Vision,Difficulty Swallowing,Low Blood Pressure,Skin Peeling,Cough,Unknown
Weakness,Dizziness,Skin Redness,Vomiting,Diarrhea,Muscle Pain,Loss of Taste,Migraine
Chest Pain,Cough,Chills,Sore Throat,Vomiting,Nausea,Fatigue,Migraine
Swollen Lymph Nodes,Cough,Fever,Diarrhea,Muscle Pain,Fatigue,Shortness of Breath,Pneumonia
Difficulty Swallowing,Weakness,Headache,Blurred Vision,Skin Redness,Sweating,Skin Peeling,Unknown
Diarrhea,Rapid Heart Rate,Fever,Skin Redness,Sore Throat,Low Blood Pressure,Ear Pain,Hypotension
Skin Redness,Loss of Taste,Chest Pain,Muscle Pain,Rash,Sore Throat,Rapid Heart Rate,Scarlet Fever
Fatigue,Shortness of Breath,Muscle Pain,Ear Pain,Skin Redness,Loss of Appetite,Rapid Heart Rate,Hypotension
Skin Peeling,Sweating,Loss of Appetite,Swollen Lymph Nodes,Rash,Weakness,Runny Nose,Unknown
Rash,Cough,Diarrhea,Dizziness,Vomiting,High Blood Pressure,Muscle Pain,Food Poisoning
Runny Nose,Fatigue,Dizziness,Cough,Chest Pain,Low Blood Pressure,Diarrhea,Unknown
Difficulty Swallowing,Sore Throat,Nausea,Confusion,Joint Pain,Chills,Rash,Meningitis
Muscle Pain,Nausea,Joint Pain,Low Blood Pressure,Rapid Heart Rate,High Blood Pressure,Loss of Appetite,Unknown
Rapid Heart Rate,Loss of Smell,Blurred Vision,Swollen Lymph Nodes,Chest Pain,Chills,Dizziness,Pneumonia
Fever,Ear Pain,Confusion,Abdominal Pain,Fatigue,Blurred Vision,Skin Peeling,Unknown
Swollen Lymph Nodes,Shortness of Breath,Rash,Nausea,Rapid Heart Rate,High Blood Pressure,Dizziness,Food Poisoning
Ear Pain,Headache,Abdominal Pain,Nausea,Runny Nose,Muscle Pain,Shortness of Breath,Cold
Fever,Chest Pain,Dizziness,Shortness of Breath,Skin Peeling,Fatigue,Sore Throat,Meningitis
Loss of Taste,Weakness,Chills,High Blood Pressure,Rash,Abdominal Pain,Dizziness,Migraine
Abdominal Pain,Loss of Smell,Shortness of Breath,Joint Pain,Dizziness,Vomiting,Weakness,Hypertension
Ear Pain,Difficulty Swallowing,Rapid Heart Rate,Chest Pain,Fever,Dizziness,Abdominal Pain,Food Poisoning
Dizziness,Abdominal Pain,Ear Pain,Skin Peeling,Runny Nose,Loss of Taste,Low Blood Pressure,Hypertension
Fatigue,Loss of Taste,Confusion,Blurred Vision,Ear Pain,Runny Nose,Swollen Lymph Nodes,Unknown
Muscle Pain,Rash,High Blood Pressure,Weakness,Dizziness,Nausea,Loss of Smell,COVID-19
Joint Pain,Loss of Taste,Rash,Shortness of Breath,Dizziness,Headache,Skin Redness,COVID-19
Vomiting,Skin Peeling,Blurred Vision,Shortness of Breath,Weakness,Fatigue,Fever,Hypotension
Swollen Lymph Nodes,Cough,Nausea,Weakness,Chills,Joint Pain,Blurred Vision,Food Poisoning
Nausea,Confusion,Rapid Heart Rate,Blurred Vision,Ear Pain,Difficulty Swallowing,Runny Nose,Cold
Headache,Sweating,Nausea,Vomiting,Loss of Appetite,Skin Redness,Sore Throat,Flu
Swollen Lymph Nodes,Chills,Loss of Smell,Rapid Heart Rate,Muscle Pain,Chest Pain,Low Blood Pressure,Unknown
Skin Peeling,Chills,Skin Redness,Ear Pain,Dizziness,Joint Pain,Loss of Taste,Unknown
Runny Nose,Fatigue,Difficulty Swallowing,Chest Pain,Loss of Smell,Fever,High Blood Pressure,Unknown
Skin Redness,Ear Pain,Confusion,Cough,Fever,Swollen Lymph Nodes,Difficulty Swallowing,Unknown
Chest Pain,High Blood Pressure,Ear Pain,Cough,Vomiting,Loss of Taste,Low Blood Pressure,Hypotension
Chills,Sweating,Swollen Lymph Nodes,Blurred Vision,Weakness,Shortness of Breath,Joint Pain,Unknown
Loss of Smell,Chills,Joint Pain,Confusion,Weakness,Blurred Vision,Nausea,COVID-19
Swollen Lymph Nodes,Skin Peeling,Nausea,Difficulty Swallowing,Blurred Vision,Skin Redness,Low Blood Pressure,Migraine
Chills,Muscle Pain,Skin Redness,Diarrhea,Low Blood Pressure,Sore Throat,Headache,Hypotension
Headache,Fatigue,Rapid Heart Rate,Vomiting,Dizziness,Ear Pain,Chills,Cold
Swollen Lymph Nodes,Abdominal Pain,Confusion,Low Blood Pressure,Rash,Difficulty Swallowing,Skin Peeling,Scarlet Fever
Swollen Lymph Nodes,Abdominal Pain,Skin Peeling,Diarrhea,Chills,Loss of Taste,Dizziness,Scarlet Fever
Fever,Skin Peeling,Ear Pain,Shortness of Breath,Dizziness,High Blood Pressure,Vomiting,Pneumonia
Chest Pain,Chills,High Blood Pressure,Low Blood Pressure,Runny Nose,Shortness of Breath,Rash,Unknown
Difficulty Swallowing,Chills,Dizziness,High Blood Pressure,Low Blood Pressure,Runny Nose,Diarrhea,Unknown
Loss of Taste,Loss of Appetite,High Blood Pressure,Rash,Low Blood Pressure,Nausea,Difficulty Swallowing,Unknown
Blurred Vision,Runny Nose,Sore Throat,Rapid Heart Rate,Cough,Loss of Taste,Confusion,COVID-19
Rapid Heart Rate,Skin Redness,Chills,High Blood Pressure,Vomiting,Diarrhea,Difficulty Swallowing,Strep Throat
Skin Redness,Fever,Sore Throat,Loss of Smell,Abdominal Pain,Headache,Chills,Cold
Sweating,Ear Pain,Fever,Vomiting,Joint Pain,Abdominal Pain,High Blood Pressure,Dengue
Runny Nose,Sweating,Diarrhea,Blurred Vision,Shortness of Breath,Dizziness,Fever,Scarlet Fever
Shortness of Breath,High Blood Pressure,Low Blood Pressure,Runny Nose,Vomiting,Swollen Lymph Nodes,Loss of Taste,Pneumonia
Confusion,Chills,Weakness,Skin Redness,Low Blood Pressure,Dizziness,Sore Throat,Unknown
Cough,Joint Pain,Low Blood Pressure,High Blood Pressure,Sweating,Sore Throat,Rapid Heart Rate,Unknown
Confusion,Loss of Taste,Headache,Dizziness,Skin Redness,Loss of Appetite,Chest Pain,Typhoid
Swollen Lymph Nodes,Difficulty Swallowing,Shortness of Breath,Skin Redness,Low Blood Pressure,Dizziness,Rapid Heart Rate,Unknown
Runny Nose,Shortness of Breath,Abdominal Pain,Chills,Ear Pain,Sweating,Sore Throat,Pneumonia
Chills,Runny Nose,Shortness of Breath,Blurred Vision,Vomiting,Abdominal Pain,Ear Pain,Unknown
Blurred Vision,Cough,Skin Peeling,Fatigue,High Blood Pressure,Swollen Lymph Nodes,Low Blood Pressure,Pneumonia
High Blood Pressure,Joint Pain,Ear Pain,Skin Peeling,Diarrhea,Low Blood Pressure,Shortness of Breath,Unknown
Chills,Vomiting,Loss of Taste,Loss of Smell,Cough,Chest Pain,Nausea,Migraine
Nausea,Difficulty Swallowing,Weakness,Chills,Abdominal Pain,Cough,Rapid Heart Rate,Flu
Difficulty Swallowing,Dizziness,Fever,Rash,Loss of Taste,Confusion,Skin Peeling,Dengue
Runny Nose,Loss of Appetite,Cough,Muscle Pain,Rash,Sweating,Low Blood Pressure,Hypotension
Chest Pain,Chills,Skin Peeling,Fatigue,Sweating,Joint Pain,Rash,Unknown
Sore Throat,Confusion,Joint Pain,Skin Peeling,Difficulty Swallowing,Fever,Loss of Taste,Unknown
Fatigue,Rapid Heart Rate,Runny Nose,Shortness of Breath,Joint Pain,Chest Pain,Skin Redness,Pneumonia
Weakness,Skin Redness,Headache,Loss of Smell,Joint Pain,Dizziness,Runny Nose,Unknown
Muscle Pain,Difficulty Swallowing,Nausea,Ear Pain,Swollen Lymph Nodes,Headache,Fever,Food Poisoning
Joint Pain,Low Blood Pressure,Rash,Runny Nose,Fatigue,Muscle Pain,Fever,COVID-19
Loss of Appetite,Skin Redness,Abdominal Pain,Runny Nose,Swollen Lymph Nodes,Confusion,Dizziness,Migraine
Vomiting,Skin Redness,Weakness,Blurred Vision,Shortness of Breath,Abdominal Pain,Chills,Scarlet Fever
Fatigue,Swollen Lymph Nodes,Loss of Smell,Sweating,Loss of Appetite,Fever,Skin Redness,Unknown
Sore Throat,Confusion,Joint Pain,Shortness of Breath,Loss of Taste,Loss of Smell,Fatigue,Unknown
Low Blood Pressure,Skin Redness,Weakness,Fatigue,Difficulty Swallowing,Muscle Pain,Cough,Typhoid
Skin Redness,Sore Throat,Diarrhea,Abdominal Pain,Ear Pain,Loss of Taste,Cough,Unknown
Nausea,Swollen Lymph Nodes,Cough,Skin Redness,Abdominal Pain,Dizziness,Sore Throat,Unknown
Headache,Sweating,Vomiting,Skin Redness,Nausea,Low Blood Pressure,Abdominal Pain,Food Poisoning
Diarrhea,Dizziness,Nausea,Skin Redness,Sweating,Headache,Low Blood Pressure,Malaria
Loss of Taste,Skin Redness,Diarrhea,Low Blood Pressure,Headache,Fever,Muscle Pain,Meningitis
Ear Pain,Rapid Heart Rate,High Blood Pressure,Chills,Runny Nose,Skin Redness,Blurred Vision,Malaria
Sweating,High Blood Pressure,Loss of Smell,Loss of Appetite,Rapid Heart Rate,Shortness of Breath,Fatigue,Hypotension
Joint Pain,Ear Pain,Confusion,Muscle Pain,Nausea,Sweating,High Blood Pressure,Dengue
High Blood Pressure,Vomiting,Runny Nose,Cough,Difficulty Swallowing,Chills,Skin Peeling,COVID-19
Skin Peeling,Rash,Fatigue,Diarrhea,Chills,Loss of Appetite,Confusion,Dengue
Difficulty Swallowing,Vomiting,Sore Throat,Swollen Lymph Nodes,Chest Pain,Confusion,Nausea,Ear Infection
Runny Nose,Difficulty Swallowing,Fever,Confusion,Muscle Pain,Rash,Skin Peeling,Flu
Chest Pain,Swollen Lymph Nodes,Sweating,Loss of Smell,Shortness of Breath,Headache,Rapid Heart Rate,Pneumonia
Weakness,High Blood Pressure,Sweating,Abdominal Pain,Sore Throat,Shortness of Breath,Chest Pain,Hypertension
Swollen Lymph Nodes,Rapid Heart Rate,Joint Pain,Runny Nose,Dizziness,Vomiting,Loss of Appetite,Strep Throat
Rapid Heart Rate,Difficulty Swallowing,Sore Throat,Skin Redness,Loss of Taste,Fatigue,High Blood Pressure,Cold
Sweating,Skin Peeling,Loss of Smell,Abdominal Pain,Low Blood Pressure,Blurred Vision,Weakness,Unknown
Nausea,Low Blood Pressure,Headache,Diarrhea,Sweating,Sore Throat,Loss of Smell,Cold
Confusion,Headache,Runny Nose,Dizziness,Low Blood Pressure,Weakness,Rash,Unknown
Muscle Pain,Weakness,Nausea,Abdominal Pain,Sweating,Rapid Heart Rate,Ear Pain,Typhoid
Shortness of Breath,Ear Pain,Swollen Lymph Nodes,Dizziness,Cough,Nausea,Rapid Heart Rate,Hypotension
Swollen Lymph Nodes,Runny Nose,Shortness of Breath,Fatigue,Sore Throat,Cough,Vomiting,COVID-19
Blurred Vision,Rapid Heart Rate,Shortness of Breath,Skin Redness,Chest Pain,Fever,Low Blood Pressure,Pneumonia
Fever,Dizziness,Runny Nose,Headache,Swollen Lymph Nodes,Diarrhea,Chest Pain,COVID-19
Swollen Lymph Nodes,Chills,Confusion,Skin Redness,Fatigue,Rapid Heart Rate,Blurred Vision,Malaria
Fatigue,Fever,Skin Peeling,Nausea,Muscle Pain,Abdominal Pain,Low Blood Pressure,Scarlet Fever
Sore Throat,Runny Nose,Muscle Pain,Nausea,Skin Peeling,Weakness,Vomiting,Malaria
High Blood Pressure,Swollen Lymph Nodes,Dizziness,Sore Throat,Headache,Runny Nose,Chest Pain,Meningitis
Loss of Appetite,Confusion,Fatigue,Cough,Chest Pain,Nausea,Ear Pain,Unknown
Blurred Vision,Skin Peeling,Loss of Appetite,Ear Pain,Chills,Vomiting,Skin Redness,Malaria
Skin Redness,Dizziness,Weakness,Difficulty Swallowing,Loss of Taste,Swollen Lymph Nodes,Rash,Typhoid
Difficulty Swallowing,Skin Peeling,Nausea,Vomiting,Fever,Loss of Taste,Dizziness,Malaria
Skin Redness,Chills,Rapid Heart Rate,Loss of Taste,Vomiting,Fever,Muscle Pain,Unknown
Loss of Smell,Diarrhea,Loss of Taste,Abdominal Pain,High Blood Pressure,Blurred Vision,Nausea,Unknown
Skin Peeling,Chills,Blurred Vision,Abdominal Pain,Fatigue,Chest Pain,Confusion,Food Poisoning
Cough,Ear Pain,Fever,Abdominal Pain,Muscle Pain,Skin Peeling,Rapid Heart Rate,Ear Infection
Difficulty Swallowing,Loss of Taste,Fever,Swollen Lymph Nodes,Loss of Smell,High Blood Pressure,Weakness,Malaria
Rapid Heart Rate,Skin Redness,Swollen Lymph Nodes,Nausea,Muscle Pain,Abdominal Pain,Dizziness,Food Poisoning
Chest Pain,Joint Pain,Weakness,Sweating,Skin Redness,Skin Peeling,Vomiting,Unknown
Swollen Lymph Nodes,Runny Nose,Dizziness,Ear Pain,Chills,Sweating,Rash,Unknown
Loss of Smell,Fever,Chest Pain,Rash,Dizziness,Low Blood Pressure,High Blood Pressure,Migraine
Joint Pain,Headache,Cough,Rash,Weakness,Abdominal Pain,High Blood Pressure,Malaria
Abdominal Pain,Sweating,Blurred Vision,Weakness,Runny Nose,Skin Redness,Rapid Heart Rate,Scarlet Fever
Skin Peeling,Abdominal Pain,Low Blood Pressure,Chest Pain,Rapid Heart Rate,Joint Pain,Dizziness,Unknown
Muscle Pain,Skin Peeling,Loss of Smell,Swollen Lymph Nodes,Skin Redness,Sweating,Nausea,Scarlet Fever
Blurred Vision,High Blood Pressure,Diarrhea,Fever,Ear Pain,Weakness,Loss of Taste,Migraine
Shortness of Breath,Vomiting,Confusion,Skin Peeling,Chills,Muscle Pain,High Blood Pressure,Malaria
Rash,Sore Throat,Ear Pain,Shortness of Breath,Diarrhea,Skin Redness,Skin Peeling,COVID-19
Runny Nose,Fatigue,Sore Throat,Swollen Lymph Nodes,Vomiting,Difficulty Swallowing,Confusion,Strep Throat
Fever,Weakness,Skin Peeling,Sore Throat,High Blood Pressure,Vomiting,Rapid Heart Rate,Pneumonia
Headache,Rash,Low Blood Pressure,Rapid Heart Rate,Blurred Vision,Loss of Appetite,Nausea,Malaria
Skin Redness,Sore Throat,Confusion,Loss of Appetite,Shortness of Breath,Fever,Loss of Smell,Ear Infection
Shortness of Breath,Chest Pain,Sweating,Fatigue,Vomiting,Sore Throat,Headache,Dengue
Fatigue,Shortness of Breath,Swollen Lymph Nodes,Cough,Ear Pain,Nausea,Runny Nose,Typhoid
Muscle Pain,Rapid Heart Rate,Fever,Weakness,Chest Pain,Nausea,Rash,Dengue
Blurred Vision,Swollen Lymph Nodes,Runny Nose,Weakness,Abdominal Pain,Loss of Smell,Joint Pain,Strep Throat
Confusion,Rapid Heart Rate,Cough,Headache,Runny Nose,Loss of Appetite,Joint Pain,Typhoid
Sore Throat,Ear Pain,Loss of Taste,Chest Pain,Skin Peeling,Dizziness,Rash,Hypertension
Muscle Pain,Joint Pain,Loss of Taste,Chills,Fever,Dizziness,Rapid Heart Rate,Dengue
Fatigue,Confusion,Shortness of Breath,Chills,Nausea,Rapid Heart Rate,Blurred Vision,Malaria
Skin Redness,Shortness of Breath,Chest Pain,Swollen Lymph Nodes,Sore Throat,High Blood Pressure,Fever,Meningitis
Chills,Sore Throat,Confusion,Dizziness,Fever,Loss of Taste,Nausea,Cold
Muscle Pain,Rash,Sweating,Joint Pain,Blurred Vision,Weakness,Abdominal Pain,Unknown
Blurred Vision,Rapid Heart Rate,Weakness,Joint Pain,Sore Throat,Headache,Vomiting,Hypertension
Headache,Loss of Smell,Loss of Appetite,Low Blood Pressure,Sore Throat,Rapid Heart Rate,Rash,Cold
Nausea,Cough,Fever,Muscle Pain,Loss of Appetite,Blurred Vision,Swollen Lymph Nodes,Unknown
Loss of Taste,Dizziness,Vomiting,Ear Pain,Abdominal Pain,Confusion,Nausea,Food Poisoning
Diarrhea,Sore Throat,Vomiting,Weakness,Chills,Skin Redness,Blurred Vision,Typhoid
Blurred Vision,Skin Redness,Fatigue,Rapid Heart Rate,Vomiting,Shortness of Breath,Diarrhea,Typhoid
Skin Peeling,Sore Throat,Vomiting,Rash,Confusion,Skin Redness,Abdominal Pain,Meningitis
Loss of Smell,Low Blood Pressure,Dizziness,High Blood Pressure,Blurred Vision,Sore Throat,Diarrhea,Unknown
Fatigue,Blurred Vision,Skin Redness,Muscle Pain,Confusion,Vomiting,Ear Pain,Cold
Chills,Loss of Taste,Low Blood Pressure,Rash,Blurred Vision,Joint Pain,Runny Nose,Unknown
Nausea,Loss of Smell,Joint Pain,Headache,High Blood Pressure,Vomiting,Shortness of Breath,Unknown
Rash,Confusion,Sweating,Nausea,High Blood Pressure,Low Blood Pressure,Difficulty Swallowing,Dengue
Ear Pain,Blurred Vision,Low Blood Pressure,Loss of Taste,Skin Peeling,Loss of Smell,Sweating,Hypotension
Chills,Confusion,Blurred Vision,Muscle Pain,High Blood Pressure,Chest Pain,Sweating,Malaria
Abdominal Pain,Shortness of Breath,Swollen Lymph Nodes,Sweating,Loss of Taste,Loss of Smell,Ear Pain,COVID-19
Loss of Appetite,Sore Throat,Rash,Nausea,Confusion,High Blood Pressure,Fever,Flu
Fever,Sore Throat,Nausea,Dizziness,Rash,Swollen Lymph Nodes,Low Blood Pressure,Hypertension
Rash,Joint Pain,Cough,Loss of Smell,Skin Redness,Chills,Sweating,Cold
Weakness,Headache,Joint Pain,Skin Redness,Nausea,Confusion,Loss of Appetite,Unknown
Sweating,Shortness of Breath,Loss of Appetite,Ear Pain,Dizziness,Chills,Sore Throat,Cold
Chills,Skin Peeling,Headache,Runny Nose,Rash,Shortness of Breath,Loss of Taste,Flu
Runny Nose,Cough,Low Blood Pressure,High Blood Pressure,Blurred Vision,Weakness,Rash,Unknown
Abdominal Pain,Fever,Vomiting,Low Blood Pressure,Nausea,Swollen Lymph Nodes,Fatigue,Food Poisoning
Diarrhea,Cough,High Blood Pressure,Runny Nose,Skin Redness,Vomiting,Joint Pain,Unknown
Chills,Muscle Pain,Difficulty Swallowing,Skin Redness,Runny Nose,Nausea,Blurred Vision,Migraine
Blurred Vision,Chills,Skin Redness,Loss of Taste,Muscle Pain,Joint Pain,Swollen Lymph Nodes,COVID-19
Nausea,Joint Pain,Chills,Rapid Heart Rate,Vomiting,Chest Pain,Low Blood Pressure,Migraine
Sore Throat,Swollen Lymph Nodes,Dizziness,Runny Nose,High Blood Pressure,Skin Redness,Loss of Smell,Strep Throat
Sweating,Loss of Appetite,Cough,Blurred Vision,Chest Pain,Sore Throat,Joint Pain,Malaria
Rapid Heart Rate,Fatigue,Vomiting,Shortness of Breath,Runny Nose,Sore Throat,Skin Peeling,Food Poisoning
Sore Throat,Runny Nose,Vomiting,Skin Peeling,Loss of Taste,Low Blood Pressure,Swollen Lymph Nodes,Food Poisoning
High Blood Pressure,Abdominal Pain,Fever,Loss of Taste,Weakness,Rash,Runny Nose,Cold
Rapid Heart Rate,Dizziness,Fever,Chills,Sore Throat,Cough,High Blood Pressure,Scarlet Fever
Chest Pain,Rash,Blurred Vision,Sore Throat,Cough,Fatigue,Loss of Smell,Unknown
Loss of Taste,Confusion,Loss of Smell,Dizziness,Headache,Sweating,Low Blood Pressure,Hypotension
Joint Pain,Diarrhea,Chills,Weakness,Runny Nose,Fever,Sweating,COVID-19
Muscle Pain,Cough,Swollen Lymph Nodes,Headache,Rash,Ear Pain,Loss of Appetite,Typhoid
Abdominal Pain,Ear Pain,Sore Throat,Headache,Fever,Cough,Blurred Vision,Pneumonia
Cough,Headache,Skin Peeling,Low Blood Pressure,Swollen Lymph Nodes,Ear Pain,Loss of Appetite,Typhoid
Abdominal Pain,Skin Redness,Sweating,Rash,Swollen Lymph Nodes,Rapid Heart Rate,Fatigue,Malaria
Difficulty Swallowing,Loss of Appetite,Low Blood Pressure,Abdominal Pain,Joint Pain,Swollen Lymph Nodes,Runny Nose,Unknown
Rash,Low Blood Pressure,Joint Pain,Cough,Diarrhea,Fever,Fatigue,COVID-19
High Blood Pressure,Sore Throat,Cough,Rapid Heart Rate,Loss of Taste,Vomiting,Loss of Appetite,Unknown
Chills,Shortness of Breath,Vomiting,Muscle Pain,Cough,Blurred Vision,Loss of Smell,Unknown
Sore Throat,Rash,Blurred Vision,Loss of Taste,Rapid Heart Rate,Weakness,Muscle Pain,Strep Throat
Joint Pain,Difficulty Swallowing,Cough,Headache,Shortness of Breath,Muscle Pain,Loss of Smell,Flu
Skin Redness,Dizziness,Rapid Heart Rate,Low Blood Pressure,Weakness,Rash,Chills,Unknown
Skin Peeling,Joint Pain,Chills,Confusion,Chest Pain,Skin Redness,Rash,Unknown
Rash,Runny Nose,Skin Redness,Ear Pain,High Blood Pressure,Rapid Heart Rate,Weakness,Unknown
Skin Peeling,Loss of Smell,Dizziness,Headache,Weakness,Cough,Vomiting,Migraine
Cough,Sore Throat,Dizziness,Loss of Taste,Nausea,Swollen Lymph Nodes,Diarrhea,COVID-19
Rapid Heart Rate,Dizziness,Skin Peeling,Runny Nose,Swollen Lymph Nodes,Vomiting,Diarrhea,Unknown
Abdominal Pain,Confusion,Skin Redness,Swollen Lymph Nodes,Difficulty Swallowing,High Blood Pressure,Loss of Smell,Strep Throat
Rash,Rapid Heart Rate,Headache,Joint Pain,Shortness of Breath,Weakness,Sweating,Meningitis
Cough,Sore Throat,Joint Pain,Confusion,Chills,Dizziness,Muscle Pain,Strep Throat
Headache,Fever,Diarrhea,Shortness of Breath,Cough,Chills,High Blood Pressure,Scarlet Fever
Loss of Smell,Swollen Lymph Nodes,Rapid Heart Rate,Sweating,Runny Nose,Low Blood Pressure,High Blood Pressure,Hypertension
Muscle Pain,Chest Pain,Confusion,Nausea,Dizziness,Headache,Cough,Food Poisoning
Diarrhea,Sore Throat,Abdominal Pain,Loss of Smell,Sweating,Skin Redness,Confusion,Unknown
Loss of Smell,Cough,Loss of Appetite,Sore Throat,Chills,Vomiting,Runny Nose,Pneumonia
Shortness of Breath,Loss of Appetite,High Blood Pressure,Swollen Lymph Nodes,Chest Pain,Cough,Dizziness,Strep Throat
Headache,Diarrhea,Low Blood Pressure,Vomiting,Abdominal Pain,Chest Pain,Skin Peeling,Pneumonia
Headache,High Blood Pressure,Runny Nose,Fever,Shortness of Breath,Difficulty Swallowing,Chest Pain,Migraine
Nausea,High Blood Pressure,Dizziness,Skin Peeling,Headache,Joint Pain,Blurred Vision,Unknown
Shortness of Breath,Confusion,Vomiting,Muscle Pain,Diarrhea,Runny Nose,Sweating,Unknown
Sore Throat,Chills,Cough,Muscle Pain,Diarrhea,Fever,Abdominal Pain,COVID-19
High Blood Pressure,Skin Redness,Low Blood Pressure,Abdominal Pain,Vomiting,Ear Pain,Sweating,Typhoid
Loss of Appetite,Runny Nose,Muscle Pain,Sore Throat,Confusion,Fever,Dizziness,Cold
Dizziness,Blurred Vision,Fatigue,Loss of Appetite,Loss of Smell,Rapid Heart Rate,Vomiting,Unknown
Blurred Vision,Sore Throat,Joint Pain,Rapid Heart Rate,Fever,Sweating,Nausea,Hypotension
Loss of Taste,Vomiting,Confusion,Skin Peeling,Nausea,Rapid Heart Rate,Dizziness,Unknown
Skin Redness,Ear Pain,Runny Nose,High Blood Pressure,Loss of Appetite,Loss of Smell,Weakness,Malaria
Skin Redness,Shortness of Breath,Diarrhea,Confusion,Loss of Smell,Nausea,High Blood Pressure,Unknown
Low Blood Pressure,Headache,Vomiting,Chest Pain,Muscle Pain,Skin Peeling,Weakness,Migraine
Ear Pain,Loss of Smell,Muscle Pain,Skin Peeling,Low Blood Pressure,Swollen Lymph Nodes,High Blood Pressure,Hypertension
Chills,Vomiting,Weakness,Fever,Loss of Appetite,Cough,Sweating,Malaria
Rash,Muscle Pain,Difficulty Swallowing,Dizziness,Runny Nose,Low Blood Pressure,Abdominal Pain,Migraine
Confusion,Loss of Smell,Sweating,Diarrhea,Chills,Joint Pain,Nausea,Unknown
Ear Pain,Vomiting,Sweating,Rash,Shortness of Breath,Chills,Sore Throat,Food Poisoning
Nausea,Dizziness,Swollen Lymph Nodes,Difficulty Swallowing,Blurred Vision,Chest Pain,Runny Nose,Hypotension
Skin Peeling,High Blood Pressure,Headache,Chest Pain,Weakness,Sweating,Chills,Migraine
Ear Pain,Runny Nose,Swollen Lymph Nodes,Chest Pain,Low Blood Pressure,Loss of Taste,Joint Pain,Dengue
High Blood Pressure,Joint Pain,Loss of Taste,Blurred Vision,Muscle Pain,Fever,Chest Pain,Unknown
Low Blood Pressure,Chest Pain,Skin Redness,Cough,Loss of Appetite,Skin Peeling,Ear Pain,Unknown
Muscle Pain,Ear Pain,Nausea,Skin Redness,Rapid Heart Rate,Chest Pain,Rash,Dengue
Low Blood Pressure,Chest Pain,Sore Throat,Skin Peeling,Abdominal Pain,Diarrhea,Blurred Vision,Hypotension
Joint Pain,Rapid Heart Rate,Headache,Skin Redness,Sore Throat,Loss of Taste,Low Blood Pressure,Hypotension
Rapid Heart Rate,Chills,Joint Pain,Difficulty Swallowing,Blurred Vision,Muscle Pain,High Blood Pressure,Strep Throat
Difficulty Swallowing,Diarrhea,Abdominal Pain,Headache,Runny Nose,Skin Peeling,Loss of Smell,Food Poisoning
Blurred Vision,Chest Pain,Sweating,Abdominal Pain,Loss of Appetite,Fever,Joint Pain,Ear Infection
Loss of Smell,Skin Redness,Abdominal Pain,Cough,Swollen Lymph Nodes,Loss of Taste,High Blood Pressure,Unknown
Swollen Lymph Nodes,Blurred Vision,Confusion,Rapid Heart Rate,Muscle Pain,Shortness of Breath,Sweating,Unknown
Cough,Joint Pain,Sweating,Abdominal Pain,Fever,Loss of Smell,Rash,Cold
High Blood Pressure,Shortness of Breath,Abdominal Pain,Skin Peeling,Loss of Smell,Confusion,Skin Redness,Unknown
Difficulty Swallowing,Vomiting,Fatigue,Weakness,Dizziness,High Blood Pressure,Skin Peeling,Hypotension
Difficulty Swallowing,Chest Pain,Vomiting,Confusion,Blurred Vision,Abdominal Pain,Headache,Hypertension
Runny Nose,Shortness of Breath,Weakness,Dizziness,Loss of Smell,Confusion,Diarrhea,Unknown
High Blood Pressure,Headache,Fatigue,Shortness of Breath,Loss of Appetite,Nausea,Abdominal Pain,Unknown
Runny Nose,High Blood Pressure,Shortness of Breath,Joint Pain,Nausea,Fever,Loss of Taste,Cold
Skin Peeling,Abdominal Pain,High Blood Pressure,Difficulty Swallowing,Sweating,Diarrhea,Sore Throat,Malaria
Confusion,Fatigue,Sore Throat,Skin Redness,Vomiting,Loss of Smell,Runny Nose,Unknown
Low Blood Pressure,Nausea,Sweating,Ear Pain,Difficulty Swallowing,Fatigue,Shortness of Breath,COVID-19
Rash,Low Blood Pressure,Headache,Dizziness,Sore Throat,Ear Pain,Confusion,Unknown
Dizziness,Sore Throat,Joint Pain,Ear Pain,Loss of Taste,Abdominal Pain,Headache,Typhoid
Vomiting,Chest Pain,Sweating,Cough,Swollen Lymph Nodes,Headache,Muscle Pain,Meningitis
Muscle Pain,Sweating,Skin Redness,Headache,Sore Throat,Loss of Taste,Skin Peeling,Unknown
Chills,Loss of Taste,Loss of Smell,Skin Redness,Rash,High Blood Pressure,Chest Pain,Unknown
Ear Pain,Cough,Diarrhea,Skin Peeling,Skin Redness,Confusion,Swollen Lymph Nodes,Flu
Skin Redness,Confusion,Swollen Lymph Nodes,Fever,Nausea,Runny Nose,Cough,Unknown
Rapid Heart Rate,Dizziness,Nausea,Chills,Blurred Vision,Confusion,Fatigue,Hypertension
Sore Throat,Rash,Loss of Smell,Joint Pain,Abdominal Pain,Low Blood Pressure,Loss of Appetite,Scarlet Fever
Low Blood Pressure,Rapid Heart Rate,Chills,Dizziness,Rash,Joint Pain,High Blood Pressure,Dengue
Dizziness,Swollen Lymph Nodes,Confusion,Runny Nose,Low Blood Pressure,Shortness of Breath,Skin Redness,Hypertension
Swollen Lymph Nodes,Sore Throat,Rash,Low Blood Pressure,Fever,Joint Pain,High Blood Pressure,Malaria
Low Blood Pressure,Dizziness,Sore Throat,Vomiting,Skin Redness,Chills,Weakness,Scarlet Fever
Ear Pain,Cough,Headache,Joint Pain,Loss of Appetite,Low Blood Pressure,Dizziness,Hypertension
Weakness,Headache,Nausea,Sore Throat,Joint Pain,Diarrhea,Runny Nose,Unknown
Loss of Smell,Difficulty Swallowing,Muscle Pain,Skin Redness,Confusion,Loss of Taste,Sweating,Unknown
Cough,Diarrhea,Fever,Chest Pain,Rapid Heart Rate,Vomiting,Skin Peeling,Pneumonia
Chest Pain,Loss of Smell,Sweating,Joint Pain,Fatigue,Confusion,Loss of Taste,Meningitis
Sore Throat,Ear Pain,Loss of Appetite,Blurred Vision,High Blood Pressure,Sweating,Loss of Smell,Hypertension
Weakness,Confusion,Skin Peeling,Loss of Appetite,Runny Nose,Joint Pain,Cough,Unknown
Muscle Pain,Loss of Smell,Joint Pain,Swollen Lymph Nodes,Rash,Fatigue,Low Blood Pressure,Dengue
Skin Peeling,High Blood Pressure,Sore Throat,Skin Redness,Vomiting,Loss of Taste,Nausea,Unknown
Loss of Taste,Weakness,Swollen Lymph Nodes,Vomiting,Runny Nose,High Blood Pressure,Sore Throat,Typhoid
Skin Peeling,Low Blood Pressure,Confusion,Skin Redness,Vomiting,Muscle Pain,Joint Pain,Dengue
Skin Peeling,Sore Throat,Sweating,Weakness,Runny Nose,Low Blood Pressure,Vomiting,Hypotension
Vomiting,Loss of Appetite,Skin Peeling,Shortness of Breath,Sweating,Dizziness,Low Blood Pressure,Food Poisoning
Loss of Taste,Ear Pain,Shortness of Breath,Chest Pain,Low Blood Pressure,Skin Peeling,High Blood Pressure,Unknown
Dizziness,Fever,Cough,Loss of Taste,Weakness,Confusion,Fatigue,Flu
Weakness,Confusion,Dizziness,Chest Pain,Sweating,Abdominal Pain,High Blood Pressure,Unknown
Sweating,Fatigue,Abdominal Pain,Fever,Swollen Lymph Nodes,Skin Peeling,Rash,Unknown
Joint Pain,Skin Peeling,Headache,Chills,Chest Pain,Ear Pain,Skin Redness,Unknown
Dizziness,Weakness,Loss of Taste,Diarrhea,Muscle Pain,Rapid Heart Rate,Joint Pain,Unknown
Abdominal Pain,Fatigue,Loss of Appetite,Swollen Lymph Nodes,Loss of Taste,Headache,Runny Nose,Malaria
Sore Throat,Muscle Pain,Fatigue,Nausea,Shortness of Breath,Diarrhea,Weakness,Malaria
Chest Pain,Sore Throat,Skin Redness,Sweating,Blurred Vision,Difficulty Swallowing,Weakness,Unknown
Nausea,Skin Peeling,Runny Nose,Fever,High Blood Pressure,Headache,Fatigue,Cold
Confusion,Weakness,Dizziness,High Blood Pressure,Headache,Sweating,Shortness of Breath,Unknown
Skin Peeling,Loss of Taste,Weakness,Runny Nose,Vomiting,Sore Throat,Loss of Smell,Unknown
Swollen Lymph Nodes,Skin Redness,Dizziness,Confusion,Fatigue,Abdominal Pain,Sweating,Unknown
Loss of Appetite,Sweating,Abdominal Pain,Difficulty Swallowing,Chills,Headache,Skin Redness,Meningitis
Ear Pain,Low Blood Pressure,Swollen Lymph Nodes,Rash,Dizziness,Loss of Smell,Blurred Vision,Unknown
Fatigue,Skin Peeling,Blurred Vision,Chest Pain,Swollen Lymph Nodes,Difficulty Swallowing,Rapid Heart Rate,Typhoid
Runny Nose,Skin Redness,Swollen Lymph Nodes,Abdominal Pain,Dizziness,Cough,Fever,Food Poisoning
Rapid Heart Rate,Runny Nose,Blurred Vision,High Blood Pressure,Sore Throat,Sweating,Headache,Hypertension
Dizziness,Sweating,Abdominal Pain,Chest Pain,Loss of Smell,Joint Pain,Fatigue,Unknown
Chest Pain,Sore Throat,Rash,Cough,Skin Peeling,Vomiting,Blurred Vision,Unknown
Loss of Smell,Low Blood Pressure,Sweating,Diarrhea,Runny Nose,Loss of Appetite,Skin Redness,COVID-19
Swollen Lymph Nodes,Confusion,Diarrhea,Skin Peeling,Chest Pain,Rash,Abdominal Pain,Unknown
Sore Throat,Nausea,Ear Pain,Cough,Muscle Pain,Chills,Difficulty Swallowing,Cold
Weakness,Muscle Pain,Loss of Appetite,Skin Redness,Swollen Lymph Nodes,Joint Pain,Difficulty Swallowing,Unknown
Sweating,Vomiting,Fatigue,Dizziness,Confusion,Rapid Heart Rate,Skin Redness,COVID-19
Shortness of Breath,Loss of Smell,Rapid Heart Rate,Runny Nose,Skin Peeling,Dizziness,Nausea,Cold
Weakness,Headache,Fatigue,Dizziness,Blurred Vision,Joint Pain,Loss of Taste,Typhoid
Headache,Abdominal Pain,Vomiting,Difficulty Swallowing,Shortness of Breath,Muscle Pain,Loss of Smell,Unknown
Skin Peeling,Headache,Sweating,Runny Nose,Diarrhea,High Blood Pressure,Loss of Appetite,Meningitis
Fever,Muscle Pain,Skin Redness,Loss of Appetite,High Blood Pressure,Blurred Vision,Rapid Heart Rate,Migraine
Weakness,Confusion,Nausea,Fever,Vomiting,Loss of Appetite,Sore Throat,Unknown
Cough,Abdominal Pain,Diarrhea,Shortness of Breath,Blurred Vision,Ear Pain,Sweating,Flu
Rapid Heart Rate,Chest Pain,Diarrhea,Low Blood Pressure,Ear Pain,Weakness,Confusion,Pneumonia
Confusion,Ear Pain,Sweating,Muscle Pain,Cough,Loss of Taste,Abdominal Pain,Unknown
Nausea,Low Blood Pressure,Sore Throat,Dizziness,Loss of Taste,Headache,Skin Redness,Cold
Blurred Vision,Low Blood Pressure,Chest Pain,Fatigue,Muscle Pain,Confusion,Nausea,Typhoid
Skin Peeling,Blurred Vision,Sore Throat,Ear Pain,Muscle Pain,Low Blood Pressure,High Blood Pressure,Scarlet Fever
Shortness of Breath,Sore Throat,Fatigue,Headache,Joint Pain,Loss of Taste,High Blood Pressure,Malaria
Ear Pain,Swollen Lymph Nodes,Weakness,Confusion,Diarrhea,Abdominal Pain,Chills,Ear Infection
Fatigue,Loss of Taste,Loss of Smell,Headache,Confusion,Cough,Fever,Food Poisoning
Fever,Joint Pain,High Blood Pressure,Loss of Taste,Nausea,Rash,Fatigue,Strep Throat
Rapid Heart Rate,Ear Pain,Vomiting,Difficulty Swallowing,Muscle Pain,Fever,Loss of Smell,Food Poisoning
Skin Redness,Rapid Heart Rate,Ear Pain,Swollen Lymph Nodes,Fatigue,Blurred Vision,Sweating,Ear Infection
Joint Pain,Chills,Loss of Smell,Skin Redness,High Blood Pressure,Loss of Appetite,Fatigue,Unknown
Sore Throat,Weakness,Low Blood Pressure,Nausea,Difficulty Swallowing,Abdominal Pain,Fatigue,Hypertension
Runny Nose,Abdominal Pain,Difficulty Swallowing,High Blood Pressure,Loss of Appetite,Vomiting,Sweating,Unknown
Chills,Rash,Weakness,Cough,Rapid Heart Rate,Confusion,Blurred Vision,Unknown
Fatigue,Loss of Appetite,Swollen Lymph Nodes,Nausea,Weakness,Sweating,Chest Pain,COVID-19
Swollen Lymph Nodes,Difficulty Swallowing,Rash,Skin Peeling,Weakness,Nausea,Muscle Pain,Meningitis
Joint Pain,Fever,Dizziness,Rash,Fatigue,Vomiting,Cough,Malaria
Shortness of Breath,Muscle Pain,Low Blood Pressure,High Blood Pressure,Rapid Heart Rate,Diarrhea,Skin Redness,Unknown
Sweating,Headache,Loss of Taste,Diarrhea,Muscle Pain,Blurred Vision,Fatigue,Hypertension
Skin Peeling,Chills,Vomiting,Muscle Pain,Runny Nose,High Blood Pressure,Loss of Taste,Unknown
Loss of Smell,Vomiting,Shortness of Breath,Fatigue,Joint Pain,Headache,Chills,Malaria
Swollen Lymph Nodes,Runny Nose,Nausea,Vomiting,Fever,Difficulty Swallowing,Chills,COVID-19
Dizziness,Low Blood Pressure,Cough,Sore Throat,Joint Pain,Fever,Loss of Taste,Meningitis
Low Blood Pressure,Fatigue,Shortness of Breath,Muscle Pain,Skin Peeling,Blurred Vision,Runny Nose,Migraine
Ear Pain,Low Blood Pressure,Skin Peeling,Blurred Vision,Swollen Lymph Nodes,Rash,Runny Nose,Unknown
Rash,Abdominal Pain,Fever,Loss of Taste,Difficulty Swallowing,Headache,Runny Nose,Flu
Loss of Smell,Nausea,Confusion,Sweating,Fatigue,Joint Pain,Blurred Vision,Unknown
Loss of Smell,Skin Redness,Cough,Runny Nose,Chills,Chest Pain,Diarrhea,Pneumonia
Chest Pain,Confusion,Loss of Taste,High Blood Pressure,Blurred Vision,Diarrhea,Joint Pain,Unknown
Abdominal Pain,Fever,Weakness,Cough,Swollen Lymph Nodes,Shortness of Breath,Chest Pain,Hypotension
Diarrhea,Abdominal Pain,Runny Nose,Fatigue,Low Blood Pressure,Shortness of Breath,Headache,Unknown
Headache,Rapid Heart Rate,Vomiting,Sore Throat,Loss of Taste,Skin Redness,Abdominal Pain,Typhoid
Runny Nose,Rapid Heart Rate,Dizziness,Ear Pain,Skin Peeling,Low Blood Pressure,Loss of Smell,Unknown
Chills,Fatigue,Fever,Loss of Appetite,Rapid Heart Rate,Blurred Vision,Swollen Lymph Nodes,Migraine
High Blood Pressure,Cough,Weakness,Skin Redness,Blurred Vision,Confusion,Runny Nose,Unknown
Loss of Appetite,Runny Nose,Loss of Taste,Dizziness,Rapid Heart Rate,Vomiting,Chills,Hypertension
Diarrhea,Abdominal Pain,Rapid Heart Rate,Headache,Sweating,Rash,Fatigue,Meningitis
Confusion,Sore Throat,Loss of Appetite,Muscle Pain,Skin Peeling,Diarrhea,Skin Redness,COVID-19
Shortness of Breath,Ear Pain,Chest Pain,Weakness,High Blood Pressure,Low Blood Pressure,Runny Nose,Unknown
Joint Pain,Nausea,Vomiting,High Blood Pressure,Swollen Lymph Nodes,Muscle Pain,Sore Throat,Migraine
Rapid Heart Rate,Muscle Pain,Loss of Smell,Runny Nose,Skin Peeling,Dizziness,Rash,Unknown
Joint Pain,Headache,Nausea,Low Blood Pressure,Shortness of Breath,Ear Pain,High Blood Pressure,Pneumonia
Skin Peeling,Runny Nose,Blurred Vision,Confusion,Diarrhea,Shortness of Breath,Cough,Unknown
Runny Nose,Sweating,Nausea,Loss of Appetite,Joint Pain,Rash,Skin Peeling,Unknown
Chills,Runny Nose,Rapid Heart Rate,Joint Pain,Difficulty Swallowing,Rash,Blurred Vision,Dengue
Nausea,Swollen Lymph Nodes,Sweating,Low Blood Pressure,Cough,Shortness of Breath,Skin Peeling,Malaria
Nausea,Cough,Weakness,Blurred Vision,Confusion,Sweating,Joint Pain,Cold
Chills,Swollen Lymph Nodes,Low Blood Pressure,Shortness of Breath,Diarrhea,Rash,Nausea,COVID-19
Fatigue,Shortness of Breath,Skin Peeling,Joint Pain,Rash,Fever,Low Blood Pressure,Hypotension
Joint Pain,Abdominal Pain,Runny Nose,Loss of Taste,Low Blood Pressure,Headache,Shortness of Breath,Migraine
Rapid Heart Rate,Rash,Vomiting,Runny Nose,Sore Throat,Sweating,Blurred Vision,Unknown
High Blood Pressure,Chills,Sweating,Diarrhea,Nausea,Runny Nose,Loss of Taste,Unknown
Loss of Taste,Blurred Vision,Skin Peeling,Rapid Heart Rate,Loss of Smell,Shortness of Breath,Diarrhea,Scarlet Fever
Difficulty Swallowing,Confusion,Nausea,Chills,Fever,High Blood Pressure,Swollen Lymph Nodes,Strep Throat
Joint Pain,Runny Nose,Headache,Sweating,High Blood Pressure,Rash,Low Blood Pressure,Unknown
Skin Redness,Loss of Smell,Joint Pain,Blurred Vision,Swollen Lymph Nodes,Sweating,Weakness,Scarlet Fever
Vomiting,Low Blood Pressure,High Blood Pressure,Confusion,Rash,Blurred Vision,Diarrhea,Unknown
Skin Redness,Muscle Pain,Skin Peeling,Sweating,High Blood Pressure,Vomiting,Loss of Smell,Dengue
Blurred Vision,Runny Nose,Skin Peeling,Cough,Difficulty Swallowing,Skin Redness,Sore Throat,Flu
Vomiting,Low Blood Pressure,Rapid Heart Rate,Shortness of Breath,Joint Pain,High Blood Pressure,Weakness,COVID-19
Weakness,Diarrhea,Sweating,Fatigue,Skin Redness,Swollen Lymph Nodes,Shortness of Breath,Malaria
Headache,Chills,Ear Pain,Loss of Taste,Confusion,Difficulty Swallowing,Abdominal Pain,Unknown
Diarrhea,Cough,Joint Pain,Runny Nose,Dizziness,Fatigue,Low Blood Pressure,Dengue
Dizziness,Skin Redness,Difficulty Swallowing,Skin Peeling,Fatigue,Ear Pain,Confusion,COVID-19
Sweating,Confusion,Fever,Headache,Vomiting,Difficulty Swallowing,Nausea,Unknown
Fatigue,Sweating,Loss of Taste,Chills,Loss of Smell,Vomiting,Loss of Appetite,Flu
Joint Pain,Blurred Vision,Chest Pain,Shortness of Breath,Sweating,Skin Peeling,Chills,Pneumonia
Fatigue,Rapid Heart Rate,Skin Peeling,Nausea,High Blood Pressure,Vomiting,Sweating,Unknown
Fever,Swollen Lymph Nodes,Joint Pain,Skin Redness,Diarrhea,High Blood Pressure,Abdominal Pain,Food Poisoning
Ear Pain,Skin Redness,Low Blood Pressure,Swollen Lymph Nodes,High Blood Pressure,Joint Pain,Fatigue,Dengue
Loss of Smell,Joint Pain,Skin Redness,Runny Nose,Ear Pain,Headache,Muscle Pain,Unknown
High Blood Pressure,Fatigue,Muscle Pain,Skin Redness,Rapid Heart Rate,Runny Nose,Dizziness,Migraine
Low Blood Pressure,Blurred Vision,Cough,Sore Throat,Abdominal Pain,Rash,Chest Pain,Unknown
Rash,Blurred Vision,Loss of Smell,Headache,Fever,Dizziness,Confusion,Typhoid
Chest Pain,Sore Throat,Fever,Headache,Rapid Heart Rate,Joint Pain,Chills,Malaria
Fever,Difficulty Swallowing,Loss of Appetite,Shortness of Breath,Skin Peeling,Muscle Pain,Nausea,Migraine
Runny Nose,Fever,Rash,Vomiting,Blurred Vision,Sweating,Skin Peeling,Migraine
Runny Nose,Joint Pain,Sweating,Cough,Confusion,Sore Throat,Weakness,Unknown
Chills,Loss of Taste,Weakness,Headache,Skin Redness,Skin Peeling,Sweating,Flu
Loss of Smell,Skin Redness,Rapid Heart Rate,Loss of Appetite,Dizziness,Cough,Loss of Taste,Unknown
Abdominal Pain,Difficulty Swallowing,Rapid Heart Rate,Runny Nose,Joint Pain,Fatigue,Headache,Unknown
Chills,Sweating,Dizziness,Loss of Smell,Low Blood Pressure,Muscle Pain,Abdominal Pain,COVID-19
Loss of Taste,Diarrhea,Difficulty Swallowing,Loss of Smell,Cough,Rash,Nausea,Meningitis
Nausea,High Blood Pressure,Swollen Lymph Nodes,Headache,Diarrhea,Chills,Skin Peeling,Ear Infection
Vomiting,Fatigue,Skin Peeling,Shortness of Breath,Confusion,Dizziness,Fever,Flu
Rash,Chills,Dizziness,Abdominal Pain,Sore Throat,Rapid Heart Rate,Loss of Smell,Unknown
Joint Pain,Confusion,Dizziness,Fatigue,High Blood Pressure,Ear Pain,Headache,Unknown
Diarrhea,Headache,Skin Peeling,Fever,Ear Pain,Loss of Appetite,Loss of Taste,Dengue
Difficulty Swallowing,Loss of Taste,Rapid Heart Rate,Swollen Lymph Nodes,Skin Peeling,Headache,Blurred Vision,Flu
Abdominal Pain,Confusion,Skin Peeling,Skin Redness,Loss of Taste,Chest Pain,Difficulty Swallowing,Typhoid
Abdominal Pain,Cough,Rash,Skin Peeling,Headache,Muscle Pain,Rapid Heart Rate,Meningitis
Sore Throat,Loss of Taste,Rapid Heart Rate,Chest Pain,High Blood Pressure,Loss of Appetite,Blurred Vision,Hypertension
Runny Nose,Rapid Heart Rate,Nausea,Skin Peeling,Sore Throat,Dizziness,Headache,Meningitis
Blurred Vision,Swollen Lymph Nodes,Low Blood Pressure,Confusion,Weakness,Loss of Smell,Cough,Unknown
Rash,Shortness of Breath,Skin Redness,Sore Throat,Skin Peeling,Ear Pain,Chills,Scarlet Fever
Dizziness,Swollen Lymph Nodes,Skin Peeling,Loss of Smell,Low Blood Pressure,High Blood Pressure,Shortness of Breath,Unknown
Joint Pain,Muscle Pain,Abdominal Pain,Nausea,Swollen Lymph Nodes,Sweating,Fatigue,Malaria
Rash,Headache,Loss of Appetite,Fatigue,Vomiting,Fever,Sore Throat,Flu
Sweating,Chills,Loss of Smell,Weakness,Diarrhea,Difficulty Swallowing,Low Blood Pressure,Typhoid
Loss of Smell,Chest Pain,Rapid Heart Rate,Nausea,Sore Throat,Low Blood Pressure,Diarrhea,Hypotension
Fever,Loss of Appetite,Skin Peeling,Swollen Lymph Nodes,Nausea,Muscle Pain,Vomiting,Ear Infection
Diarrhea,Low Blood Pressure,Skin Peeling,Shortness of Breath,Nausea,Loss of Smell,Sweating,Malaria
Fever,Weakness,Ear Pain,Rash,Joint Pain,Confusion,Vomiting,Unknown
Difficulty Swallowing,Swollen Lymph Nodes,Rash,Joint Pain,Abdominal Pain,Cough,Blurred Vision,Unknown
Headache,Fever,Loss of Smell,Loss of Taste,Shortness of Breath,Chest Pain,Ear Pain,Ear Infection
Diarrhea,Headache,Nausea,High Blood Pressure,Blurred Vision,Joint Pain,Shortness of Breath,Migraine
High Blood Pressure,Joint Pain,Chest Pain,Cough,Confusion,Blurred Vision,Sweating,Migraine
Swollen Lymph Nodes,Abdominal Pain,Cough,Ear Pain,Chills,Loss of Taste,Low Blood Pressure,Malaria
Shortness of Breath,Runny Nose,Difficulty Swallowing,Joint Pain,Skin Redness,Skin Peeling,Diarrhea,Ear Infection
Blurred Vision,Dizziness,Joint Pain,Chills,Skin Peeling,Headache,Fever,Pneumonia
Loss of Appetite,Blurred Vision,Low Blood Pressure,Confusion,Sweating,Muscle Pain,Diarrhea,Unknown
Difficulty Swallowing,Diarrhea,Fever,Loss of Taste,Runny Nose,Skin Peeling,Vomiting,Flu
Dizziness,Muscle Pain,Rapid Heart Rate,Chest Pain,High Blood Pressure,Sore Throat,Skin Redness,Strep Throat
Vomiting,Swollen Lymph Nodes,Nausea,Fatigue,Runny Nose,Ear Pain,Diarrhea,Unknown
Nausea,Rash,Low Blood Pressure,Abdominal Pain,Chills,High Blood Pressure,Blurred Vision,Food Poisoning
Vomiting,Fever,Ear Pain,Chills,Loss of Smell,Dizziness,Rash,Unknown
Abdominal Pain,Muscle Pain,Headache,Confusion,Chest Pain,Blurred Vision,Rash,Unknown
Joint Pain,Cough,Abdominal Pain,Loss of Taste,Nausea,Skin Redness,Blurred Vision,Pneumonia
Runny Nose,Chest Pain,Loss of Smell,Loss of Appetite,Nausea,Abdominal Pain,Ear Pain,Unknown
Chills,Skin Redness,Headache,Fatigue,Loss of Taste,Ear Pain,Sweating,Ear Infection
Swollen Lymph Nodes,Chills,Headache,Blurred Vision,Cough,Weakness,Loss of Appetite,Migraine
Diarrhea,Skin Peeling,Rapid Heart Rate,Confusion,Chills,Sweating,Skin Redness,Unknown
Loss of Smell,Loss of Appetite,Low Blood Pressure,Blurred Vision,Rash,Headache,Shortness of Breath,Migraine
Low Blood Pressure,High Blood Pressure,Ear Pain,Runny Nose,Vomiting,Headache,Cough,Dengue
Loss of Taste,Vomiting,Rapid Heart Rate,Skin Redness,Blurred Vision,Low Blood Pressure,Muscle Pain,Migraine
Rash,Chest Pain,Joint Pain,Nausea,Headache,Diarrhea,Swollen Lymph Nodes,Unknown
High Blood Pressure,Chills,Skin Redness,Low Blood Pressure,Diarrhea,Vomiting,Dizziness,Unknown
Nausea,Weakness,Chest Pain,Muscle Pain,Difficulty Swallowing,Abdominal Pain,Runny Nose,Pneumonia
Swollen Lymph Nodes,Runny Nose,Rash,Headache,Sore Throat,Skin Peeling,Confusion,Dengue
Chest Pain,Skin Peeling,Runny Nose,Dizziness,Vomiting,Swollen Lymph Nodes,Rash,Food Poisoning
Swollen Lymph Nodes,Shortness of Breath,Confusion,Blurred Vision,Rash,Headache,Cough,Unknown
Loss of Taste,Chills,Dizziness,Ear Pain,High Blood Pressure,Cough,Swollen Lymph Nodes,COVID-19
Chest Pain,Sore Throat,Headache,Rash,Muscle Pain,Difficulty Swallowing,Shortness of Breath,Migraine
Shortness of Breath,Cough,Loss of Appetite,Muscle Pain,Confusion,Abdominal Pain,Loss of Smell,Meningitis
Confusion,Skin Redness,Blurred Vision,Sore Throat,Muscle Pain,Joint Pain,Diarrhea,Unknown
Loss of Taste,Confusion,Fatigue,Nausea,Loss of Smell,Fever,Weakness,Hypertension
Blurred Vision,Sweating,Diarrhea,Difficulty Swallowing,Ear Pain,High Blood Pressure,Swollen Lymph Nodes,Food Poisoning
Chest Pain,Rapid Heart Rate,Swollen Lymph Nodes,Loss of Taste,Skin Peeling,Confusion,Abdominal Pain,Typhoid
Sore Throat,Difficulty Swallowing,Diarrhea,Low Blood Pressure,Dizziness,Ear Pain,Cough,Unknown
Dizziness,Abdominal Pain,Sore Throat,Blurred Vision,Vomiting,Skin Redness,Difficulty Swallowing,Hypertension
High Blood Pressure,Chills,Joint Pain,Vomiting,Blurred Vision,Confusion,Loss of Smell,COVID-19
Rapid Heart Rate,Sweating,High Blood Pressure,Joint Pain,Low Blood Pressure,Loss of Smell,Confusion,Unknown
Joint Pain,Dizziness,Difficulty Swallowing,Abdominal Pain,Shortness of Breath,Ear Pain,High Blood Pressure,Unknown
Difficulty Swallowing,Abdominal Pain,Runny Nose,Ear Pain,Weakness,Dizziness,Loss of Taste,Strep Throat
Skin Redness,High Blood Pressure,Nausea,Fatigue,Fever,Dizziness,Swollen Lymph Nodes,Malaria
Skin Redness,Rapid Heart Rate,Sore Throat,Loss of Taste,Chest Pain,Low Blood Pressure,Weakness,Unknown
Loss of Smell,Chills,Fatigue,Dizziness,Vomiting,Loss of Appetite,Headache,Hypertension
Joint Pain,Loss of Smell,Sore Throat,Runny Nose,Muscle Pain,Chills,Nausea,Dengue
High Blood Pressure,Fever,Difficulty Swallowing,Rash,Loss of Taste,Ear Pain,Confusion,COVID-19
Skin Redness,Sore Throat,Chills,Abdominal Pain,Rapid Heart Rate,Loss of Smell,High Blood Pressure,Hypotension
Sweating,Skin Peeling,Fatigue,Rash,Dizziness,Rapid Heart Rate,Cough,Pneumonia
Fever,Headache,Fatigue,Joint Pain,Sweating,Confusion,Chills,Unknown
Chills,Cough,Abdominal Pain,Sore Throat,Ear Pain,Dizziness,Shortness of Breath,Unknown
Shortness of Breath,Cough,Abdominal Pain,Rapid Heart Rate,Chills,Swollen Lymph Nodes,Low Blood Pressure,Cold
Difficulty Swallowing,Sore Throat,High Blood Pressure,Chest Pain,Chills,Fatigue,Low Blood Pressure,Cold
Weakness,Dizziness,Swollen Lymph Nodes,Difficulty Swallowing,Confusion,Rapid Heart Rate,Fever,Dengue
Skin Peeling,Ear Pain,Fatigue,Blurred Vision,Runny Nose,Headache,Skin Redness,Hypertension
Fatigue,Skin Redness,Blurred Vision,Low Blood Pressure,Joint Pain,Ear Pain,Chills,Ear Infection
Weakness,Swollen Lymph Nodes,Chest Pain,Cough,Abdominal Pain,Fatigue,Dizziness,Unknown
Blurred Vision,Chills,Loss of Smell,High Blood Pressure,Sore Throat,Joint Pain,Rash,Hypertension
Blurred Vision,Fever,Cough,High Blood Pressure,Loss of Taste,Chest Pain,Rapid Heart Rate,Migraine
Chest Pain,Rash,Low Blood Pressure,Weakness,Shortness of Breath,Fatigue,Swollen Lymph Nodes,Cold
Rapid Heart Rate,Fever,Shortness of Breath,Loss of Taste,Vomiting,Muscle Pain,Swollen Lymph Nodes,Ear Infection
Fever,Loss of Taste,Vomiting,Weakness,Chills,Loss of Appetite,Cough,Dengue
Difficulty Swallowing,Fatigue,Skin Peeling,Weakness,Loss of Appetite,Sore Throat,Chest Pain,Cold
High Blood Pressure,Fever,Joint Pain,Headache,Fatigue,Abdominal Pain,Skin Redness,Migraine
Skin Redness,Low Blood Pressure,Diarrhea,Loss of Smell,Sweating,Chills,Ear Pain,Unknown
Weakness,Nausea,Loss of Appetite,Rash,Headache,Confusion,Runny Nose,Meningitis
High Blood Pressure,Ear Pain,Fatigue,Loss of Smell,Headache,Muscle Pain,Chest Pain,Typhoid
Muscle Pain,Skin Redness,Nausea,Rash,Skin Peeling,Fever,Headache,Scarlet Fever
Cough,Loss of Smell,Abdominal Pain,Joint Pain,Vomiting,Confusion,Chills,Pneumonia
Skin Peeling,High Blood Pressure,Low Blood Pressure,Sweating,Chest Pain,Ear Pain,Loss of Smell,COVID-19
Muscle Pain,Loss of Appetite,Chest Pain,Sweating,Rapid Heart Rate,Vomiting,Runny Nose,Unknown
Chills,Chest Pain,Dizziness,Rash,Low Blood Pressure,Loss of Taste,Shortness of Breath,Pneumonia
Runny Nose,Loss of Appetite,Dizziness,Confusion,Joint Pain,Difficulty Swallowing,Chest Pain,Unknown
Sweating,Rash,High Blood Pressure,Swollen Lymph Nodes,Skin Redness,Runny Nose,Weakness,Unknown
Loss of Appetite,High Blood Pressure,Ear Pain,Fever,Runny Nose,Difficulty Swallowing,Skin Redness,Pneumonia
Diarrhea,Nausea,Loss of Taste,Vomiting,High Blood Pressure,Blurred Vision,Confusion,Unknown
Nausea,Skin Redness,Loss of Smell,Joint Pain,Swollen Lymph Nodes,Blurred Vision,Cough,Flu
Blurred Vision,Headache,Sweating,Nausea,High Blood Pressure,Rapid Heart Rate,Dizziness,Food Poisoning
Difficulty Swallowing,Chest Pain,Cough,Muscle Pain,Blurred Vision,Nausea,Shortness of Breath,COVID-19
Ear Pain,Abdominal Pain,Difficulty Swallowing,Blurred Vision,Chest Pain,Loss of Appetite,Rapid Heart Rate,Hypotension
Blurred Vision,Loss of Appetite,Sweating,Sore Throat,Chest Pain,Ear Pain,Skin Redness,Ear Infection
Chest Pain,High Blood Pressure,Loss of Appetite,Muscle Pain,Fever,Diarrhea,Weakness,Hypertension
Ear Pain,Diarrhea,Chills,Weakness,Vomiting,Blurred Vision,Dizziness,Unknown
Vomiting,Chills,Difficulty Swallowing,Cough,Chest Pain,Muscle Pain,Low Blood Pressure,Hypotension
Shortness of Breath,Loss of Taste,Loss of Smell,Skin Peeling,Loss of Appetite,Low Blood Pressure,Nausea,Unknown
Joint Pain,Abdominal Pain,Rash,Low Blood Pressure,Cough,Fever,Fatigue,Malaria
Dizziness,Nausea,Fever,Ear Pain,Runny Nose,Sore Throat,Loss of Taste,Hypertension
Loss of Appetite,Fatigue,Shortness of Breath,Sore Throat,Loss of Taste,Sweating,Headache,Strep Throat
Vomiting,Swollen Lymph Nodes,Sore Throat,Cough,Blurred Vision,Skin Peeling,Skin Redness,Scarlet Fever
Dizziness,Nausea,Difficulty Swallowing,Chest Pain,Low Blood Pressure,Loss of Appetite,Weakness,Meningitis
Confusion,Sweating,Swollen Lymph Nodes,Runny Nose,Shortness of Breath,Loss of Appetite,Loss of Taste,Unknown
Chest Pain,Loss of Taste,Weakness,Dizziness,Skin Peeling,Difficulty Swallowing,Fatigue,Pneumonia
Loss of Smell,Difficulty Swallowing,Fever,Chest Pain,Sweating,Runny Nose,Loss of Taste,Flu
Low Blood Pressure,Vomiting,Blurred Vision,Abdominal Pain,Loss of Taste,High Blood Pressure,Dizziness,Hypertension
Vomiting,Skin Redness,Difficulty Swallowing,Abdominal Pain,Shortness of Breath,Dizziness,Confusion,Strep Throat
Fever,Blurred Vision,Sweating,Joint Pain,Runny Nose,Fatigue,Cough,Typhoid
Headache,Runny Nose,Dizziness,Sweating,Low Blood Pressure,Weakness,Chest Pain,Hypertension
Diarrhea,Loss of Smell,Sweating,Blurred Vision,Swollen Lymph Nodes,Low Blood Pressure,Skin Peeling,Migraine
Loss of Taste,Shortness of Breath,Rash,Sweating,Muscle Pain,Dizziness,Cough,Pneumonia
Shortness of Breath,Skin Peeling,Rapid Heart Rate,Confusion,Low Blood Pressure,Cough,Loss of Smell,Unknown
Loss of Taste,Low Blood Pressure,Cough,Difficulty Swallowing,Dizziness,Chills,Nausea,Food Poisoning
Rash,Loss of Smell,Rapid Heart Rate,Sore Throat,Abdominal Pain,Ear Pain,Dizziness,Food Poisoning
Runny Nose,Sweating,Chills,Skin Peeling,Dizziness,Skin Redness,Abdominal Pain,Hypotension
Sweating,Joint Pain,Blurred Vision,Rapid Heart Rate,Fatigue,Muscle Pain,Rash,Migraine
Muscle Pain,Runny Nose,Loss of Smell,Rapid Heart Rate,Sore Throat,Diarrhea,Skin Peeling,Cold
Chills,Loss of Appetite,Weakness,Sweating,Difficulty Swallowing,Abdominal Pain,Fatigue,Strep Throat
Chills,Muscle Pain,Low Blood Pressure,Headache,Dizziness,Vomiting,Confusion,Meningitis
Muscle Pain,Swollen Lymph Nodes,Fever,Cough,Loss of Appetite,Skin Peeling,Vomiting,Strep Throat
Loss of Appetite,Chills,Fever,Blurred Vision,Diarrhea,Chest Pain,Joint Pain,COVID-19
Difficulty Swallowing,Skin Peeling,Headache,Low Blood Pressure,Runny Nose,Weakness,Skin Redness,Flu
Fever,Runny Nose,Chest Pain,Confusion,Rapid Heart Rate,Loss of Smell,Difficulty Swallowing,Typhoid
Shortness of Breath,Confusion,High Blood Pressure,Ear Pain,Fatigue,Nausea,Headache,Food Poisoning
Diarrhea,Vomiting,Rash,Nausea,Fever,Loss of Appetite,Confusion,Typhoid
Sore Throat,Swollen Lymph Nodes,Muscle Pain,Loss of Taste,Low Blood Pressure,Shortness of Breath,Fever,Ear Infection
Rash,Abdominal Pain,Headache,Rapid Heart Rate,Loss of Appetite,Low Blood Pressure,Skin Peeling,Hypotension
Shortness of Breath,Fatigue,Loss of Smell,Difficulty Swallowing,Dizziness,Weakness,Diarrhea,Hypotension
Joint Pain,Loss of Appetite,Blurred Vision,Skin Peeling,Sweating,Ear Pain,Cough,Scarlet Fever
Muscle Pain,Joint Pain,High Blood Pressure,Fever,Headache,Vomiting,Rash,Flu
Muscle Pain,Difficulty Swallowing,Fatigue,High Blood Pressure,Runny Nose,Weakness,Cough,COVID-19
Skin Redness,Muscle Pain,Vomiting,Swollen Lymph Nodes,Headache,Shortness of Breath,Chest Pain,Scarlet Fever
Muscle Pain,Rapid Heart Rate,Rash,Loss of Smell,Shortness of Breath,Diarrhea,Confusion,Dengue
Chills,Difficulty Swallowing,Runny Nose,Rash,Skin Peeling,High Blood Pressure,Loss of Appetite,Strep Throat
Fever,Low Blood Pressure,Chills,Sweating,Muscle Pain,Dizziness,High Blood Pressure,Pneumonia
Weakness,Loss of Smell,Diarrhea,Fatigue,Fever,Abdominal Pain,Swollen Lymph Nodes,Hypotension
Nausea,Fatigue,Swollen Lymph Nodes,Chills,Sweating,Confusion,Shortness of Breath,Unknown
Rapid Heart Rate,Blurred Vision,Chills,Skin Redness,Difficulty Swallowing,Dizziness,Nausea,Unknown
Low Blood Pressure,Rash,Joint Pain,Rapid Heart Rate,Nausea,Runny Nose,Fever,Unknown
Rash,Loss of Smell,Skin Peeling,Chest Pain,Skin Redness,Sore Throat,Difficulty Swallowing,Unknown
Confusion,Fatigue,Weakness,Difficulty Swallowing,Headache,Chills,Dizziness,Hypertension
Shortness of Breath,Rapid Heart Rate,Muscle Pain,Sweating,Swollen Lymph Nodes,Skin Peeling,Headache,Unknown
Shortness of Breath,Low Blood Pressure,Ear Pain,Swollen Lymph Nodes,Abdominal Pain,Sweating,Joint Pain,Unknown
Ear Pain,Difficulty Swallowing,Shortness of Breath,High Blood Pressure,Chest Pain,Sweating,Chills,Unknown
Blurred Vision,Sore Throat,Abdominal Pain,Swollen Lymph Nodes,Weakness,Loss of Smell,Loss of Taste,Strep Throat
Chest Pain,Joint Pain,Headache,Sore Throat,Confusion,Shortness of Breath,Blurred Vision,Migraine
Skin Peeling,Fatigue,Blurred Vision,Muscle Pain,Runny Nose,Chills,Dizziness,Unknown
Vomiting,Skin Redness,Chest Pain,High Blood Pressure,Rapid Heart Rate,Muscle Pain,Skin Peeling,Dengue
Rapid Heart Rate,Fatigue,Chills,Skin Peeling,Skin Redness,Runny Nose,Joint Pain,Unknown
Chest Pain,Blurred Vision,Skin Redness,Loss of Smell,Skin Peeling,Runny Nose,Cough,COVID-19
Difficulty Swallowing,Ear Pain,Rash,Rapid Heart Rate,Shortness of Breath,Loss of Smell,Fever,Ear Infection
Weakness,Abdominal Pain,Blurred Vision,Dizziness,Chills,Rash,Fever,Hypertension
Loss of Smell,Nausea,Headache,High Blood Pressure,Skin Peeling,Confusion,Muscle Pain,Unknown
Ear Pain,Confusion,Chills,Headache,High Blood Pressure,Nausea,Rash,Dengue
Low Blood Pressure,Ear Pain,Fever,Joint Pain,Nausea,Loss of Smell,Rapid Heart Rate,Pneumonia
Fever,Headache,Skin Redness,Blurred Vision,Joint Pain,Chest Pain,Low Blood Pressure,Unknown
Fatigue,Abdominal Pain,Low Blood Pressure,Nausea,Skin Redness,Difficulty Swallowing,Shortness of Breath,COVID-19
Confusion,Blurred Vision,Chills,Rash,Loss of Smell,Sweating,Muscle Pain,COVID-19
Sweating,Blurred Vision,Ear Pain,Joint Pain,Chills,Confusion,Shortness of Breath,Unknown
Nausea,Shortness of Breath,Rapid Heart Rate,Vomiting,Difficulty Swallowing,Chest Pain,Chills,Unknown
Difficulty Swallowing,Diarrhea,Chills,Weakness,Loss of Appetite,Sweating,Confusion,Malaria
Swollen Lymph Nodes,Headache,Ear Pain,Loss of Taste,Runny Nose,Muscle Pain,Joint Pain,Migraine
Dizziness,Cough,Blurred Vision,Fever,Rash,Ear Pain,Muscle Pain,Strep Throat
Cough,Shortness of Breath,Joint Pain,Fatigue,Abdominal Pain,Nausea,Muscle Pain,Unknown
Rash,Loss of Taste,Nausea,Ear Pain,Headache,Blurred Vision,Fatigue,Migraine
Skin Redness,Abdominal Pain,Loss of Appetite,Ear Pain,Vomiting,Weakness,Loss of Taste,Hypotension
Nausea,Diarrhea,Fatigue,Ear Pain,Cough,Loss of Appetite,Chills,Unknown
Abdominal Pain,Sore Throat,Chills,Weakness,Rapid Heart Rate,Headache,Skin Redness,Typhoid
Rash,Ear Pain,Blurred Vision,Loss of Smell,High Blood Pressure,Vomiting,Weakness,Food Poisoning
Abdominal Pain,Low Blood Pressure,Chest Pain,Muscle Pain,Headache,Skin Redness,Skin Peeling,Hypertension
Loss of Appetite,Runny Nose,Loss of Smell,Difficulty Swallowing,Vomiting,Rash,Dizziness,Hypotension
Shortness of Breath,Blurred Vision,Abdominal Pain,Sore Throat,Rash,Fever,Ear Pain,Dengue
Confusion,Dizziness,Loss of Appetite,Sore Throat,Diarrhea,Abdominal Pain,Runny Nose,Unknown
Headache,Rash,Loss of Smell,Vomiting,Shortness of Breath,Abdominal Pain,Runny Nose,Meningitis
Loss of Smell,Rash,Sore Throat,Confusion,Vomiting,Low Blood Pressure,Fever,Malaria
Blurred Vision,Swollen Lymph Nodes,Skin Redness,Low Blood Pressure,Joint Pain,Loss of Taste,Abdominal Pain,Unknown
Vomiting,Loss of Smell,Loss of Appetite,Cough,High Blood Pressure,Ear Pain,Runny Nose,Unknown
Chills,Fatigue,Difficulty Swallowing,Chest Pain,Joint Pain,Rash,Vomiting,Dengue
Chills,Diarrhea,Fatigue,Dizziness,Shortness of Breath,Loss of Taste,Rash,Typhoid
Low Blood Pressure,High Blood Pressure,Fever,Chest Pain,Nausea,Weakness,Loss of Smell,Typhoid
Rapid Heart Rate,Skin Peeling,Sore Throat,Vomiting,Shortness of Breath,Confusion,Runny Nose,Unknown
Sweating,Joint Pain,Shortness of Breath,Nausea,Rash,Skin Redness,Muscle Pain,Unknown
Rapid Heart Rate,Rash,Swollen Lymph Nodes,Joint Pain,Difficulty Swallowing,Low Blood Pressure,High Blood Pressure,Hypotension
Fatigue,Loss of Taste,Headache,Difficulty Swallowing,Shortness of Breath,Vomiting,Joint Pain,Flu
Runny Nose,Loss of Taste,Diarrhea,Blurred Vision,Nausea,Sweating,Low Blood Pressure,COVID-19
Confusion,Sweating,Muscle Pain,Difficulty Swallowing,Weakness,Loss of Appetite,Fever,Typhoid
Loss of Taste,Skin Redness,Blurred Vision,Sore Throat,Runny Nose,Sweating,Muscle Pain,Unknown
Blurred Vision,Sore Throat,Vomiting,Ear Pain,Headache,Cough,Loss of Appetite,Unknown
Ear Pain,Fever,Nausea,Sore Throat,Fatigue,Swollen Lymph Nodes,Headache,Ear Infection
Dizziness,Rash,Loss of Appetite,Confusion,Sore Throat,Skin Peeling,Rapid Heart Rate,COVID-19
Joint Pain,High Blood Pressure,Loss of Smell,Nausea,Skin Peeling,Sore Throat,Muscle Pain,Meningitis
Vomiting,Loss of Smell,Joint Pain,Chills,Blurred Vision,Loss of Taste,Loss of Appetite,Unknown
Rapid Heart Rate,Chest Pain,Weakness,Fever,Confusion,Headache,Skin Redness,Meningitis
Loss of Appetite,Joint Pain,Runny Nose,Dizziness,Cough,Abdominal Pain,Headache,Cold
Blurred Vision,Diarrhea,Runny Nose,Loss of Smell,Rash,Joint Pain,Weakness,Unknown
Shortness of Breath,Weakness,Skin Peeling,Runny Nose,Rapid Heart Rate,Blurred Vision,Sweating,Unknown
Skin Redness,Ear Pain,Sore Throat,Runny Nose,Dizziness,Fatigue,High Blood Pressure,Cold
Diarrhea,Skin Redness,Loss of Taste,Rapid Heart Rate,Cough,Loss of Appetite,Vomiting,Unknown
Rapid Heart Rate,Skin Peeling,Ear Pain,Chills,Confusion,Blurred Vision,Sweating,Unknown
Loss of Appetite,Runny Nose,Fatigue,Joint Pain,Swollen Lymph Nodes,Loss of Smell,Skin Peeling,Typhoid
Ear Pain,Skin Peeling,Skin Redness,Rash,Shortness of Breath,Fever,Loss of Taste,Malaria
Low Blood Pressure,Sore Throat,Runny Nose,Chills,Diarrhea,Cough,Joint Pain,Unknown
Joint Pain,Sweating,Chills,Skin Peeling,Diarrhea,Cough,Nausea,Unknown
Fever,Chest Pain,Loss of Taste,Nausea,Sweating,Skin Redness,Dizziness,Unknown
Loss of Taste,Sore Throat,Abdominal Pain,Diarrhea,Low Blood Pressure,Ear Pain,Cough,Typhoid
Vomiting,Difficulty Swallowing,Loss of Taste,Rash,Dizziness,Diarrhea,Sweating,Unknown
Loss of Smell,Dizziness,Vomiting,Runny Nose,Joint Pain,Abdominal Pain,Muscle Pain,Unknown
Sweating,Cough,Fever,Chills,Loss of Taste,Loss of Smell,Low Blood Pressure,Strep Throat
Swollen Lymph Nodes,Loss of Appetite,Vomiting,Blurred Vision,Chest Pain,Fever,Confusion,Malaria
Chills,Swollen Lymph Nodes,Headache,Abdominal Pain,Shortness of Breath,Sweating,Muscle Pain,Migraine
Fever,Chills,Diarrhea,Fatigue,Difficulty Swallowing,Dizziness,Nausea,Malaria
Low Blood Pressure,Difficulty Swallowing,Diarrhea,Fever,Swollen Lymph Nodes,Cough,Nausea,Cold
Confusion,Abdominal Pain,Loss of Taste,Weakness,Blurred Vision,Vomiting,Ear Pain,Food Poisoning
Loss of Appetite,Shortness of Breath,Dizziness,Difficulty Swallowing,Blurred Vision,High Blood Pressure,Ear Pain,Unknown
Sore Throat,Cough,Muscle Pain,Vomiting,Skin Peeling,High Blood Pressure,Dizziness,Strep Throat
Vomiting,Muscle Pain,Joint Pain,Rash,Runny Nose,Nausea,Dizziness,Unknown
Rash,Muscle Pain,Ear Pain,High Blood Pressure,Joint Pain,Cough,Low Blood Pressure,Unknown
Fever,Blurred Vision,Ear Pain,Shortness of Breath,Fatigue,Swollen Lymph Nodes,Muscle Pain,Meningitis
Cough,Nausea,Rash,Swollen Lymph Nodes,Skin Redness,Chest Pain,Dizziness,COVID-19
Vomiting,Chills,Sweating,Sore Throat,Muscle Pain,Loss of Smell,Chest Pain,Malaria
Muscle Pain,Low Blood Pressure,Chest Pain,Fatigue,Diarrhea,Nausea,Sore Throat,Strep Throat
Chills,Vomiting,Ear Pain,Muscle Pain,Loss of Appetite,Dizziness,Joint Pain,Unknown
Skin Redness,Headache,Skin Peeling,Loss of Appetite,Fever,Chest Pain,Confusion,Unknown
High Blood Pressure,Vomiting,Loss of Appetite,Muscle Pain,Chest Pain,Confusion,Low Blood Pressure,Dengue
Cough,Headache,Runny Nose,Weakness,Fever,Swollen Lymph Nodes,Chills,Ear Infection
Diarrhea,Loss of Taste,Cough,Swollen Lymph Nodes,Chills,Ear Pain,Sweating,COVID-19
Cough,Skin Peeling,Swollen Lymph Nodes,Sweating,Weakness,Nausea,Vomiting,Meningitis
Joint Pain,Muscle Pain,High Blood Pressure,Rash,Fever,Vomiting,Cough,Typhoid
Chills,Difficulty Swallowing,Swollen Lymph Nodes,Rapid Heart Rate,Shortness of Breath,Loss of Taste,Fever,Pneumonia
Low Blood Pressure,Sore Throat,Vomiting,Loss of Taste,Runny Nose,Cough,Skin Redness,COVID-19
Difficulty Swallowing,Sore Throat,Weakness,Sweating,Muscle Pain,Runny Nose,Headache,Meningitis
Chest Pain,Fever,Loss of Appetite,Loss of Smell,Skin Redness,Joint Pain,Diarrhea,Meningitis
Sore Throat,Abdominal Pain,Fever,Runny Nose,Cough,Diarrhea,Muscle Pain,Unknown
Loss of Smell,Swollen Lymph Nodes,Difficulty Swallowing,Shortness of Breath,Nausea,Vomiting,Chest Pain,Strep Throat
Low Blood Pressure,Headache,Rapid Heart Rate,Sore Throat,Chills,Abdominal Pain,Ear Pain,Migraine
Runny Nose,Headache,Chills,Chest Pain,Fatigue,Weakness,Low Blood Pressure,Hypertension
Loss of Taste,Chest Pain,Weakness,Blurred Vision,Fatigue,Confusion,Ear Pain,Unknown
Nausea,Loss of Appetite,Cough,Fever,Runny Nose,Joint Pain,Fatigue,Strep Throat
Nausea,Blurred Vision,Sore Throat,Fatigue,Fever,Sweating,Runny Nose,Unknown
Rapid Heart Rate,Blurred Vision,High Blood Pressure,Sore Throat,Chest Pain,Loss of Taste,Runny Nose,Hypertension
Loss of Smell,Low Blood Pressure,Cough,Rash,Blurred Vision,Fever,Skin Redness,Scarlet Fever
Sweating,Abdominal Pain,Headache,Sore Throat,Swollen Lymph Nodes,Cough,Skin Peeling,Cold
Loss of Smell,Blurred Vision,Sore Throat,Muscle Pain,Cough,Rapid Heart Rate,Loss of Taste,Unknown
Dizziness,Difficulty Swallowing,Low Blood Pressure,Vomiting,Swollen Lymph Nodes,Muscle Pain,Confusion,Dengue
Swollen Lymph Nodes,Fatigue,Sore Throat,Difficulty Swallowing,Diarrhea,Chest Pain,Low Blood Pressure,Ear Infection
Difficulty Swallowing,Swollen Lymph Nodes,Low Blood Pressure,Headache,Runny Nose,Dizziness,Chills,Meningitis
Ear Pain,Loss of Smell,Fever,Weakness,Abdominal Pain,Shortness of Breath,Rapid Heart Rate,Unknown
Skin Peeling,High Blood Pressure,Weakness,Sweating,Difficulty Swallowing,Ear Pain,Chest Pain,Ear Infection
Joint Pain,Headache,Chills,Rash,Loss of Smell,High Blood Pressure,Nausea,Unknown
Confusion,Loss of Taste,Sore Throat,Sweating,Cough,Difficulty Swallowing,Vomiting,Pneumonia
Diarrhea,Runny Nose,Skin Peeling,Abdominal Pain,Dizziness,High Blood Pressure,Vomiting,Unknown
Shortness of Breath,Low Blood Pressure,Cough,High Blood Pressure,Fever,Sore Throat,Loss of Smell,Malaria
Loss of Smell,Headache,Swollen Lymph Nodes,Fatigue,Low Blood Pressure,Fever,Vomiting,Hypertension
Rapid Heart Rate,Vomiting,Fatigue,Joint Pain,Loss of Appetite,Shortness of Breath,Blurred Vision,Unknown
Runny Nose,High Blood Pressure,Loss of Smell,Chills,Rapid Heart Rate,Fever,Cough,Flu
Muscle Pain,Sweating,High Blood Pressure,Ear Pain,Shortness of Breath,Runny Nose,Low Blood Pressure,Cold
Diarrhea,Loss of Appetite,Confusion,Headache,Swollen Lymph Nodes,Low Blood Pressure,Skin Redness,Dengue
Cough,Joint Pain,Diarrhea,High Blood Pressure,Ear Pain,Chest Pain,Skin Peeling,Unknown
Loss of Appetite,Chills,Rash,Abdominal Pain,Loss of Taste,Rapid Heart Rate,Confusion,Unknown
Rapid Heart Rate,Difficulty Swallowing,Shortness of Breath,Dizziness,Diarrhea,Chest Pain,Loss of Smell,Unknown
Fatigue,Nausea,Sweating,Confusion,Skin Peeling,High Blood Pressure,Dizziness,Food Poisoning
Loss of Appetite,Sore Throat,Loss of Taste,Vomiting,Blurred Vision,Low Blood Pressure,Dizziness,Typhoid
Difficulty Swallowing,Low Blood Pressure,Nausea,Skin Redness,Muscle Pain,Loss of Appetite,Sweating,Migraine
Loss of Appetite,Skin Peeling,Diarrhea,Rapid Heart Rate,Ear Pain,Shortness of Breath,Chest Pain,Unknown
Loss of Smell,Sore Throat,Shortness of Breath,Fever,High Blood Pressure,Fatigue,Chest Pain,COVID-19
Rapid Heart Rate,Loss of Smell,Confusion,Muscle Pain,Nausea,Fever,Fatigue,Pneumonia
Fatigue,Blurred Vision,Headache,Shortness of Breath,Loss of Taste,Weakness,Fever,Strep Throat
Sweating,Chest Pain,Swollen Lymph Nodes,Rapid Heart Rate,Sore Throat,Loss of Taste,Diarrhea,Strep Throat
Loss of Appetite,Sweating,Chest Pain,Skin Peeling,Abdominal Pain,Confusion,Headache,Food Poisoning
Diarrhea,Skin Redness,Vomiting,Low Blood Pressure,Sweating,Chills,Blurred Vision,Hypotension
Chest Pain,Confusion,Low Blood Pressure,Rash,Runny Nose,Swollen Lymph Nodes,Muscle Pain,Pneumonia
Shortness of Breath,Cough,Rash,Weakness,Joint Pain,Muscle Pain,Vomiting,Unknown
Shortness of Breath,Swollen Lymph Nodes,Runny Nose,Confusion,Fatigue,Nausea,Loss of Taste,COVID-19
Headache,Blurred Vision,Weakness,Difficulty Swallowing,High Blood Pressure,Joint Pain,Low Blood Pressure,Typhoid
Fatigue,Rash,Low Blood Pressure,Diarrhea,Muscle Pain,Difficulty Swallowing,Confusion,Meningitis
Sweating,Loss of Appetite,Rash,Ear Pain,Runny Nose,Nausea,Confusion,Ear Infection
Difficulty Swallowing,Muscle Pain,Ear Pain,Loss of Taste,Diarrhea,Cough,Nausea,Unknown
Loss of Appetite,Weakness,Nausea,Diarrhea,Low Blood Pressure,Sore Throat,Fever,Malaria
Confusion,Fever,Joint Pain,Chills,Nausea,Low Blood Pressure,Abdominal Pain,Pneumonia
Vomiting,Chills,Loss of Smell,Swollen Lymph Nodes,Joint Pain,Fever,Runny Nose,Flu
Rash,Fever,Difficulty Swallowing,Nausea,Skin Redness,Vomiting,Headache,Pneumonia
Abdominal Pain,Nausea,High Blood Pressure,Fatigue,Diarrhea,Cough,Vomiting,Food Poisoning
Swollen Lymph Nodes,Low Blood Pressure,Sore Throat,Loss of Appetite,Fever,Difficulty Swallowing,Joint Pain,Unknown
Rapid Heart Rate,Blurred Vision,Loss of Taste,Loss of Appetite,Skin Redness,Chills,Chest Pain,Typhoid
Runny Nose,Blurred Vision,Diarrhea,Fever,Sore Throat,High Blood Pressure,Vomiting,Dengue
Rash,Skin Peeling,Dizziness,Low Blood Pressure,Joint Pain,Blurred Vision,Chills,Scarlet Fever
Muscle Pain,Fatigue,Loss of Taste,Vomiting,Sweating,Cough,Dizziness,Hypotension
Chills,Diarrhea,Sore Throat,Fever,Abdominal Pain,Loss of Appetite,Ear Pain,Ear Infection
Loss of Appetite,Abdominal Pain,Sore Throat,Skin Peeling,Fatigue,Swollen Lymph Nodes,Rash,Unknown
Difficulty Swallowing,Fever,Loss of Taste,Rash,Chills,Abdominal Pain,Fatigue,Pneumonia
Sweating,Swollen Lymph Nodes,Shortness of Breath,Fever,Diarrhea,Confusion,Loss of Appetite,Unknown
High Blood Pressure,Vomiting,Muscle Pain,Joint Pain,Rapid Heart Rate,Nausea,Rash,Unknown
Loss of Taste,Loss of Smell,Runny Nose,Difficulty Swallowing,Rapid Heart Rate,Low Blood Pressure,Skin Peeling,Hypotension
Skin Redness,Rapid Heart Rate,Loss of Taste,Runny Nose,Dizziness,Diarrhea,Fever,Dengue
Rash,Headache,Sore Throat,Chest Pain,Sweating,Loss of Smell,Dizziness,Strep Throat
Blurred Vision,Diarrhea,Runny Nose,Loss of Smell,Chills,Difficulty Swallowing,Skin Redness,Food Poisoning
Fever,Low Blood Pressure,Difficulty Swallowing,Ear Pain,Loss of Smell,Joint Pain,Diarrhea,Meningitis
Diarrhea,Weakness,Loss of Smell,Ear Pain,Cough,Muscle Pain,Blurred Vision,Malaria
Fever,Blurred Vision,Runny Nose,Loss of Smell,Shortness of Breath,Abdominal Pain,Rapid Heart Rate,Meningitis
High Blood Pressure,Swollen Lymph Nodes,Diarrhea,Skin Redness,Runny Nose,Dizziness,Difficulty Swallowing,Unknown
Rash,Nausea,Fever,Joint Pain,Fatigue,Rapid Heart Rate,Weakness,Hypertension
Rash,Vomiting,Shortness of Breath,Fatigue,Difficulty Swallowing,Sweating,High Blood Pressure,Food Poisoning
Abdominal Pain,Confusion,Loss of Taste,High Blood Pressure,Vomiting,Low Blood Pressure,Joint Pain,Unknown
Low Blood Pressure,Difficulty Swallowing,Fever,Abdominal Pain,Rash,Joint Pain,Cough,Hypotension
Rapid Heart Rate,Ear Pain,Vomiting,Loss of Appetite,Shortness of Breath,Sore Throat,Chest Pain,Typhoid
Loss of Smell,Muscle Pain,Runny Nose,Abdominal Pain,Weakness,Nausea,Joint Pain,Unknown
Diarrhea,Swollen Lymph Nodes,Weakness,Dizziness,Cough,Abdominal Pain,Headache,Unknown
Chills,Loss of Taste,Skin Redness,Sore Throat,Rapid Heart Rate,Shortness of Breath,Difficulty Swallowing,Pneumonia
Dizziness,Skin Redness,Ear Pain,Abdominal Pain,Rash,Swollen Lymph Nodes,Vomiting,Unknown
Sore Throat,Swollen Lymph Nodes,Fatigue,Dizziness,Skin Redness,Nausea,Abdominal Pain,Hypertension
Runny Nose,Loss of Taste,Sweating,Weakness,Confusion,Blurred Vision,Ear Pain,Unknown
Nausea,Swollen Lymph Nodes,Sweating,Low Blood Pressure,Chest Pain,Sore Throat,Muscle Pain,Scarlet Fever
Runny Nose,Dizziness,Skin Redness,Chest Pain,Fatigue,Loss of Taste,Skin Peeling,Unknown
Muscle Pain,Loss of Taste,Diarrhea,Shortness of Breath,Low Blood Pressure,Fever,Sore Throat,Meningitis
Cough,Loss of Appetite,Skin Redness,Sweating,Rapid Heart Rate,Dizziness,Chills,Cold
Muscle Pain,Headache,Loss of Taste,Skin Peeling,Difficulty Swallowing,Swollen Lymph Nodes,Vomiting,Unknown
Dizziness,Rash,Runny Nose,Vomiting,Blurred Vision,Headache,Loss of Appetite,Unknown
Cough,High Blood Pressure,Fatigue,Shortness of Breath,Diarrhea,Weakness,Sore Throat,Pneumonia
Dizziness,Rapid Heart Rate,Sweating,Loss of Appetite,Muscle Pain,Sore Throat,Weakness,Cold
Sweating,Diarrhea,Joint Pain,Loss of Smell,Fever,Loss of Taste,Weakness,Hypotension
Loss of Taste,Weakness,Confusion,Sweating,Sore Throat,Muscle Pain,Joint Pain,Cold
Vomiting,Muscle Pain,Sore Throat,Sweating,Weakness,Rash,Loss of Taste,Unknown
Skin Peeling,Fever,Chills,Dizziness,Difficulty Swallowing,High Blood Pressure,Sweating,Migraine
Shortness of Breath,Diarrhea,Abdominal Pain,High Blood Pressure,Blurred Vision,Ear Pain,Joint Pain,Unknown
Nausea,High Blood Pressure,Headache,Difficulty Swallowing,Rapid Heart Rate,Swollen Lymph Nodes,Chest Pain,Meningitis
Joint Pain,Muscle Pain,Sweating,Rapid Heart Rate,Low Blood Pressure,Fever,Skin Redness,Typhoid
High Blood Pressure,Low Blood Pressure,Abdominal Pain,Nausea,Chills,Weakness,Confusion,Unknown
Loss of Appetite,Blurred Vision,Skin Peeling,Rapid Heart Rate,Vomiting,Abdominal Pain,Ear Pain,Food Poisoning
Skin Redness,High Blood Pressure,Fatigue,Vomiting,Shortness of Breath,Low Blood Pressure,Chills,Typhoid
Difficulty Swallowing,Loss of Appetite,Skin Redness,Loss of Taste,Rash,Sweating,Vomiting,Malaria
Fatigue,Joint Pain,Ear Pain,Confusion,High Blood Pressure,Rapid Heart Rate,Diarrhea,Hypotension
Vomiting,Shortness of Breath,Sore Throat,Headache,Rapid Heart Rate,Fever,Abdominal Pain,COVID-19
Skin Peeling,Difficulty Swallowing,Sweating,Loss of Smell,Joint Pain,Swollen Lymph Nodes,Rash,Unknown
Fever,Swollen Lymph Nodes,Confusion,Vomiting,Chest Pain,Chills,Blurred Vision,Typhoid
Chills,Shortness of Breath,Ear Pain,Low Blood Pressure,Skin Redness,Diarrhea,Skin Peeling,Unknown
Skin Peeling,Vomiting,Low Blood Pressure,Weakness,Rapid Heart Rate,Abdominal Pain,Diarrhea,Malaria
Chest Pain,Loss of Smell,Ear Pain,Swollen Lymph Nodes,High Blood Pressure,Sore Throat,Blurred Vision,Strep Throat
Diarrhea,Low Blood Pressure,Loss of Taste,Skin Redness,Rash,Skin Peeling,Sweating,Unknown
Chest Pain,Loss of Taste,Joint Pain,Rash,Rapid Heart Rate,Swollen Lymph Nodes,Abdominal Pain,Unknown
Runny Nose,Vomiting,Chest Pain,Fatigue,Rapid Heart Rate,Skin Redness,Chills,Malaria
Confusion,Fatigue,Skin Peeling,High Blood Pressure,Chills,Sweating,Dizziness,Unknown
Swollen Lymph Nodes,Abdominal Pain,Cough,Rash,Skin Peeling,Diarrhea,Loss of Taste,Unknown
Chills,Low Blood Pressure,Muscle Pain,Vomiting,Confusion,Chest Pain,Headache,Flu
Loss of Appetite,Fatigue,Low Blood Pressure,Sweating,Weakness,Diarrhea,Shortness of Breath,Pneumonia
Skin Redness,Headache,Nausea,Vomiting,Difficulty Swallowing,Sweating,Joint Pain,Food Poisoning
Fatigue,Shortness of Breath,Confusion,Headache,Skin Peeling,Low Blood Pressure,Fever,Pneumonia
Sore Throat,Blurred Vision,Weakness,Diarrhea,Loss of Taste,Shortness of Breath,Headache,Typhoid
Chest Pain,Weakness,Fatigue,Loss of Taste,Abdominal Pain,Sweating,Blurred Vision,COVID-19
Diarrhea,Headache,Abdominal Pain,Loss of Appetite,Dizziness,Ear Pain,Sweating,Meningitis
Swollen Lymph Nodes,Chest Pain,Cough,Confusion,Vomiting,Chills,Loss of Smell,Unknown
Ear Pain,Abdominal Pain,Fever,Shortness of Breath,Muscle Pain,Chills,Loss of Taste,Meningitis
Chills,Fatigue,Low Blood Pressure,Ear Pain,High Blood Pressure,Headache,Rash,Hypertension
Loss of Taste,Headache,Skin Peeling,Chills,Abdominal Pain,High Blood Pressure,Swollen Lymph Nodes,Dengue
Rash,Blurred Vision,Fatigue,Difficulty Swallowing,Chills,Skin Redness,Cough,Cold
Sore Throat,Fatigue,Swollen Lymph Nodes,Dizziness,Loss of Smell,Rash,Sweating,Unknown
Loss of Taste,Muscle Pain,Fatigue,Cough,Headache,Loss of Appetite,Rapid Heart Rate,Flu
Cough,Rapid Heart Rate,Loss of Appetite,Chest Pain,High Blood Pressure,Runny Nose,Muscle Pain,Hypotension
Loss of Smell,Abdominal Pain,Dizziness,Swollen Lymph Nodes,Confusion,Nausea,Ear Pain,Unknown
Rapid Heart Rate,Vomiting,Runny Nose,Swollen Lymph Nodes,Loss of Appetite,Difficulty Swallowing,Nausea,Strep Throat
Swollen Lymph Nodes,Fever,Weakness,Blurred Vision,Rash,Confusion,Ear Pain,Unknown
Abdominal Pain,Blurred Vision,Joint Pain,Muscle Pain,Runny Nose,Cough,Ear Pain,Migraine
Rash,Loss of Appetite,Shortness of Breath,Weakness,Cough,Confusion,Vomiting,Unknown
Fever,Skin Redness,Low Blood Pressure,Diarrhea,Headache,Shortness of Breath,Rash,Hypotension
Fatigue,Loss of Taste,Loss of Appetite,Sore Throat,Loss of Smell,Nausea,Swollen Lymph Nodes,Migraine
Runny Nose,Dizziness,Fever,Skin Redness,Blurred Vision,High Blood Pressure,Swollen Lymph Nodes,Scarlet Fever
Difficulty Swallowing,Muscle Pain,Skin Peeling,High Blood Pressure,Nausea,Dizziness,Chest Pain,Scarlet Fever
High Blood Pressure,Swollen Lymph Nodes,Vomiting,Skin Peeling,Chest Pain,Sore Throat,Difficulty Swallowing,Scarlet Fever
Abdominal Pain,Dizziness,Swollen Lymph Nodes,Muscle Pain,Cough,Vomiting,Difficulty Swallowing,Hypertension
Loss of Appetite,Fatigue,Runny Nose,Weakness,Vomiting,Swollen Lymph Nodes,Joint Pain,Unknown
Vomiting,Dizziness,Runny Nose,Swollen Lymph Nodes,Low Blood Pressure,Ear Pain,Nausea,Strep Throat
Muscle Pain,Skin Redness,Fever,Loss of Smell,Chest Pain,Swollen Lymph Nodes,Weakness,Unknown
Fatigue,Diarrhea,Sweating,Shortness of Breath,Difficulty Swallowing,Confusion,Sore Throat,Strep Throat
Skin Peeling,Nausea,Weakness,Low Blood Pressure,Rapid Heart Rate,High Blood Pressure,Abdominal Pain,Typhoid
Skin Redness,Runny Nose,Fatigue,Diarrhea,Cough,Abdominal Pain,Vomiting,Unknown
Headache,Rash,Rapid Heart Rate,Skin Peeling,Weakness,Sore Throat,Joint Pain,Strep Throat
Ear Pain,Diarrhea,Sweating,Abdominal Pain,Fever,Sore Throat,Confusion,Flu
Loss of Appetite,Chest Pain,Difficulty Swallowing,Confusion,Fever,Cough,Shortness of Breath,Strep Throat
Runny Nose,Shortness of Breath,Vomiting,Fatigue,Chest Pain,Sweating,Dizziness,Unknown
Skin Peeling,Muscle Pain,Runny Nose,Rash,High Blood Pressure,Loss of Smell,Sore Throat,Scarlet Fever
Loss of Appetite,Blurred Vision,Nausea,Chills,Diarrhea,Rash,Fever,COVID-19
Vomiting,Muscle Pain,Fever,Rash,Weakness,Skin Peeling,Rapid Heart Rate,Malaria
Nausea,Sweating,Loss of Appetite,Rash,Headache,Chest Pain,Confusion,Meningitis
Rash,Confusion,Runny Nose,Chest Pain,Cough,Loss of Taste,Ear Pain,Dengue
Swollen Lymph Nodes,Sore Throat,Loss of Taste,Skin Redness,High Blood Pressure,Rapid Heart Rate,Chest Pain,Unknown
Loss of Appetite,Fatigue,High Blood Pressure,Abdominal Pain,Blurred Vision,Loss of Taste,Swollen Lymph Nodes,Unknown
Skin Peeling,Blurred Vision,Sweating,Chest Pain,Fever,Low Blood Pressure,Weakness,Malaria
Muscle Pain,Loss of Smell,Swollen Lymph Nodes,Rapid Heart Rate,Difficulty Swallowing,Runny Nose,Cough,Unknown
Joint Pain,Difficulty Swallowing,Swollen Lymph Nodes,Rapid Heart Rate,Nausea,Ear Pain,Sore Throat,Meningitis
Headache,Muscle Pain,Diarrhea,Blurred Vision,Vomiting,Loss of Smell,Low Blood Pressure,Unknown
Fatigue,Swollen Lymph Nodes,Weakness,Rapid Heart Rate,Joint Pain,Vomiting,Nausea,Dengue
High Blood Pressure,Headache,Chills,Diarrhea,Dizziness,Chest Pain,Confusion,Pneumonia
Low Blood Pressure,Blurred Vision,Headache,Fever,Swollen Lymph Nodes,High Blood Pressure,Difficulty Swallowing,Ear Infection
Low Blood Pressure,Dizziness,Joint Pain,Abdominal Pain,Muscle Pain,Skin Peeling,Cough,COVID-19
Difficulty Swallowing,Ear Pain,Swollen Lymph Nodes,Chills,Skin Peeling,Fever,Rash,Unknown
Vomiting,Fatigue,Loss of Smell,Difficulty Swallowing,Chest Pain,Chills,High Blood Pressure,Unknown
Sweating,Swollen Lymph Nodes,Rash,Ear Pain,Shortness of Breath,Loss of Taste,Muscle Pain,Strep Throat
Headache,Confusion,Diarrhea,Chest Pain,Vomiting,Swollen Lymph Nodes,Muscle Pain,Unknown
Runny Nose,Vomiting,Low Blood Pressure,Fatigue,Blurred Vision,Diarrhea,Rash,Unknown
Weakness,Fatigue,Abdominal Pain,Rapid Heart Rate,Cough,Skin Redness,Skin Peeling,Scarlet Fever
Runny Nose,Low Blood Pressure,Chills,Dizziness,Cough,Nausea,Rash,Cold
Shortness of Breath,Vomiting,Loss of Appetite,Sore Throat,Blurred Vision,Joint Pain,Swollen Lymph Nodes,Typhoid
Shortness of Breath,Loss of Taste,Sore Throat,Low Blood Pressure,High Blood Pressure,Blurred Vision,Loss of Smell,Unknown
Confusion,Nausea,Loss of Appetite,Chest Pain,Fatigue,Loss of Smell,Runny Nose,Unknown
Low Blood Pressure,Ear Pain,Rapid Heart Rate,Confusion,Headache,Loss of Smell,Weakness,Unknown
Nausea,Sweating,Cough,Sore Throat,Dizziness,Fever,Blurred Vision,COVID-19
Loss of Smell,High Blood Pressure,Swollen Lymph Nodes,Sore Throat,Muscle Pain,Fatigue,Diarrhea,Hypertension
Fatigue,Runny Nose,Loss of Smell,Vomiting,Low Blood Pressure,Muscle Pain,Sweating,Malaria
Chills,Shortness of Breath,High Blood Pressure,Runny Nose,Rapid Heart Rate,Sore Throat,Skin Peeling,Hypotension
Diarrhea,Rash,Abdominal Pain,Loss of Smell,Chest Pain,Ear Pain,Loss of Appetite,Ear Infection
Abdominal Pain,Joint Pain,Swollen Lymph Nodes,Rash,Difficulty Swallowing,Shortness of Breath,Loss of Smell,Unknown
Loss of Taste,Rapid Heart Rate,Ear Pain,Fever,Loss of Appetite,Nausea,Runny Nose,Flu
Loss of Smell,Vomiting,Skin Peeling,Runny Nose,Fever,Chills,Headache,Migraine
Abdominal Pain,Muscle Pain,Joint Pain,Skin Peeling,Weakness,Swollen Lymph Nodes,Difficulty Swallowing,Unknown
High Blood Pressure,Loss of Appetite,Fever,Headache,Runny Nose,Joint Pain,Rapid Heart Rate,COVID-19
Joint Pain,Loss of Appetite,Skin Peeling,Muscle Pain,Shortness of Breath,Ear Pain,Rapid Heart Rate,Ear Infection
Nausea,Abdominal Pain,Sore Throat,Chest Pain,Vomiting,Shortness of Breath,Low Blood Pressure,Scarlet Fever
Dizziness,Chills,Sore Throat,Fatigue,High Blood Pressure,Headache,Skin Peeling,Meningitis
Chest Pain,Sweating,Fever,Loss of Smell,Dizziness,Blurred Vision,Headache,Flu
Shortness of Breath,Blurred Vision,Cough,Sore Throat,Chills,Rash,Joint Pain,Pneumonia
Skin Peeling,Shortness of Breath,Muscle Pain,Skin Redness,Loss of Taste,Sore Throat,Chills,Unknown
Chills,Skin Redness,Abdominal Pain,Joint Pain,Sore Throat,Headache,Weakness,Food Poisoning
Confusion,Sore Throat,Chest Pain,Muscle Pain,Vomiting,Abdominal Pain,Skin Peeling,Unknown
Swollen Lymph Nodes,Shortness of Breath,Joint Pain,Sore Throat,Diarrhea,Chills,Dizziness,Flu
Fatigue,Skin Peeling,Rapid Heart Rate,Low Blood Pressure,Blurred Vision,Headache,Muscle Pain,Cold
Fever,Abdominal Pain,Headache,Chills,Difficulty Swallowing,Nausea,Rash,Food Poisoning
Ear Pain,Runny Nose,Loss of Smell,Blurred Vision,Joint Pain,Vomiting,Swollen Lymph Nodes,COVID-19
Muscle Pain,Rash,Runny Nose,Skin Peeling,Weakness,Fatigue,Fever,Cold
Sore Throat,Ear Pain,Loss of Appetite,Runny Nose,Sweating,Weakness,Muscle Pain,Unknown
Cough,Swollen Lymph Nodes,Blurred Vision,Skin Peeling,Weakness,Headache,Shortness of Breath,Unknown
Chills,Shortness of Breath,Skin Redness,Loss of Taste,Fever,Dizziness,Blurred Vision,Malaria
Weakness,High Blood Pressure,Loss of Appetite,Blurred Vision,Chills,Skin Redness,Rash,Unknown
Vomiting,Blurred Vision,Loss of Smell,Abdominal Pain,Muscle Pain,Swollen Lymph Nodes,Chills,Dengue
Runny Nose,Vomiting,Weakness,Headache,Joint Pain,Cough,Chest Pain,Migraine
Loss of Appetite,Confusion,Runny Nose,Cough,Fever,Blurred Vision,Joint Pain,Pneumonia
Diarrhea,Skin Redness,Loss of Smell,Blurred Vision,Skin Peeling,Chest Pain,Chills,Unknown
Loss of Appetite,Confusion,Loss of Taste,Runny Nose,Headache,Fatigue,Fever,Pneumonia
Vomiting,Rapid Heart Rate,Loss of Taste,Loss of Smell,Skin Peeling,Skin Redness,Abdominal Pain,Unknown
Skin Redness,Fever,Headache,Runny Nose,Vomiting,Cough,Confusion,Scarlet Fever
Rapid Heart Rate,Low Blood Pressure,Blurred Vision,Shortness of Breath,Chills,Diarrhea,Sweating,Unknown
Loss of Smell,Loss of Taste,Runny Nose,Confusion,Difficulty Swallowing,Skin Redness,Muscle Pain,Scarlet Fever
Swollen Lymph Nodes,Loss of Taste,Rash,Sore Throat,Weakness,Vomiting,Loss of Smell,Scarlet Fever
Joint Pain,Skin Redness,Chest Pain,Blurred Vision,High Blood Pressure,Chills,Sweating,Unknown
Rapid Heart Rate,Fatigue,Joint Pain,Low Blood Pressure,Sweating,Shortness of Breath,Diarrhea,Cold
Vomiting,Difficulty Swallowing,Confusion,Chills,Diarrhea,Muscle Pain,Blurred Vision,Unknown
Low Blood Pressure,Skin Redness,Fatigue,Rapid Heart Rate,Sweating,Cough,Shortness of Breath,Hypertension
Rash,Skin Peeling,Sore Throat,Confusion,Headache,Abdominal Pain,Blurred Vision,Malaria
Skin Redness,Headache,Sore Throat,Shortness of Breath,Skin Peeling,Cough,Fever,Migraine
High Blood Pressure,Skin Peeling,Dizziness,Sweating,Swollen Lymph Nodes,Cough,Rapid Heart Rate,Hypotension
Joint Pain,Swollen Lymph Nodes,Fever,Skin Peeling,Fatigue,Diarrhea,Skin Redness,Pneumonia
Runny Nose,Nausea,Blurred Vision,Rash,Skin Peeling,Headache,Abdominal Pain,Food Poisoning
High Blood Pressure,Loss of Taste,Chills,Shortness of Breath,Skin Redness,Rapid Heart Rate,Skin Peeling,Unknown
Nausea,Headache,Blurred Vision,Cough,Vomiting,Loss of Appetite,Joint Pain,Hypertension
Chills,Vomiting,Nausea,Weakness,Low Blood Pressure,Loss of Appetite,Skin Peeling,Migraine
Rapid Heart Rate,Sore Throat,Confusion,Skin Redness,Shortness of Breath,Dizziness,Vomiting,COVID-19
Skin Peeling,Rash,Fever,Sweating,Swollen Lymph Nodes,Shortness of Breath,Joint Pain,Unknown
Nausea,Chills,Skin Peeling,Rash,Sweating,Skin Redness,Abdominal Pain,Unknown
Vomiting,Sore Throat,Nausea,Cough,Sweating,Loss of Appetite,Joint Pain,Meningitis
Chest Pain,Skin Peeling,Confusion,Headache,Joint Pain,Vomiting,Nausea,Unknown
Fatigue,Difficulty Swallowing,Weakness,High Blood Pressure,Nausea,Rash,Loss of Appetite,Strep Throat
Fever,Abdominal Pain,Shortness of Breath,Joint Pain,Swollen Lymph Nodes,Diarrhea,Sore Throat,Pneumonia
Swollen Lymph Nodes,Headache,Diarrhea,Cough,Joint Pain,Shortness of Breath,Loss of Taste,Migraine
Joint Pain,Skin Peeling,Shortness of Breath,High Blood Pressure,Abdominal Pain,Rapid Heart Rate,Ear Pain,Hypertension
Cough,Abdominal Pain,Blurred Vision,Muscle Pain,Confusion,Skin Peeling,Nausea,COVID-19
Fever,Fatigue,Diarrhea,Swollen Lymph Nodes,Low Blood Pressure,Confusion,Nausea,Ear Infection
Swollen Lymph Nodes,Nausea,Sweating,Loss of Smell,Fatigue,Dizziness,Rapid Heart Rate,Migraine
High Blood Pressure,Chest Pain,Blurred Vision,Rapid Heart Rate,Difficulty Swallowing,Weakness,Loss of Appetite,Strep Throat
Runny Nose,Rapid Heart Rate,Chest Pain,Abdominal Pain,Skin Peeling,Sore Throat,Nausea,Flu
Abdominal Pain,Cough,Nausea,Runny Nose,Rash,Chills,Shortness of Breath,Unknown
Chills,Vomiting,Dizziness,Confusion,Muscle Pain,Rash,Diarrhea,Unknown
Chest Pain,Loss of Taste,Skin Peeling,Sore Throat,Sweating,Fever,Headache,Migraine
Rash,Fever,Rapid Heart Rate,Blurred Vision,Loss of Appetite,Diarrhea,Abdominal Pain,Ear Infection
Headache,Loss of Smell,Blurred Vision,Skin Peeling,Fever,Fatigue,Shortness of Breath,COVID-19
Blurred Vision,High Blood Pressure,Loss of Appetite,Loss of Smell,Ear Pain,Chills,Vomiting,Hypertension
Sweating,Chest Pain,Muscle Pain,High Blood Pressure,Skin Redness,Fatigue,Joint Pain,Dengue
Skin Peeling,Cough,Skin Redness,Rash,Headache,Blurred Vision,Loss of Appetite,Scarlet Fever
Fatigue,Weakness,Muscle Pain,Ear Pain,Vomiting,Loss of Taste,Headache,Typhoid
Abdominal Pain,Sore Throat,Headache,Cough,Loss of Smell,Nausea,Chills,COVID-19
Fatigue,Muscle Pain,Weakness,Runny Nose,Low Blood Pressure,Sweating,Headache,Flu
Confusion,Rash,Loss of Appetite,Fatigue,Fever,Skin Peeling,Ear Pain,Scarlet Fever
Joint Pain,Sore Throat,Ear Pain,Rash,Dizziness,Skin Redness,Chills,Unknown
Fever,Diarrhea,High Blood Pressure,Chills,Rash,Shortness of Breath,Joint Pain,Strep Throat
Ear Pain,Vomiting,Sore Throat,Diarrhea,Fatigue,Runny Nose,Difficulty Swallowing,Strep Throat
Loss of Smell,Skin Peeling,Cough,Swollen Lymph Nodes,Difficulty Swallowing,Joint Pain,Muscle Pain,Pneumonia
Rash,Shortness of Breath,Loss of Smell,High Blood Pressure,Blurred Vision,Chills,Loss of Taste,Unknown
Loss of Taste,Fever,Skin Redness,Swollen Lymph Nodes,Abdominal Pain,Rapid Heart Rate,Diarrhea,Food Poisoning
Weakness,Skin Peeling,Runny Nose,Sore Throat,Confusion,Vomiting,Loss of Smell,Unknown
Abdominal Pain,Loss of Smell,Confusion,Dizziness,Sore Throat,Diarrhea,Muscle Pain,Unknown
Loss of Taste,Swollen Lymph Nodes,Fever,Headache,Abdominal Pain,Fatigue,Skin Redness,COVID-19
Low Blood Pressure,Difficulty Swallowing,Chills,High Blood Pressure,Runny Nose,Joint Pain,Weakness,Hypotension
Swollen Lymph Nodes,High Blood Pressure,Sweating,Difficulty Swallowing,Confusion,Low Blood Pressure,Skin Redness,Scarlet Fever
Fever,Muscle Pain,Low Blood Pressure,Blurred Vision,Loss of Taste,Runny Nose,Dizziness,Ear Infection
Sweating,Skin Redness,Joint Pain,Fatigue,Runny Nose,Loss of Appetite,Abdominal Pain,Dengue
Skin Redness,Loss of Smell,Ear Pain,Abdominal Pain,Sweating,Joint Pain,Chest Pain,Unknown
Chest Pain,Blurred Vision,Diarrhea,Low Blood Pressure,Fever,Rash,Fatigue,Hypertension
Ear Pain,Headache,Loss of Appetite,Loss of Taste,Rash,Nausea,Rapid Heart Rate,Dengue
Loss of Taste,Blurred Vision,Chills,Cough,Sweating,Difficulty Swallowing,Vomiting,Migraine
Chills,Cough,Muscle Pain,Fever,Sweating,Rash,Headache,Ear Infection
Headache,Loss of Taste,Sweating,Skin Peeling,Vomiting,Fever,Ear Pain,Pneumonia
Blurred Vision,Muscle Pain,Rash,Chills,Loss of Taste,Low Blood Pressure,Ear Pain,Unknown
Loss of Taste,High Blood Pressure,Muscle Pain,Abdominal Pain,Difficulty Swallowing,Low Blood Pressure,Skin Redness,Hypertension
Abdominal Pain,Vomiting,Swollen Lymph Nodes,Fatigue,Headache,Nausea,Runny Nose,COVID-19
Loss of Smell,Nausea,Runny Nose,Muscle Pain,Sore Throat,Loss of Appetite,High Blood Pressure,COVID-19
Sweating,Low Blood Pressure,Rapid Heart Rate,Fever,Skin Redness,Joint Pain,Chest Pain,Unknown
Sore Throat,Headache,Loss of Appetite,Rapid Heart Rate,Loss of Smell,Blurred Vision,Chills,Flu
Fatigue,Dizziness,Abdominal Pain,Confusion,Weakness,Loss of Smell,Low Blood Pressure,Unknown
Low Blood Pressure,Ear Pain,Diarrhea,Fatigue,Blurred Vision,Loss of Smell,Sweating,Malaria
Runny Nose,Nausea,Chills,Diarrhea,Cough,Sweating,Dizziness,Unknown
Sore Throat,Swollen Lymph Nodes,Loss of Taste,Dizziness,Weakness,Rapid Heart Rate,Diarrhea,COVID-19
Loss of Appetite,Ear Pain,Swollen Lymph Nodes,Muscle Pain,Difficulty Swallowing,Shortness of Breath,Loss of Taste,Pneumonia
Runny Nose,Skin Redness,Sweating,Sore Throat,Abdominal Pain,Confusion,Skin Peeling,Unknown
High Blood Pressure,Cough,Muscle Pain,Skin Redness,Abdominal Pain,Rapid Heart Rate,Sweating,COVID-19
Loss of Smell,Confusion,Sore Throat,Cough,Muscle Pain,High Blood Pressure,Fatigue,COVID-19
High Blood Pressure,Chills,Rapid Heart Rate,Loss of Smell,Fever,Headache,Ear Pain,Migraine
Joint Pain,Confusion,Sore Throat,Muscle Pain,Loss of Taste,Nausea,Headache,Unknown
Confusion,Sore Throat,Diarrhea,Weakness,Difficulty Swallowing,Low Blood Pressure,Vomiting,Meningitis
Abdominal Pain,Loss of Smell,Shortness of Breath,Difficulty Swallowing,Loss of Appetite,Sweating,Muscle Pain,Unknown
Dizziness,Fatigue,Vomiting,Loss of Appetite,High Blood Pressure,Low Blood Pressure,Headache,Unknown
Skin Peeling,Muscle Pain,Abdominal Pain,Headache,Joint Pain,Sweating,Vomiting,Unknown
Skin Redness,Loss of Taste,Chills,High Blood Pressure,Headache,Cough,Abdominal Pain,Meningitis
Vomiting,Nausea,Rash,Abdominal Pain,Ear Pain,Dizziness,Runny Nose,Ear Infection
Joint Pain,Loss of Smell,Sweating,Dizziness,Loss of Appetite,Skin Redness,Vomiting,Malaria
Sore Throat,Weakness,Cough,Confusion,High Blood Pressure,Skin Redness,Sweating,Unknown
Loss of Appetite,Abdominal Pain,Fatigue,Cough,Swollen Lymph Nodes,Confusion,Chills,Flu
Fever,Diarrhea,Rapid Heart Rate,Skin Redness,Difficulty Swallowing,Loss of Appetite,Rash,Unknown
Ear Pain,Loss of Taste,Vomiting,Muscle Pain,Nausea,Joint Pain,Abdominal Pain,COVID-19
Difficulty Swallowing,Fatigue,Loss of Appetite,Loss of Smell,Weakness,Blurred Vision,Sore Throat,Scarlet Fever
Chest Pain,Rapid Heart Rate,Swollen Lymph Nodes,Shortness of Breath,Weakness,Vomiting,Abdominal Pain,Unknown
Muscle Pain,Nausea,Vomiting,Confusion,Difficulty Swallowing,Dizziness,Ear Pain,Meningitis
Chills,Rapid Heart Rate,Fatigue,Muscle Pain,Vomiting,Blurred Vision,High Blood Pressure,Flu
Skin Peeling,High Blood Pressure,Vomiting,Dizziness,Weakness,Blurred Vision,Diarrhea,Unknown
Abdominal Pain,Fatigue,Dizziness,Rash,High Blood Pressure,Ear Pain,Fever,Hypertension
Dizziness,Sweating,Rash,Muscle Pain,Loss of Smell,Chills,Blurred Vision,Hypotension
Loss of Taste,Muscle Pain,Skin Redness,Skin Peeling,Cough,Shortness of Breath,Joint Pain,Unknown
Weakness,Shortness of Breath,Sweating,Fever,Skin Peeling,Abdominal Pain,Fatigue,Hypertension
Shortness of Breath,Loss of Smell,Low Blood Pressure,Diarrhea,Sweating,Nausea,Blurred Vision,Unknown
Cough,Difficulty Swallowing,Loss of Appetite,High Blood Pressure,Low Blood Pressure,Runny Nose,Rash,Hypertension
Weakness,Loss of Smell,Skin Peeling,Difficulty Swallowing,Chills,Abdominal Pain,Blurred Vision,Strep Throat
Cough,Nausea,Sore Throat,Diarrhea,Swollen Lymph Nodes,Headache,Runny Nose,Unknown
Nausea,Chills,Fatigue,Confusion,Abdominal Pain,Runny Nose,Loss of Taste,Meningitis
Low Blood Pressure,Muscle Pain,High Blood Pressure,Sweating,Swollen Lymph Nodes,Loss of Taste,Abdominal Pain,Malaria
Fatigue,Loss of Smell,Rapid Heart Rate,Low Blood Pressure,Joint Pain,Swollen Lymph Nodes,Abdominal Pain,Typhoid
Dizziness,Loss of Appetite,Low Blood Pressure,Blurred Vision,Loss of Taste,High Blood Pressure,Headache,Unknown
Nausea,Dizziness,Diarrhea,Abdominal Pain,Loss of Smell,Cough,Rapid Heart Rate,Unknown
Abdominal Pain,Ear Pain,Loss of Appetite,Chest Pain,Headache,Rapid Heart Rate,Joint Pain,Food Poisoning
Skin Peeling,High Blood Pressure,Nausea,Skin Redness,Low Blood Pressure,Fatigue,Rash,Cold
Loss of Smell,Difficulty Swallowing,Cough,Swollen Lymph Nodes,High Blood Pressure,Rash,Confusion,Meningitis
Ear Pain,Diarrhea,Swollen Lymph Nodes,Runny Nose,Dizziness,Rapid Heart Rate,Sore Throat,Hypotension
Shortness of Breath,Abdominal Pain,Fatigue,Loss of Appetite,Sweating,Dizziness,Headache,Cold
Skin Redness,Abdominal Pain,Rash,Loss of Appetite,Chills,Low Blood Pressure,Sweating,Unknown
Blurred Vision,Swollen Lymph Nodes,Skin Peeling,Runny Nose,Ear Pain,Dizziness,Loss of Smell,Scarlet Fever
Runny Nose,Sweating,Skin Peeling,Swollen Lymph Nodes,Loss of Appetite,Shortness of Breath,Cough,Typhoid
Fatigue,Runny Nose,Diarrhea,Loss of Taste,Confusion,Swollen Lymph Nodes,Dizziness,Meningitis
Sore Throat,Low Blood Pressure,Dizziness,Shortness of Breath,Blurred Vision,Ear Pain,Sweating,COVID-19
Nausea,Chills,Muscle Pain,Abdominal Pain,Diarrhea,Sore Throat,Headache,Ear Infection
Loss of Smell,Confusion,Fever,Blurred Vision,Cough,Dizziness,Rash,Unknown
Loss of Taste,Blurred Vision,Skin Peeling,Vomiting,Cough,Runny Nose,Ear Pain,Ear Infection
Chest Pain,Chills,Fatigue,Skin Peeling,Headache,Vomiting,Rapid Heart Rate,Cold
Rash,Abdominal Pain,Headache,High Blood Pressure,Low Blood Pressure,Blurred Vision,Shortness of Breath,Unknown
Sweating,Dizziness,Loss of Smell,Chest Pain,Skin Peeling,Chills,Loss of Appetite,Scarlet Fever
Cough,Abdominal Pain,Dizziness,Diarrhea,High Blood Pressure,Skin Peeling,Fatigue,Migraine
Fever,Chills,Loss of Appetite,Nausea,Fatigue,Runny Nose,Blurred Vision,Dengue
Loss of Appetite,Ear Pain,Dizziness,Swollen Lymph Nodes,Blurred Vision,Loss of Taste,Confusion,Unknown
Rapid Heart Rate,Skin Peeling,Diarrhea,Runny Nose,Confusion,Chest Pain,Fatigue,Typhoid
Sweating,Chest Pain,Loss of Taste,Nausea,Dizziness,Headache,Difficulty Swallowing,Unknown
Joint Pain,Loss of Appetite,Sore Throat,Loss of Taste,Fever,Muscle Pain,Abdominal Pain,Unknown
Headache,Sweating,Confusion,Loss of Smell,Low Blood Pressure,Shortness of Breath,Skin Peeling,Unknown
Chills,Diarrhea,Dizziness,Low Blood Pressure,Confusion,Runny Nose,Fever,Strep Throat
Runny Nose,Blurred Vision,Low Blood Pressure,Loss of Taste,Chest Pain,Loss of Smell,Sweating,Pneumonia
Sore Throat,Diarrhea,Rash,Loss of Appetite,Cough,Low Blood Pressure,Vomiting,Typhoid
Loss of Smell,Cough,Blurred Vision,Fatigue,Skin Redness,Fever,Diarrhea,Food Poisoning
High Blood Pressure,Muscle Pain,Ear Pain,Loss of Smell,Loss of Taste,Diarrhea,Shortness of Breath,COVID-19
Joint Pain,Nausea,Sweating,Chest Pain,Confusion,Shortness of Breath,Dizziness,Unknown
Low Blood Pressure,Difficulty Swallowing,Swollen Lymph Nodes,Loss of Smell,Muscle Pain,Abdominal Pain,Skin Redness,Unknown
Weakness,Loss of Taste,Skin Peeling,Muscle Pain,Confusion,Diarrhea,Cough,Pneumonia
Loss of Taste,Ear Pain,Joint Pain,Cough,Fever,Dizziness,Rapid Heart Rate,Flu
Loss of Appetite,Abdominal Pain,Headache,Confusion,Muscle Pain,Weakness,Fatigue,Ear Infection
Diarrhea,Muscle Pain,Cough,Loss of Smell,High Blood Pressure,Fever,Skin Redness,Flu
Blurred Vision,Dizziness,Rapid Heart Rate,Swollen Lymph Nodes,Runny Nose,Low Blood Pressure,Vomiting,Unknown
Skin Peeling,Chest Pain,Confusion,Fever,Muscle Pain,Chills,High Blood Pressure,COVID-19
Dizziness,Chills,Nausea,Abdominal Pain,Shortness of Breath,Cough,Low Blood Pressure,Cold
Loss of Appetite,Ear Pain,Cough,Chills,Runny Nose,Blurred Vision,Rash,Dengue
Ear Pain,Chills,Sweating,Fever,Blurred Vision,Skin Peeling,Loss of Appetite,Typhoid
Rash,Shortness of Breath,Diarrhea,Fever,Loss of Smell,Runny Nose,Joint Pain,Scarlet Fever
Rash,Fever,Chills,Loss of Taste,Shortness of Breath,Sweating,Dizziness,Meningitis
Dizziness,Rash,High Blood Pressure,Sore Throat,Skin Peeling,Chest Pain,Skin Redness,Scarlet Fever
Skin Redness,Cough,Fatigue,Sweating,Blurred Vision,Skin Peeling,Sore Throat,Malaria
Weakness,Fever,Cough,Abdominal Pain,Sore Throat,Low Blood Pressure,Skin Peeling,COVID-19
Skin Redness,Low Blood Pressure,Chills,Blurred Vision,Chest Pain,Rash,Loss of Smell,Unknown
High Blood Pressure,Vomiting,Shortness of Breath,Swollen Lymph Nodes,Skin Peeling,Loss of Taste,Ear Pain,Unknown
Abdominal Pain,Loss of Smell,Shortness of Breath,Sweating,Confusion,Fatigue,Fever,Unknown
Fever,Ear Pain,Low Blood Pressure,Fatigue,Dizziness,Rapid Heart Rate,Confusion,Meningitis
Chest Pain,Headache,Sore Throat,Loss of Smell,Skin Redness,Loss of Appetite,Rash,Scarlet Fever
Shortness of Breath,Diarrhea,Nausea,Confusion,Loss of Appetite,Rash,Vomiting,Migraine
Blurred Vision,Difficulty Swallowing,Vomiting,Skin Redness,Loss of Appetite,Nausea,Loss of Taste,Scarlet Fever
Fatigue,Loss of Taste,Muscle Pain,Runny Nose,Diarrhea,Headache,High Blood Pressure,Dengue
Blurred Vision,Sweating,Sore Throat,Abdominal Pain,Dizziness,Swollen Lymph Nodes,Rapid Heart Rate,Typhoid
Runny Nose,Difficulty Swallowing,Fever,Sweating,Rash,Loss of Smell,Dizziness,Ear Infection
Runny Nose,Diarrhea,Vomiting,Blurred Vision,High Blood Pressure,Loss of Taste,Ear Pain,Food Poisoning
Headache,Nausea,Fever,Rapid Heart Rate,Joint Pain,High Blood Pressure,Loss of Smell,Flu
Rapid Heart Rate,Cough,Diarrhea,Shortness of Breath,Nausea,Sweating,Swollen Lymph Nodes,Migraine
Joint Pain,Sore Throat,Vomiting,Low Blood Pressure,Skin Peeling,Blurred Vision,Loss of Appetite,Scarlet Fever
Ear Pain,Rash,Loss of Smell,High Blood Pressure,Diarrhea,Headache,Blurred Vision,Unknown
Skin Redness,Diarrhea,Dizziness,Sore Throat,Ear Pain,Shortness of Breath,Low Blood Pressure,Cold
Headache,Ear Pain,Chest Pain,Loss of Smell,Low Blood Pressure,Muscle Pain,Weakness,Flu
Shortness of Breath,Skin Redness,Weakness,Runny Nose,Dizziness,Loss of Smell,Difficulty Swallowing,Pneumonia
Chest Pain,Joint Pain,Fatigue,Skin Redness,Rapid Heart Rate,Headache,Sweating,Flu
Rash,High Blood Pressure,Skin Peeling,Low Blood Pressure,Dizziness,Nausea,Loss of Appetite,Unknown
Vomiting,Loss of Taste,Difficulty Swallowing,Cough,Ear Pain,Fever,Sore Throat,Unknown
Muscle Pain,Difficulty Swallowing,Fatigue,Fever,Shortness of Breath,Rapid Heart Rate,Loss of Appetite,Typhoid
Loss of Appetite,Weakness,Skin Redness,Rash,Abdominal Pain,Ear Pain,Dizziness,Migraine
Weakness,Sweating,Joint Pain,Ear Pain,Diarrhea,High Blood Pressure,Fatigue,Dengue
Nausea,Skin Redness,Rash,Joint Pain,Rapid Heart Rate,Fever,Fatigue,Food Poisoning
Fever,Diarrhea,Chills,Cough,Low Blood Pressure,Sweating,Skin Peeling,Food Poisoning
Runny Nose,Confusion,Swollen Lymph Nodes,Diarrhea,Sweating,Fever,Headache,Scarlet Fever
Chills,Rash,Diarrhea,Muscle Pain,Fatigue,Blurred Vision,Sore Throat,Dengue
Vomiting,Skin Redness,Swollen Lymph Nodes,Runny Nose,Ear Pain,Chills,Sore Throat,Unknown
High Blood Pressure,Skin Peeling,Fever,Sweating,Chest Pain,Shortness of Breath,Blurred Vision,Ear Infection
Blurred Vision,Low Blood Pressure,Vomiting,Fever,Rapid Heart Rate,Runny Nose,Sweating,Flu
Sweating,Abdominal Pain,Low Blood Pressure,Joint Pain,Fatigue,Diarrhea,Headache,Meningitis
Rash,Loss of Smell,High Blood Pressure,Blurred Vision,Chest Pain,Low Blood Pressure,Sweating,Unknown
Weakness,Chest Pain,Rapid Heart Rate,Ear Pain,Dizziness,Fatigue,Vomiting,Pneumonia
Weakness,Loss of Appetite,Low Blood Pressure,Diarrhea,Nausea,Runny Nose,Sweating,Unknown
Loss of Smell,Dizziness,Difficulty Swallowing,High Blood Pressure,Nausea,Swollen Lymph Nodes,Skin Redness,Unknown
Loss of Taste,Ear Pain,Confusion,Headache,Swollen Lymph Nodes,Chills,Vomiting,Unknown
Rash,Muscle Pain,Cough,Nausea,Joint Pain,Blurred Vision,Sweating,Pneumonia
Difficulty Swallowing,Loss of Smell,Joint Pain,Fatigue,Nausea,Abdominal Pain,Blurred Vision,Typhoid
Chills,Headache,Shortness of Breath,Dizziness,Nausea,Weakness,Swollen Lymph Nodes,Migraine
Sore Throat,Runny Nose,Loss of Appetite,Loss of Smell,Ear Pain,Sweating,Nausea,Food Poisoning
Confusion,Joint Pain,Sore Throat,Headache,Muscle Pain,Chills,Rash,Dengue
Headache,Abdominal Pain,Sore Throat,Sweating,Diarrhea,Difficulty Swallowing,Nausea,Unknown
Nausea,Runny Nose,Ear Pain,Swollen Lymph Nodes,Loss of Appetite,Confusion,Chills,Unknown
Muscle Pain,Rash,Headache,Chills,Ear Pain,Loss of Taste,Vomiting,Unknown
Muscle Pain,Shortness of Breath,Headache,Nausea,Rapid Heart Rate,Ear Pain,Loss of Smell,Unknown
Weakness,Loss of Taste,Skin Peeling,Ear Pain,Nausea,Joint Pain,Swollen Lymph Nodes,Unknown
Confusion,Nausea,Difficulty Swallowing,Ear Pain,Vomiting,Sore Throat,Swollen Lymph Nodes,Unknown
Sore Throat,Rash,Ear Pain,Runny Nose,Diarrhea,Abdominal Pain,Joint Pain,Strep Throat
Low Blood Pressure,Fever,Dizziness,Runny Nose,Nausea,High Blood Pressure,Vomiting,Hypotension
Low Blood Pressure,Nausea,Sore Throat,Headache,Rash,Fatigue,Skin Peeling,Food Poisoning
Ear Pain,Abdominal Pain,Sore Throat,Low Blood Pressure,Headache,Rash,Cough,Scarlet Fever
Loss of Smell,Chest Pain,Low Blood Pressure,Dizziness,High Blood Pressure,Loss of Taste,Fatigue,Unknown
Abdominal Pain,Blurred Vision,Cough,Joint Pain,Fatigue,Loss of Taste,Sweating,Unknown
Low Blood Pressure,Fever,Loss of Smell,Joint Pain,Loss of Appetite,Skin Redness,Confusion,Pneumonia
Vomiting,Loss of Appetite,Fever,Skin Redness,Ear Pain,Sweating,Nausea,Dengue
Rash,Loss of Smell,Skin Peeling,Sweating,Skin Redness,Vomiting,Fatigue,Malaria
Diarrhea,Cough,Chest Pain,Vomiting,Muscle Pain,Skin Peeling,Confusion,Scarlet Fever
Loss of Taste,Rapid Heart Rate,Weakness,Chest Pain,Joint Pain,Vomiting,Muscle Pain,Hypotension
Headache,Loss of Appetite,Blurred Vision,Chest Pain,Loss of Smell,Difficulty Swallowing,Sore Throat,Cold
Loss of Taste,Sore Throat,Joint Pain,Difficulty Swallowing,Nausea,Runny Nose,Abdominal Pain,Unknown
Dizziness,Difficulty Swallowing,Sore Throat,Fever,High Blood Pressure,Sweating,Loss of Appetite,Malaria
Headache,Loss of Smell,Runny Nose,Ear Pain,Rapid Heart Rate,Loss of Appetite,Loss of Taste,Hypertension
Runny Nose,High Blood Pressure,Confusion,Fever,Loss of Appetite,Ear Pain,Blurred Vision,Unknown
Dizziness,Chest Pain,Fever,Vomiting,Blurred Vision,Abdominal Pain,Rash,Food Poisoning
Cough,Rash,Skin Redness,Headache,Ear Pain,Weakness,Skin Peeling,Pneumonia
Weakness,Loss of Taste,Sweating,Nausea,Skin Redness,Dizziness,Abdominal Pain,Meningitis
Loss of Appetite,Loss of Smell,Vomiting,Headache,Diarrhea,Chest Pain,Difficulty Swallowing,Food Poisoning
Headache,Loss of Taste,Rash,Sweating,Confusion,Chills,Difficulty Swallowing,Ear Infection
Cough,Weakness,Difficulty Swallowing,Runny Nose,Shortness of Breath,Chills,Fatigue,COVID-19
Confusion,Shortness of Breath,Weakness,Abdominal Pain,Rash,Chest Pain,Fatigue,Unknown
Skin Peeling,Diarrhea,Rapid Heart Rate,Joint Pain,Headache,Chills,Muscle Pain,Unknown
Chills,Ear Pain,Difficulty Swallowing,Loss of Taste,Rapid Heart Rate,Sore Throat,Fatigue,Scarlet Fever
Abdominal Pain,Swollen Lymph Nodes,Sweating,Difficulty Swallowing,Skin Peeling,Vomiting,Rapid Heart Rate,Strep Throat
Joint Pain,Sore Throat,Fever,Weakness,Loss of Appetite,Sweating,Skin Peeling,Hypotension
Sweating,Dizziness,Shortness of Breath,Joint Pain,Loss of Appetite,Sore Throat,Nausea,Meningitis
Loss of Smell,Diarrhea,Weakness,High Blood Pressure,Cough,Sore Throat,Chills,Unknown
Loss of Taste,Headache,Difficulty Swallowing,Skin Peeling,Diarrhea,Sweating,Shortness of Breath,Unknown
Dizziness,Weakness,Ear Pain,Abdominal Pain,Loss of Smell,Vomiting,Rash,Food Poisoning
Ear Pain,Abdominal Pain,Chills,Headache,Confusion,Skin Redness,Weakness,Flu
Abdominal Pain,Muscle Pain,Diarrhea,Loss of Appetite,Shortness of Breath,Nausea,Weakness,Unknown
Diarrhea,Difficulty Swallowing,Vomiting,Sweating,Loss of Taste,Loss of Appetite,Cough,Unknown
Confusion,Fatigue,Joint Pain,Headache,Vomiting,Runny Nose,Swollen Lymph Nodes,Dengue
Shortness of Breath,Fatigue,Ear Pain,Fever,Chills,Confusion,Loss of Smell,Ear Infection
Runny Nose,Joint Pain,Sweating,Headache,Skin Peeling,Diarrhea,Difficulty Swallowing,Migraine
Low Blood Pressure,Rash,Joint Pain,Shortness of Breath,High Blood Pressure,Loss of Taste,Ear Pain,Unknown
Diarrhea,Skin Peeling,Weakness,Joint Pain,Fever,Muscle Pain,Fatigue,Flu
Chills,Loss of Appetite,Weakness,Diarrhea,Vomiting,Sweating,Skin Peeling,Unknown
Confusion,Weakness,Swollen Lymph Nodes,Skin Redness,Cough,Joint Pain,Chest Pain,Flu
High Blood Pressure,Muscle Pain,Vomiting,Joint Pain,Shortness of Breath,Rapid Heart Rate,Runny Nose,Dengue
Muscle Pain,Ear Pain,Blurred Vision,Weakness,Cough,Vomiting,Rash,Typhoid
Joint Pain,Sore Throat,Skin Peeling,Nausea,Chest Pain,Sweating,Loss of Appetite,Scarlet Fever
Dizziness,Cough,Sweating,Diarrhea,Blurred Vision,Nausea,Rapid Heart Rate,Unknown
Skin Redness,Loss of Appetite,Fever,Rapid Heart Rate,Low Blood Pressure,Runny Nose,Swollen Lymph Nodes,Cold
High Blood Pressure,Diarrhea,Rapid Heart Rate,Loss of Taste,Loss of Smell,Swollen Lymph Nodes,Headache,Ear Infection
Fatigue,Muscle Pain,High Blood Pressure,Cough,Headache,Loss of Smell,Low Blood Pressure,Typhoid
Ear Pain,Runny Nose,Skin Peeling,Fever,Confusion,Chest Pain,Weakness,Strep Throat
Weakness,Runny Nose,Confusion,Shortness of Breath,Swollen Lymph Nodes,Muscle Pain,Nausea,Hypotension
Low Blood Pressure,Ear Pain,Skin Peeling,Nausea,Sore Throat,High Blood Pressure,Dizziness,Flu
Low Blood Pressure,Skin Redness,Abdominal Pain,Skin Peeling,Loss of Smell,Ear Pain,Joint Pain,Hypotension
Cough,Nausea,Vomiting,Joint Pain,Headache,Chills,Skin Redness,Dengue
Ear Pain,Loss of Taste,Cough,Skin Redness,Sweating,Swollen Lymph Nodes,Low Blood Pressure,Flu
Cough,Confusion,Skin Redness,Loss of Taste,Low Blood Pressure,Sweating,Blurred Vision,Unknown
Fever,Nausea,Loss of Taste,Fatigue,Ear Pain,Chills,Rapid Heart Rate,Hypotension
Headache,Chills,Shortness of Breath,High Blood Pressure,Fatigue,Sweating,Diarrhea,Typhoid
Blurred Vision,Loss of Appetite,Loss of Taste,Confusion,Diarrhea,Dizziness,Fatigue,Unknown
Chest Pain,Fatigue,Loss of Taste,Fever,Cough,Loss of Smell,Diarrhea,Unknown
Difficulty Swallowing,Diarrhea,Vomiting,Nausea,Sore Throat,Headache,Rash,Hypertension
Cough,Confusion,Muscle Pain,Sweating,Dizziness,Fever,Joint Pain,Dengue
Vomiting,Chills,Dizziness,Sore Throat,Confusion,High Blood Pressure,Weakness,Hypotension
Swollen Lymph Nodes,Chills,Fatigue,Confusion,Dizziness,Loss of Taste,Weakness,Meningitis
Skin Redness,Rash,Shortness of Breath,Loss of Taste,Sore Throat,Fatigue,Ear Pain,Ear Infection
Sweating,Weakness,Vomiting,Ear Pain,Loss of Taste,Rapid Heart Rate,Loss of Appetite,Unknown
Nausea,Vomiting,Rapid Heart Rate,Ear Pain,Fever,Fatigue,Low Blood Pressure,Meningitis
Abdominal Pain,Nausea,Confusion,Chest Pain,Muscle Pain,Sweating,Skin Peeling,Scarlet Fever
Ear Pain,Nausea,Chest Pain,Cough,Dizziness,Rash,Weakness,Hypertension
Ear Pain,Diarrhea,Skin Peeling,Sweating,Headache,Fever,Shortness of Breath,COVID-19
Low Blood Pressure,Diarrhea,Joint Pain,Sore Throat,Skin Peeling,Fatigue,Chills,Strep Throat
Diarrhea,Shortness of Breath,Chills,Headache,Runny Nose,Low Blood Pressure,Chest Pain,Meningitis
Skin Peeling,Headache,Diarrhea,Sore Throat,Rash,Loss of Smell,Loss of Appetite,COVID-19
Fatigue,Loss of Smell,Rash,Weakness,Chills,Loss of Taste,Abdominal Pain,Food Poisoning
Confusion,Fatigue,Nausea,Skin Redness,Diarrhea,Headache,Abdominal Pain,Food Poisoning
Shortness of Breath,Fatigue,Sweating,Muscle Pain,Difficulty Swallowing,Skin Redness,Runny Nose,Flu
Headache,Swollen Lymph Nodes,Fever,Chest Pain,Ear Pain,Dizziness,Vomiting,Meningitis
Difficulty Swallowing,Rapid Heart Rate,Abdominal Pain,Blurred Vision,Cough,Sore Throat,Ear Pain,Cold
Muscle Pain,Rapid Heart Rate,Weakness,Swollen Lymph Nodes,Abdominal Pain,Loss of Smell,Difficulty Swallowing,Unknown
Nausea,Abdominal Pain,Chest Pain,Loss of Smell,Shortness of Breath,Rash,Fever,Strep Throat
Skin Peeling,Sore Throat,Low Blood Pressure,High Blood Pressure,Ear Pain,Runny Nose,Fatigue,COVID-19
Weakness,Loss of Appetite,Skin Redness,Ear Pain,Shortness of Breath,Chills,Sore Throat,Cold
Weakness,Vomiting,Rash,Loss of Smell,Low Blood Pressure,Cough,Abdominal Pain,Pneumonia
Dizziness,Runny Nose,High Blood Pressure,Loss of Taste,Swollen Lymph Nodes,Skin Peeling,Blurred Vision,Unknown
Loss of Appetite,Fatigue,Low Blood Pressure,Vomiting,Dizziness,Abdominal Pain,Loss of Taste,COVID-19
Skin Redness,Cough,Low Blood Pressure,High Blood Pressure,Blurred Vision,Runny Nose,Dizziness,Unknown
Skin Peeling,Skin Redness,Sweating,Runny Nose,Chest Pain,Rapid Heart Rate,Shortness of Breath,Scarlet Fever
Nausea,Skin Redness,Loss of Smell,Sore Throat,Fever,Shortness of Breath,Confusion,Meningitis
Diarrhea,Nausea,Fever,Swollen Lymph Nodes,Chills,Loss of Smell,Shortness of Breath,Unknown
Low Blood Pressure,Sore Throat,Diarrhea,Confusion,Loss of Appetite,Chills,Skin Peeling,Unknown
Fever,Shortness of Breath,Abdominal Pain,Sweating,Runny Nose,Joint Pain,Vomiting,Scarlet Fever
Weakness,Skin Redness,Difficulty Swallowing,Runny Nose,Joint Pain,Rash,Nausea,Food Poisoning
Loss of Smell,Sweating,Difficulty Swallowing,Loss of Taste,Blurred Vision,Confusion,Loss of Appetite,Unknown
Vomiting,Joint Pain,Nausea,Loss of Taste,Rash,High Blood Pressure,Low Blood Pressure,Hypertension
Chills,Muscle Pain,Sore Throat,High Blood Pressure,Diarrhea,Abdominal Pain,Ear Pain,Flu
Vomiting,Skin Redness,Swollen Lymph Nodes,Fever,Joint Pain,Confusion,Sweating,Meningitis
Weakness,Chills,Runny Nose,Sore Throat,Loss of Appetite,Difficulty Swallowing,Muscle Pain,Ear Infection
Diarrhea,Loss of Appetite,Ear Pain,Confusion,Cough,Blurred Vision,Weakness,Hypotension
Fatigue,Swollen Lymph Nodes,Diarrhea,Sweating,Fever,Loss of Smell,Chills,Flu
Headache,Vomiting,Chills,Muscle Pain,High Blood Pressure,Difficulty Swallowing,Shortness of Breath,Hypertension
Blurred Vision,Chest Pain,Diarrhea,Loss of Taste,Cough,Dizziness,Headache,Unknown
Low Blood Pressure,Fatigue,Loss of Smell,Ear Pain,Shortness of Breath,Headache,Loss of Appetite,Meningitis
Blurred Vision,Sore Throat,Loss of Taste,Ear Pain,Runny Nose,Shortness of Breath,Skin Redness,Unknown
Chest Pain,Abdominal Pain,Skin Peeling,High Blood Pressure,Chills,Diarrhea,Rash,Unknown
Skin Peeling,Loss of Smell,Rapid Heart Rate,Shortness of Breath,Blurred Vision,Vomiting,Sore Throat,Unknown
Chest Pain,Sweating,Abdominal Pain,Blurred Vision,Confusion,Headache,Skin Peeling,Ear Infection
Headache,Swollen Lymph Nodes,Rash,Joint Pain,Loss of Appetite,Cough,Runny Nose,Meningitis
Loss of Taste,Cough,Headache,Rapid Heart Rate,Fever,Chest Pain,Vomiting,Migraine
Diarrhea,Sore Throat,Dizziness,Blurred Vision,Abdominal Pain,Cough,Weakness,Unknown
Shortness of Breath,Fatigue,Low Blood Pressure,Fever,High Blood Pressure,Nausea,Weakness,COVID-19
Loss of Smell,Sore Throat,Loss of Taste,Runny Nose,Nausea,Rash,Fever,Migraine
Dizziness,Skin Peeling,Nausea,Sweating,Difficulty Swallowing,Ear Pain,Swollen Lymph Nodes,Migraine
Ear Pain,High Blood Pressure,Shortness of Breath,Cough,Abdominal Pain,Difficulty Swallowing,Sore Throat,Food Poisoning
Confusion,Loss of Appetite,Weakness,Dizziness,Fever,Chest Pain,Headache,Scarlet Fever
Nausea,Difficulty Swallowing,Weakness,Low Blood Pressure,Diarrhea,Headache,Rash,Unknown
Loss of Smell,Cough,Joint Pain,Fatigue,Rash,Diarrhea,Nausea,Unknown
Nausea,Fever,Muscle Pain,Headache,Abdominal Pain,Confusion,Rapid Heart Rate,Ear Infection
Runny Nose,Dizziness,Muscle Pain,Loss of Appetite,Sore Throat,Cough,Chills,Malaria
Cough,Abdominal Pain,Muscle Pain,Fatigue,Difficulty Swallowing,Runny Nose,Loss of Taste,Unknown
Confusion,Sore Throat,Runny Nose,Difficulty Swallowing,Ear Pain,Loss of Smell,Muscle Pain,Meningitis
Ear Pain,Diarrhea,Headache,Nausea,Cough,Fatigue,Confusion,Flu
Fever,Fatigue,Abdominal Pain,Loss of Smell,Headache,Chest Pain,Swollen Lymph Nodes,Unknown
Skin Peeling,Blurred Vision,Swollen Lymph Nodes,Vomiting,Dizziness,High Blood Pressure,Diarrhea,Unknown
Loss of Appetite,Cough,Weakness,Vomiting,Rash,Diarrhea,Swollen Lymph Nodes,Hypotension
Loss of Taste,Difficulty Swallowing,Loss of Appetite,Joint Pain,Shortness of Breath,Low Blood Pressure,Chest Pain,Ear Infection
Dizziness,Fatigue,Chest Pain,Sore Throat,Chills,Muscle Pain,Diarrhea,Malaria
Weakness,Swollen Lymph Nodes,Skin Redness,Skin Peeling,Chest Pain,Loss of Smell,Nausea,Hypotension
Cough,Sweating,High Blood Pressure,Weakness,Dizziness,Fever,Low Blood Pressure,Hypotension
Chest Pain,Low Blood Pressure,Muscle Pain,Rapid Heart Rate,Dizziness,Rash,Chills,Migraine
Low Blood Pressure,Chest Pain,Shortness of Breath,Loss of Appetite,Dizziness,Fever,Confusion,Typhoid
Abdominal Pain,Fatigue,Blurred Vision,Weakness,Difficulty Swallowing,Sweating,Skin Peeling,Hypertension
Weakness,Abdominal Pain,Headache,Skin Peeling,Loss of Appetite,Muscle Pain,Ear Pain,Unknown
Ear Pain,Loss of Smell,Blurred Vision,Difficulty Swallowing,Rapid Heart Rate,Skin Redness,Chills,Ear Infection
Cough,Diarrhea,Weakness,Joint Pain,Vomiting,Skin Redness,Chest Pain,Scarlet Fever
Low Blood Pressure,Rapid Heart Rate,Sweating,Ear Pain,Loss of Appetite,Nausea,Difficulty Swallowing,Hypotension
Sore Throat,Joint Pain,Skin Redness,Skin Peeling,Weakness,Vomiting,Muscle Pain,Hypotension
Sweating,Rash,Sore Throat,Cough,Chest Pain,Vomiting,Weakness,Unknown
Skin Peeling,High Blood Pressure,Skin Redness,Diarrhea,Abdominal Pain,Fever,Rash,Dengue
Shortness of Breath,Blurred Vision,Swollen Lymph Nodes,Sweating,Diarrhea,Loss of Appetite,Dizziness,Unknown
Skin Redness,Chest Pain,Loss of Appetite,Rapid Heart Rate,Diarrhea,Dizziness,Nausea,Unknown
Joint Pain,Low Blood Pressure,Loss of Smell,Abdominal Pain,Blurred Vision,Shortness of Breath,Sore Throat,Migraine
Muscle Pain,High Blood Pressure,Loss of Smell,Ear Pain,Rapid Heart Rate,Diarrhea,Loss of Appetite,Unknown
Cough,Confusion,Muscle Pain,Weakness,Rapid Heart Rate,Rash,Chest Pain,Flu
Shortness of Breath,Joint Pain,Ear Pain,Blurred Vision,Confusion,Rapid Heart Rate,Headache,Hypertension
Cough,Confusion,Joint Pain,Sweating,Chills,Loss of Smell,Swollen Lymph Nodes,Meningitis
Nausea,Abdominal Pain,High Blood Pressure,Rapid Heart Rate,Loss of Appetite,Ear Pain,Sore Throat,Meningitis
Shortness of Breath,Loss of Taste,High Blood Pressure,Joint Pain,Chest Pain,Skin Redness,Difficulty Swallowing,Unknown
Nausea,Runny Nose,Difficulty Swallowing,Swollen Lymph Nodes,Loss of Smell,Loss of Taste,Chills,Meningitis
Sweating,Joint Pain,Loss of Appetite,Chills,Shortness of Breath,Runny Nose,High Blood Pressure,Unknown
Fever,Skin Peeling,Sore Throat,Vomiting,Loss of Appetite,Diarrhea,Low Blood Pressure,Flu
High Blood Pressure,Swollen Lymph Nodes,Rash,Low Blood Pressure,Abdominal Pain,Difficulty Swallowing,Shortness of Breath,Hypertension
Diarrhea,Runny Nose,Vomiting,Sweating,Ear Pain,Confusion,Swollen Lymph Nodes,Unknown
Fever,Diarrhea,Rapid Heart Rate,Dizziness,Headache,High Blood Pressure,Confusion,Migraine
Loss of Taste,Runny Nose,Shortness of Breath,Ear Pain,Dizziness,Fever,Fatigue,Scarlet Fever
Rapid Heart Rate,Runny Nose,Vomiting,Ear Pain,Low Blood Pressure,Dizziness,Blurred Vision,Unknown
Vomiting,High Blood Pressure,Headache,Diarrhea,Swollen Lymph Nodes,Rapid Heart Rate,Shortness of Breath,COVID-19
Confusion,Joint Pain,Chills,Loss of Taste,Rash,Low Blood Pressure,Headache,Meningitis
Confusion,Rapid Heart Rate,Rash,Abdominal Pain,Vomiting,Skin Peeling,Sweating,Typhoid
Sore Throat,Weakness,High Blood Pressure,Fever,Vomiting,Chest Pain,Confusion,Food Poisoning
Sore Throat,Skin Peeling,Rash,Confusion,Shortness of Breath,Loss of Smell,Chest Pain,Unknown
Vomiting,Joint Pain,Chest Pain,Ear Pain,Swollen Lymph Nodes,Diarrhea,Confusion,Unknown
Shortness of Breath,Loss of Smell,Swollen Lymph Nodes,Low Blood Pressure,Loss of Taste,Rash,Difficulty Swallowing,Unknown
Headache,Weakness,Fatigue,Shortness of Breath,Difficulty Swallowing,Sweating,Nausea,COVID-19
Loss of Smell,Abdominal Pain,Skin Peeling,Dizziness,Sweating,Fatigue,Chest Pain,Scarlet Fever
Rash,Loss of Taste,Dizziness,Confusion,Runny Nose,Blurred Vision,Sore Throat,Dengue
Joint Pain,Rapid Heart Rate,Chest Pain,Loss of Taste,Abdominal Pain,Vomiting,Sweating,Unknown
Headache,Ear Pain,Skin Peeling,Skin Redness,Chills,Fever,Joint Pain,Meningitis
Loss of Smell,Vomiting,Chest Pain,Swollen Lymph Nodes,Diarrhea,Sore Throat,Low Blood Pressure,Pneumonia
Difficulty Swallowing,Cough,Fatigue,Loss of Smell,Rash,Muscle Pain,Fever,Cold
Low Blood Pressure,Chest Pain,Sore Throat,Swollen Lymph Nodes,Diarrhea,Abdominal Pain,High Blood Pressure,Strep Throat
Weakness,Difficulty Swallowing,Low Blood Pressure,Loss of Smell,Swollen Lymph Nodes,Runny Nose,Skin Redness,Unknown
Rash,Loss of Appetite,High Blood Pressure,Skin Peeling,Sweating,Skin Redness,Vomiting,Unknown
Skin Peeling,High Blood Pressure,Weakness,Chest Pain,Runny Nose,Shortness of Breath,Loss of Smell,Cold
Fatigue,High Blood Pressure,Low Blood Pressure,Loss of Smell,Sore Throat,Rapid Heart Rate,Skin Peeling,Flu
High Blood Pressure,Fatigue,Sore Throat,Loss of Taste,Loss of Appetite,Skin Peeling,Rapid Heart Rate,Cold
Fever,High Blood Pressure,Dizziness,Loss of Taste,Sore Throat,Nausea,Swollen Lymph Nodes,COVID-19
Rapid Heart Rate,Skin Redness,Runny Nose,Swollen Lymph Nodes,Chills,Sweating,Fever,COVID-19
Fatigue,Swollen Lymph Nodes,Fever,Skin Redness,Skin Peeling,Abdominal Pain,High Blood Pressure,Malaria
Difficulty Swallowing,Cough,Abdominal Pain,Confusion,Dizziness,Rash,Loss of Smell,Strep Throat
Muscle Pain,Ear Pain,Shortness of Breath,Chills,Skin Redness,Joint Pain,Sore Throat,Flu
Skin Redness,Ear Pain,Difficulty Swallowing,Rash,Low Blood Pressure,Headache,Shortness of Breath,Migraine
Swollen Lymph Nodes,Shortness of Breath,Cough,Chills,Muscle Pain,Runny Nose,Confusion,Meningitis
Dizziness,Ear Pain,High Blood Pressure,Weakness,Confusion,Loss of Appetite,Skin Redness,Typhoid
Sore Throat,Rapid Heart Rate,Loss of Appetite,Cough,Headache,Chest Pain,Fever,Hypotension
Runny Nose,Difficulty Swallowing,Fever,Blurred Vision,Low Blood Pressure,Swollen Lymph Nodes,Diarrhea,Hypotension
Fatigue,Sore Throat,Sweating,Skin Redness,Nausea,Dizziness,Joint Pain,Migraine
Swollen Lymph Nodes,Sore Throat,Loss of Smell,Loss of Appetite,Weakness,Skin Peeling,Fatigue,Cold
Abdominal Pain,Swollen Lymph Nodes,Vomiting,Shortness of Breath,Fatigue,Sweating,Chills,Unknown
Cough,Muscle Pain,Fatigue,Fever,Sweating,Blurred Vision,High Blood Pressure,Typhoid
Chills,Headache,Diarrhea,Fever,Rapid Heart Rate,High Blood Pressure,Difficulty Swallowing,Flu
Headache,Skin Peeling,Fatigue,Confusion,Chills,Rash,Nausea,COVID-19
Rapid Heart Rate,Blurred Vision,Fatigue,Swollen Lymph Nodes,Loss of Smell,Chest Pain,Rash,Hypotension
Nausea,Sore Throat,Fatigue,Skin Redness,Blurred Vision,Chills,Diarrhea,Strep Throat
Skin Redness,Difficulty Swallowing,Skin Peeling,Loss of Appetite,Swollen Lymph Nodes,Rapid Heart Rate,Abdominal Pain,Unknown
Ear Pain,Swollen Lymph Nodes,High Blood Pressure,Joint Pain,Dizziness,Rash,Fever,Pneumonia
Muscle Pain,Abdominal Pain,Difficulty Swallowing,Vomiting,Sweating,Swollen Lymph Nodes,Nausea,Migraine
Weakness,Vomiting,High Blood Pressure,Runny Nose,Nausea,Muscle Pain,Dizziness,Migraine
Fatigue,Skin Peeling,Joint Pain,Difficulty Swallowing,Shortness of Breath,Skin Redness,Rapid Heart Rate,Typhoid
Sweating,Cough,Loss of Taste,Blurred Vision,Rash,Fever,Chills,Cold
Sore Throat,Diarrhea,Rash,Runny Nose,Fatigue,Blurred Vision,Ear Pain,Ear Infection
Cough,Weakness,Ear Pain,Chills,Runny Nose,Rash,Loss of Smell,Unknown
Abdominal Pain,Joint Pain,Confusion,Skin Redness,High Blood Pressure,Headache,Skin Peeling,Migraine
Abdominal Pain,Chills,Confusion,Loss of Taste,Rapid Heart Rate,Low Blood Pressure,Joint Pain,Unknown
Weakness,Joint Pain,Diarrhea,Fatigue,Loss of Smell,Skin Redness,Skin Peeling,Unknown
Sore Throat,Blurred Vision,Confusion,Abdominal Pain,Chills,Skin Peeling,Rapid Heart Rate,Unknown
Muscle Pain,Dizziness,Sweating,Loss of Smell,Vomiting,Confusion,Chest Pain,Unknown
Low Blood Pressure,Skin Redness,Blurred Vision,Rapid Heart Rate,Fatigue,Cough,Loss of Smell,Pneumonia
Loss of Appetite,Joint Pain,Weakness,Rash,Runny Nose,Skin Redness,Sweating,Unknown
Sweating,Muscle Pain,Skin Redness,Chest Pain,Difficulty Swallowing,Joint Pain,Dizziness,Migraine
Rapid Heart Rate,Skin Peeling,Loss of Appetite,Sweating,Runny Nose,Rash,Joint Pain,Unknown
Fatigue,Skin Redness,Muscle Pain,Weakness,Swollen Lymph Nodes,Dizziness,Runny Nose,Malaria
Loss of Appetite,Vomiting,Difficulty Swallowing,Skin Peeling,Weakness,High Blood Pressure,Low Blood Pressure,Unknown
Weakness,Low Blood Pressure,Rapid Heart Rate,Difficulty Swallowing,Sore Throat,Rash,Diarrhea,Unknown
Loss of Smell,Chills,Runny Nose,Nausea,Vomiting,Skin Redness,Diarrhea,Unknown
Abdominal Pain,Loss of Appetite,Skin Redness,Loss of Taste,Nausea,Joint Pain,Sweating,Unknown
Skin Peeling,Difficulty Swallowing,Chest Pain,Vomiting,High Blood Pressure,Shortness of Breath,Confusion,Unknown
High Blood Pressure,Sweating,Blurred Vision,Nausea,Confusion,Difficulty Swallowing,Muscle Pain,Unknown
Weakness,Fatigue,Headache,Rash,Diarrhea,Loss of Taste,Vomiting,Meningitis
Sore Throat,Abdominal Pain,Headache,High Blood Pressure,Cough,Ear Pain,Low Blood Pressure,Scarlet Fever
Nausea,Difficulty Swallowing,Chest Pain,Fatigue,Blurred Vision,Skin Redness,Chills,Malaria
Joint Pain,Ear Pain,Confusion,Blurred Vision,Shortness of Breath,Skin Peeling,Sweating,Ear Infection
Joint Pain,Loss of Smell,Fever,Cough,Vomiting,Nausea,Blurred Vision,Pneumonia
Loss of Appetite,Ear Pain,Weakness,Skin Peeling,Nausea,Blurred Vision,Fever,Flu
High Blood Pressure,Nausea,Loss of Smell,Diarrhea,Abdominal Pain,Loss of Taste,Runny Nose,Migraine
Headache,Diarrhea,Blurred Vision,Joint Pain,Fever,Skin Peeling,Difficulty Swallowing,Malaria
Diarrhea,Loss of Smell,Sore Throat,Dizziness,Rash,Nausea,Headache,Unknown
Loss of Taste,Headache,Shortness of Breath,Nausea,Joint Pain,Difficulty Swallowing,Vomiting,Meningitis
Fever,Headache,Chest Pain,Shortness of Breath,Blurred Vision,Loss of Smell,Rash,Strep Throat
Joint Pain,Confusion,Fever,Vomiting,Skin Redness,Sore Throat,Dizziness,Meningitis
Vomiting,Chills,Diarrhea,Low Blood Pressure,Fatigue,Skin Peeling,Confusion,Malaria
Chills,Confusion,Muscle Pain,Loss of Appetite,Skin Peeling,Dizziness,Skin Redness,Malaria
Chest Pain,Joint Pain,Skin Peeling,Loss of Appetite,Muscle Pain,Low Blood Pressure,Fatigue,Unknown
Loss of Taste,Muscle Pain,Chills,Loss of Smell,Abdominal Pain,Blurred Vision,High Blood Pressure,Dengue
Chest Pain,High Blood Pressure,Ear Pain,Chills,Joint Pain,Difficulty Swallowing,Dizziness,Ear Infection
Loss of Taste,Skin Redness,Weakness,Rapid Heart Rate,Diarrhea,Joint Pain,Muscle Pain,Unknown
Headache,Rash,Diarrhea,Cough,Vomiting,Muscle Pain,Sore Throat,Unknown
Loss of Smell,Ear Pain,Fever,Chest Pain,Chills,Sore Throat,Dizziness,Ear Infection
Joint Pain,Loss of Smell,Abdominal Pain,Chills,Shortness of Breath,Chest Pain,Weakness,Unknown
Ear Pain,Confusion,Vomiting,Difficulty Swallowing,Sweating,Fatigue,Diarrhea,Food Poisoning
Diarrhea,Weakness,Runny Nose,Blurred Vision,Ear Pain,Rash,Chills,Unknown
Ear Pain,Blurred Vision,Loss of Appetite,Abdominal Pain,Low Blood Pressure,Sore Throat,Weakness,Flu
Chest Pain,Loss of Taste,Fatigue,Vomiting,Blurred Vision,Weakness,Low Blood Pressure,Unknown
Blurred Vision,Cough,Runny Nose,Abdominal Pain,Ear Pain,Rash,Weakness,Food Poisoning
Skin Peeling,Sweating,Loss of Appetite,Skin Redness,Ear Pain,Loss of Smell,Vomiting,Ear Infection
Rapid Heart Rate,Sore Throat,Sweating,Rash,Shortness of Breath,Low Blood Pressure,Swollen Lymph Nodes,Scarlet Fever
Headache,Nausea,Abdominal Pain,Fever,Rapid Heart Rate,Chest Pain,Sore Throat,Hypertension
Chest Pain,Weakness,Sweating,Fatigue,Nausea,Swollen Lymph Nodes,Fever,Dengue
Loss of Appetite,Weakness,Rash,Joint Pain,Skin Redness,Fever,Runny Nose,Typhoid
Skin Redness,Runny Nose,Chest Pain,Rash,Loss of Appetite,Joint Pain,Blurred Vision,Unknown
Dizziness,Runny Nose,Difficulty Swallowing,Chest Pain,Confusion,Swollen Lymph Nodes,Fatigue,Cold
Rash,Sweating,Chest Pain,Blurred Vision,Headache,Loss of Smell,Abdominal Pain,Unknown
Chest Pain,Rapid Heart Rate,Confusion,Nausea,Fever,Muscle Pain,Difficulty Swallowing,Migraine
Ear Pain,Cough,Low Blood Pressure,Vomiting,High Blood Pressure,Joint Pain,Fever,Food Poisoning
Vomiting,Nausea,Swollen Lymph Nodes,Chills,Joint Pain,Skin Redness,Rapid Heart Rate,Scarlet Fever
Dizziness,Shortness of Breath,Loss of Smell,Fever,Sweating,Loss of Appetite,Blurred Vision,Flu
Sweating,Diarrhea,Muscle Pain,Rash,Chest Pain,Shortness of Breath,Fatigue,Hypertension
Skin Peeling,Low Blood Pressure,Shortness of Breath,Runny Nose,Diarrhea,Sore Throat,Skin Redness,Unknown
Rash,Confusion,Chills,Ear Pain,Chest Pain,Muscle Pain,Diarrhea,Unknown
Rash,Sweating,Diarrhea,Cough,Ear Pain,Shortness of Breath,Low Blood Pressure,Unknown
High Blood Pressure,Diarrhea,Nausea,Chills,Blurred Vision,Runny Nose,Confusion,Migraine
Runny Nose,Confusion,Fatigue,Loss of Smell,Loss of Appetite,High Blood Pressure,Diarrhea,Unknown
Blurred Vision,Headache,Skin Redness,Fever,Abdominal Pain,Rash,Dizziness,COVID-19
Abdominal Pain,Confusion,Rash,Ear Pain,Dizziness,Cough,Swollen Lymph Nodes,Typhoid
Sweating,Runny Nose,Nausea,Vomiting,Abdominal Pain,Low Blood Pressure,Skin Peeling,Unknown
High Blood Pressure,Fatigue,Fever,Skin Peeling,Ear Pain,Headache,Chest Pain,Meningitis
Weakness,Headache,Rapid Heart Rate,Sweating,Diarrhea,Loss of Smell,Muscle Pain,Hypertension
Swollen Lymph Nodes,Skin Redness,Blurred Vision,Joint Pain,Rapid Heart Rate,Runny Nose,Fever,Flu
Diarrhea,Loss of Appetite,Difficulty Swallowing,Chest Pain,Skin Redness,Confusion,Loss of Taste,Unknown
Rash,Nausea,Rapid Heart Rate,Loss of Taste,Fever,Sweating,Loss of Smell,Strep Throat
Loss of Smell,Swollen Lymph Nodes,Runny Nose,Muscle Pain,Abdominal Pain,Diarrhea,Chest Pain,Pneumonia
Headache,Weakness,Chills,Difficulty Swallowing,Skin Peeling,Skin Redness,Rash,Scarlet Fever
Abdominal Pain,Confusion,Headache,Skin Peeling,Cough,Vomiting,Sore Throat,Dengue
Skin Redness,Ear Pain,Sweating,Skin Peeling,Muscle Pain,Blurred Vision,Cough,Cold
Blurred Vision,Difficulty Swallowing,Loss of Smell,Fatigue,Chills,Loss of Taste,Skin Peeling,Malaria
Vomiting,Loss of Taste,Ear Pain,Skin Peeling,Loss of Appetite,Headache,Blurred Vision,Unknown
Blurred Vision,Rash,Chills,Sweating,Nausea,High Blood Pressure,Chest Pain,Migraine
Rapid Heart Rate,Fatigue,Runny Nose,Rash,Chest Pain,Nausea,Ear Pain,Unknown
Rapid Heart Rate,Rash,Shortness of Breath,Sore Throat,Loss of Taste,Skin Redness,Loss of Appetite,Scarlet Fever
Abdominal Pain,Chest Pain,Runny Nose,Cough,Ear Pain,Blurred Vision,Low Blood Pressure,Unknown
Cough,Blurred Vision,Joint Pain,Ear Pain,Confusion,Dizziness,Loss of Smell,Unknown
Shortness of Breath,Vomiting,Cough,Abdominal Pain,Headache,Skin Peeling,Skin Redness,Food Poisoning
Abdominal Pain,Dizziness,Swollen Lymph Nodes,Diarrhea,Sweating,Ear Pain,Fatigue,Typhoid
Chest Pain,Nausea,Headache,Joint Pain,Runny Nose,Swollen Lymph Nodes,Ear Pain,Migraine
Low Blood Pressure,Abdominal Pain,Skin Redness,Fatigue,Sweating,Difficulty Swallowing,Nausea,Typhoid
Dizziness,Muscle Pain,Confusion,Joint Pain,Fever,Sore Throat,Abdominal Pain,Ear Infection
Rash,Blurred Vision,Loss of Smell,Dizziness,Swollen Lymph Nodes,Cough,Diarrhea,Dengue
Skin Redness,Chills,Loss of Appetite,Rash,Headache,Vomiting,Difficulty Swallowing,Typhoid
Abdominal Pain,Blurred Vision,Chest Pain,Rash,Muscle Pain,Swollen Lymph Nodes,High Blood Pressure,Migraine
Blurred Vision,Cough,Diarrhea,Dizziness,Skin Redness,Sore Throat,Loss of Taste,COVID-19
Headache,Loss of Appetite,Runny Nose,Chills,Skin Redness,Rapid Heart Rate,Shortness of Breath,Unknown
Loss of Appetite,Diarrhea,Fever,Headache,Swollen Lymph Nodes,Low Blood Pressure,Difficulty Swallowing,COVID-19
Joint Pain,Chest Pain,Loss of Appetite,High Blood Pressure,Sore Throat,Rash,Shortness of Breath,Flu
Joint Pain,Skin Redness,Diarrhea,Loss of Taste,Sore Throat,Chest Pain,Abdominal Pain,Food Poisoning
Sweating,Abdominal Pain,Skin Redness,Shortness of Breath,Nausea,Diarrhea,Runny Nose,Unknown
Chest Pain,Low Blood Pressure,Sore Throat,Skin Peeling,Skin Redness,Chills,Sweating,Unknown
Loss of Taste,Sweating,Muscle Pain,Weakness,Cough,Joint Pain,Chills,Unknown
Dizziness,Weakness,Vomiting,Loss of Appetite,Ear Pain,Skin Redness,Rapid Heart Rate,Unknown
Shortness of Breath,Chills,Sore Throat,Loss of Appetite,Rash,Chest Pain,Diarrhea,Malaria
Skin Peeling,Fatigue,Diarrhea,Dizziness,Ear Pain,Muscle Pain,High Blood Pressure,Migraine
Fatigue,Loss of Taste,Fever,Joint Pain,Headache,Swollen Lymph Nodes,Nausea,Malaria
Low Blood Pressure,High Blood Pressure,Sore Throat,Skin Redness,Confusion,Skin Peeling,Rash,Unknown
Diarrhea,Loss of Smell,Fever,Rash,Muscle Pain,Fatigue,Loss of Taste,Meningitis
Loss of Smell,Skin Peeling,Shortness of Breath,Dizziness,Difficulty Swallowing,Skin Redness,Ear Pain,Scarlet Fever
Weakness,Loss of Taste,High Blood Pressure,Fatigue,Fever,Muscle Pain,Joint Pain,Unknown
Abdominal Pain,Shortness of Breath,Low Blood Pressure,Confusion,Skin Peeling,Rapid Heart Rate,Dizziness,Unknown
Sore Throat,Loss of Smell,Dizziness,Fever,Joint Pain,Fatigue,Abdominal Pain,Strep Throat
Loss of Smell,Low Blood Pressure,Runny Nose,Ear Pain,Nausea,Skin Peeling,Confusion,Scarlet Fever
High Blood Pressure,Cough,Low Blood Pressure,Joint Pain,Rapid Heart Rate,Difficulty Swallowing,Fever,Hypotension
Runny Nose,Chest Pain,High Blood Pressure,Difficulty Swallowing,Confusion,Cough,Rash,Ear Infection
Skin Peeling,Sweating,Muscle Pain,Abdominal Pain,Fatigue,Chills,Skin Redness,Malaria
Muscle Pain,Loss of Smell,Cough,Loss of Taste,Vomiting,Sweating,Joint Pain,Malaria
Blurred Vision,Headache,Chills,Muscle Pain,Sore Throat,Diarrhea,Nausea,Malaria
Nausea,Weakness,Chills,Abdominal Pain,Difficulty Swallowing,Chest Pain,Rash,Ear Infection
Loss of Smell,Diarrhea,Chills,Ear Pain,Swollen Lymph Nodes,Headache,Confusion,Flu
Nausea,Headache,Shortness of Breath,Fever,Confusion,Sore Throat,Sweating,Ear Infection
Diarrhea,Swollen Lymph Nodes,Chest Pain,Ear Pain,Dizziness,Joint Pain,Weakness,Dengue
Chills,Diarrhea,Blurred Vision,Sweating,Low Blood Pressure,Loss of Taste,Rapid Heart Rate,Unknown
Ear Pain,Weakness,Cough,Rapid Heart Rate,Loss of Smell,Loss of Taste,Confusion,Unknown
Rapid Heart Rate,Nausea,Abdominal Pain,Sweating,Sore Throat,Headache,Vomiting,Dengue
High Blood Pressure,Sweating,Ear Pain,Cough,Abdominal Pain,Shortness of Breath,Swollen Lymph Nodes,Unknown
Fatigue,Fever,Sore Throat,Skin Peeling,High Blood Pressure,Confusion,Runny Nose,Typhoid
Rapid Heart Rate,Joint Pain,Fatigue,Loss of Smell,Low Blood Pressure,Cough,Ear Pain,Pneumonia
Vomiting,Dizziness,Fever,Diarrhea,Difficulty Swallowing,Chills,Nausea,Dengue
Difficulty Swallowing,Joint Pain,Nausea,Confusion,Blurred Vision,Loss of Smell,Sweating,Dengue
Rash,Loss of Taste,Skin Redness,Fever,High Blood Pressure,Confusion,Cough,COVID-19
Dizziness,Skin Redness,Headache,Ear Pain,Diarrhea,Chest Pain,Blurred Vision,Food Poisoning
Dizziness,Loss of Appetite,Skin Redness,Swollen Lymph Nodes,Difficulty Swallowing,Cough,Loss of Smell,Cold
Chills,Vomiting,Dizziness,Sore Throat,Low Blood Pressure,Runny Nose,Skin Peeling,Hypertension
Rash,Abdominal Pain,Runny Nose,Chest Pain,Shortness of Breath,Fatigue,Skin Peeling,Pneumonia
Rapid Heart Rate,Abdominal Pain,Loss of Smell,Confusion,Chills,Runny Nose,Dizziness,Meningitis
Loss of Smell,High Blood Pressure,Rash,Cough,Nausea,Weakness,Muscle Pain,Unknown
Swollen Lymph Nodes,Loss of Appetite,Chills,Skin Redness,Sweating,Ear Pain,Rash,Unknown
Nausea,Skin Peeling,Rash,Diarrhea,High Blood Pressure,Chills,Cough,Meningitis
Skin Redness,Shortness of Breath,Joint Pain,Headache,Abdominal Pain,Fever,Skin Peeling,Pneumonia
Low Blood Pressure,Fever,Loss of Appetite,Vomiting,Shortness of Breath,Nausea,Swollen Lymph Nodes,Scarlet Fever
Ear Pain,Skin Peeling,Fatigue,Blurred Vision,Loss of Smell,Runny Nose,Sweating,Unknown
High Blood Pressure,Difficulty Swallowing,Muscle Pain,Loss of Appetite,Low Blood Pressure,Nausea,Skin Peeling,Scarlet Fever
Headache,Loss of Appetite,Sore Throat,Blurred Vision,Confusion,Skin Redness,Swollen Lymph Nodes,Unknown
Low Blood Pressure,Chest Pain,Skin Peeling,Rash,Skin Redness,Dizziness,Shortness of Breath,Unknown
Fatigue,Swollen Lymph Nodes,High Blood Pressure,Loss of Taste,Sore Throat,Skin Redness,Nausea,Meningitis
Cough,Confusion,Vomiting,Runny Nose,Weakness,High Blood Pressure,Fatigue,Pneumonia
Sore Throat,Vomiting,Loss of Smell,Confusion,Shortness of Breath,Nausea,Abdominal Pain,Unknown
Muscle Pain,Diarrhea,Fatigue,Ear Pain,Loss of Taste,Fever,Swollen Lymph Nodes,Typhoid
Chills,Abdominal Pain,Swollen Lymph Nodes,Runny Nose,Diarrhea,Skin Redness,Skin Peeling,Typhoid
Loss of Taste,Rapid Heart Rate,Rash,Low Blood Pressure,Loss of Appetite,Headache,Abdominal Pain,Food Poisoning
Difficulty Swallowing,Sore Throat,Joint Pain,Cough,Loss of Taste,Headache,Loss of Appetite,Meningitis
Confusion,Dizziness,Skin Redness,Headache,Difficulty Swallowing,Loss of Taste,Skin Peeling,Hypertension
Nausea,Vomiting,Chest Pain,Diarrhea,Abdominal Pain,Blurred Vision,Muscle Pain,Unknown
Nausea,Rash,Cough,Chest Pain,Muscle Pain,High Blood Pressure,Abdominal Pain,Unknown
Blurred Vision,Cough,Difficulty Swallowing,Loss of Smell,Sweating,Low Blood Pressure,Rash,Malaria
Chest Pain,Ear Pain,Shortness of Breath,Low Blood Pressure,Runny Nose,Muscle Pain,Nausea,Food Poisoning
Fatigue,Rash,Weakness,Muscle Pain,Chest Pain,Confusion,Swollen Lymph Nodes,Typhoid
Cough,Skin Redness,Fever,Confusion,Loss of Appetite,High Blood Pressure,Fatigue,Strep Throat
Weakness,Shortness of Breath,Loss of Appetite,Cough,Joint Pain,Chills,Fever,Flu
Skin Redness,Swollen Lymph Nodes,Headache,Sweating,Skin Peeling,Loss of Taste,Nausea,Ear Infection
Chest Pain,High Blood Pressure,Sore Throat,Fever,Weakness,Loss of Smell,Chills,Dengue
Vomiting,Weakness,Abdominal Pain,Fatigue,Chest Pain,Skin Peeling,Chills,Typhoid
Chills,Weakness,Fever,Abdominal Pain,Nausea,Skin Redness,Loss of Smell,Meningitis
Loss of Smell,Loss of Taste,Skin Peeling,Confusion,Abdominal Pain,Loss of Appetite,Weakness,Meningitis
Weakness,Sore Throat,Shortness of Breath,Cough,Skin Peeling,Loss of Appetite,Dizziness,Malaria
Skin Peeling,Chills,Swollen Lymph Nodes,Diarrhea,Runny Nose,Difficulty Swallowing,Dizziness,Hypotension
Vomiting,Chills,Skin Redness,Confusion,Rash,Low Blood Pressure,Shortness of Breath,Unknown
Nausea,Loss of Taste,Runny Nose,Rapid Heart Rate,Chest Pain,Skin Redness,Shortness of Breath,Unknown
Skin Peeling,Dizziness,Joint Pain,Difficulty Swallowing,Fever,Chills,High Blood Pressure,Pneumonia
Abdominal Pain,Loss of Appetite,Difficulty Swallowing,Vomiting,Joint Pain,Cough,Loss of Taste,Ear Infection
Fatigue,Confusion,Shortness of Breath,Vomiting,Sweating,Blurred Vision,Weakness,Meningitis
Runny Nose,Blurred Vision,Joint Pain,Sore Throat,Cough,Sweating,Skin Redness,Unknown
Vomiting,Rash,Headache,Chills,Sore Throat,Weakness,Rapid Heart Rate,Malaria
Ear Pain,Chest Pain,Confusion,Rash,Swollen Lymph Nodes,Abdominal Pain,Loss of Smell,Pneumonia
High Blood Pressure,Joint Pain,Blurred Vision,Muscle Pain,Headache,Dizziness,Shortness of Breath,Malaria
Muscle Pain,Loss of Taste,Blurred Vision,Runny Nose,Abdominal Pain,Swollen Lymph Nodes,Vomiting,Unknown
Skin Redness,Sweating,Joint Pain,Ear Pain,Dizziness,Fever,Abdominal Pain,Flu
Sweating,Chills,Shortness of Breath,Rapid Heart Rate,Sore Throat,Dizziness,Cough,Flu
Difficulty Swallowing,Skin Peeling,Low Blood Pressure,Loss of Appetite,Fatigue,Shortness of Breath,Rapid Heart Rate,Scarlet Fever
Swollen Lymph Nodes,Headache,Vomiting,Abdominal Pain,Loss of Smell,Fatigue,Cough,Pneumonia
Muscle Pain,Low Blood Pressure,Fever,Weakness,Abdominal Pain,Joint Pain,Ear Pain,Hypotension
Sweating,Shortness of Breath,Swollen Lymph Nodes,Ear Pain,Confusion,Abdominal Pain,Loss of Appetite,COVID-19
Nausea,Loss of Taste,Headache,Runny Nose,Chest Pain,Blurred Vision,Loss of Smell,Unknown
Muscle Pain,Loss of Smell,Sweating,Headache,Skin Peeling,Runny Nose,Swollen Lymph Nodes,Meningitis
Ear Pain,Muscle Pain,Rapid Heart Rate,Sweating,Vomiting,Headache,Skin Redness,Scarlet Fever
Confusion,Loss of Appetite,Joint Pain,Weakness,Abdominal Pain,Skin Redness,Swollen Lymph Nodes,Typhoid
Shortness of Breath,Difficulty Swallowing,Abdominal Pain,Weakness,Cough,Skin Peeling,Blurred Vision,COVID-19
Headache,Loss of Appetite,Loss of Taste,Chest Pain,Dizziness,Sweating,Nausea,Ear Infection
Headache,Sweating,Muscle Pain,Joint Pain,Loss of Taste,Fever,Chills,Unknown
Shortness of Breath,Dizziness,Chills,Diarrhea,Skin Peeling,Loss of Taste,Joint Pain,Unknown
Confusion,Difficulty Swallowing,Ear Pain,Swollen Lymph Nodes,Diarrhea,Loss of Taste,Abdominal Pain,Unknown
Rapid Heart Rate,Sweating,Ear Pain,Fever,Joint Pain,Vomiting,Rash,Unknown
Ear Pain,Fatigue,Rapid Heart Rate,Weakness,Runny Nose,Fever,Swollen Lymph Nodes,Meningitis
Loss of Taste,Skin Redness,Diarrhea,Skin Peeling,Cough,Confusion,Sore Throat,Unknown
Chills,Loss of Appetite,Swollen Lymph Nodes,Abdominal Pain,Blurred Vision,Shortness of Breath,Dizziness,Unknown
Nausea,Skin Peeling,Fever,Confusion,Weakness,Ear Pain,Rash,Food Poisoning
Low Blood Pressure,Sweating,Fever,Rash,Chest Pain,Blurred Vision,Chills,Migraine
Confusion,Sweating,Joint Pain,Blurred Vision,Low Blood Pressure,Dizziness,Runny Nose,Hypotension
Vomiting,Muscle Pain,Joint Pain,Confusion,Sore Throat,Chest Pain,Loss of Taste,Meningitis
Muscle Pain,Swollen Lymph Nodes,Rash,Nausea,Sore Throat,Blurred Vision,Headache,Flu
Weakness,Fever,Low Blood Pressure,Blurred Vision,Dizziness,Joint Pain,Chest Pain,Hypertension
High Blood Pressure,Blurred Vision,Sweating,Vomiting,Nausea,Cough,Runny Nose,COVID-19
Weakness,Sore Throat,Joint Pain,Vomiting,Skin Peeling,Loss of Appetite,Chest Pain,Scarlet Fever
Dizziness,Weakness,Cough,Ear Pain,Nausea,Headache,Chills,Flu
Skin Redness,Chills,Weakness,Abdominal Pain,Fever,Loss of Taste,Skin Peeling,Unknown
Blurred Vision,Loss of Smell,Abdominal Pain,Muscle Pain,Shortness of Breath,Sore Throat,Sweating,Unknown
Loss of Taste,Difficulty Swallowing,Fever,Joint Pain,Loss of Appetite,Shortness of Breath,Sweating,Strep Throat
Fever,Confusion,Joint Pain,Cough,Low Blood Pressure,Shortness of Breath,Weakness,Scarlet Fever
Dizziness,Rash,Abdominal Pain,Shortness of Breath,Headache,Nausea,Fever,COVID-19
Loss of Smell,Difficulty Swallowing,Skin Redness,Abdominal Pain,Headache,Chest Pain,Sore Throat,Ear Infection
Sweating,Headache,Shortness of Breath,Blurred Vision,Skin Redness,Runny Nose,Fatigue,Meningitis
Chest Pain,Vomiting,Swollen Lymph Nodes,Rash,Ear Pain,Joint Pain,Headache,Ear Infection
Skin Peeling,Diarrhea,Skin Redness,Ear Pain,Rash,Loss of Taste,Muscle Pain,Unknown
Muscle Pain,Ear Pain,High Blood Pressure,Runny Nose,Swollen Lymph Nodes,Rash,Fatigue,Dengue
Sore Throat,Nausea,Loss of Appetite,Shortness of Breath,Cough,Low Blood Pressure,Blurred Vision,COVID-19
Abdominal Pain,Sweating,Shortness of Breath,Vomiting,Swollen Lymph Nodes,Diarrhea,Skin Peeling,Unknown
Swollen Lymph Nodes,Headache,Nausea,Shortness of Breath,Low Blood Pressure,Rapid Heart Rate,Chest Pain,Unknown
Fatigue,Low Blood Pressure,Dizziness,Weakness,Rapid Heart Rate,Nausea,Ear Pain,Flu
Abdominal Pain,Runny Nose,Cough,Blurred Vision,Low Blood Pressure,Rapid Heart Rate,Joint Pain,Hypotension
Loss of Taste,Nausea,Vomiting,Weakness,Shortness of Breath,Sore Throat,Loss of Smell,Pneumonia
Ear Pain,Headache,Vomiting,Fever,Chills,Diarrhea,Rash,Unknown
Ear Pain,Rapid Heart Rate,Chest Pain,Confusion,Sweating,Nausea,Loss of Appetite,Unknown
Skin Redness,Blurred Vision,Loss of Taste,Ear Pain,Swollen Lymph Nodes,Headache,Difficulty Swallowing,Unknown
Diarrhea,Sweating,Skin Peeling,Blurred Vision,Loss of Smell,Skin Redness,Confusion,Unknown
Loss of Smell,High Blood Pressure,Loss of Taste,Cough,Difficulty Swallowing,Low Blood Pressure,Muscle Pain,Dengue
Confusion,Headache,Skin Redness,Chills,Vomiting,Shortness of Breath,Ear Pain,Dengue
Sweating,Rash,Swollen Lymph Nodes,Diarrhea,Sore Throat,Loss of Taste,Abdominal Pain,Unknown
Chills,Skin Peeling,High Blood Pressure,Blurred Vision,Chest Pain,Loss of Smell,Sore Throat,Strep Throat
Swollen Lymph Nodes,Sweating,Chest Pain,Nausea,Weakness,Blurred Vision,Fatigue,Malaria
Rash,Swollen Lymph Nodes,Muscle Pain,Joint Pain,Fever,Difficulty Swallowing,Low Blood Pressure,Dengue
Chest Pain,Skin Peeling,Sore Throat,Headache,Vomiting,Low Blood Pressure,Diarrhea,Hypertension
Swollen Lymph Nodes,Chest Pain,Fever,Sore Throat,Skin Redness,Fatigue,Loss of Appetite,Strep Throat
Confusion,Sweating,Joint Pain,Abdominal Pain,Fever,Headache,Dizziness,Dengue
Rash,Sore Throat,Ear Pain,Muscle Pain,Runny Nose,Chills,Skin Peeling,Unknown
Rash,Joint Pain,Blurred Vision,Shortness of Breath,Difficulty Swallowing,Chills,Loss of Taste,COVID-19
Rash,Joint Pain,Sweating,Low Blood Pressure,Loss of Taste,Difficulty Swallowing,Chills,Unknown
Skin Redness,Cough,Chest Pain,Muscle Pain,Rapid Heart Rate,Swollen Lymph Nodes,Shortness of Breath,COVID-19
Fatigue,Loss of Taste,Low Blood Pressure,Loss of Appetite,Chills,Sore Throat,Sweating,Unknown
Chest Pain,Shortness of Breath,Loss of Smell,Headache,Fatigue,Confusion,Skin Redness,Typhoid
Shortness of Breath,Vomiting,Chills,Blurred Vision,Diarrhea,Loss of Taste,Fatigue,Typhoid
Shortness of Breath,Loss of Smell,Low Blood Pressure,Sore Throat,Rapid Heart Rate,Loss of Appetite,Chest Pain,Strep Throat
Abdominal Pain,Ear Pain,Cough,Blurred Vision,Chills,Headache,Confusion,Food Poisoning
Headache,Skin Peeling,Chest Pain,High Blood Pressure,Shortness of Breath,Rash,Rapid Heart Rate,Scarlet Fever
Swollen Lymph Nodes,Difficulty Swallowing,Fever,Ear Pain,Fatigue,Diarrhea,Low Blood Pressure,Food Poisoning
Abdominal Pain,Ear Pain,Blurred Vision,Runny Nose,Skin Redness,Headache,Rash,Unknown
Difficulty Swallowing,Vomiting,Sore Throat,Diarrhea,Swollen Lymph Nodes,Loss of Appetite,Confusion,Unknown
Fatigue,Dizziness,High Blood Pressure,Sore Throat,Rash,Sweating,Weakness,Hypertension
Loss of Taste,Fever,Skin Redness,Sweating,Swollen Lymph Nodes,Abdominal Pain,Skin Peeling,Malaria
Swollen Lymph Nodes,Diarrhea,High Blood Pressure,Sore Throat,Skin Peeling,Fatigue,Runny Nose,COVID-19
Fever,Fatigue,Dizziness,Skin Redness,Rash,Nausea,Blurred Vision,Food Poisoning
Sore Throat,Chest Pain,Loss of Smell,Blurred Vision,High Blood Pressure,Headache,Sweating,Dengue
Chest Pain,Vomiting,Sore Throat,Loss of Taste,Fatigue,Nausea,Shortness of Breath,Meningitis
Ear Pain,Joint Pain,Headache,Difficulty Swallowing,Low Blood Pressure,Muscle Pain,Chest Pain,Hypotension
Swollen Lymph Nodes,Chills,Skin Redness,Fever,Sore Throat,Loss of Smell,Shortness of Breath,Dengue
Chest Pain,Dizziness,Chills,Loss of Smell,Ear Pain,Fever,Loss of Appetite,Ear Infection
Blurred Vision,Chest Pain,Sweating,Shortness of Breath,Confusion,Joint Pain,Skin Redness,Dengue
Headache,Blurred Vision,Skin Redness,Weakness,Fatigue,Swollen Lymph Nodes,Dizziness,Malaria
Joint Pain,Blurred Vision,Loss of Taste,Runny Nose,Sore Throat,Shortness of Breath,Difficulty Swallowing,Dengue
Swollen Lymph Nodes,Low Blood Pressure,Headache,Sore Throat,Shortness of Breath,Abdominal Pain,Nausea,Typhoid
Fatigue,Rapid Heart Rate,Vomiting,Difficulty Swallowing,Runny Nose,Muscle Pain,Sore Throat,Scarlet Fever
Weakness,Blurred Vision,Muscle Pain,Vomiting,Sore Throat,High Blood Pressure,Diarrhea,Strep Throat
Sweating,Weakness,Loss of Smell,Muscle Pain,Headache,Fever,Swollen Lymph Nodes,Meningitis
Muscle Pain,Swollen Lymph Nodes,Fever,Low Blood Pressure,Chills,Shortness of Breath,Ear Pain,Ear Infection
Loss of Smell,Rash,Weakness,Confusion,Runny Nose,Ear Pain,High Blood Pressure,Hypertension
Headache,Confusion,Loss of Smell,Vomiting,Chest Pain,Skin Redness,Chills,Unknown
Dizziness,Loss of Smell,Fever,Fatigue,Abdominal Pain,Ear Pain,Loss of Appetite,Migraine
Confusion,Loss of Taste,Ear Pain,Difficulty Swallowing,Sore Throat,Fever,Vomiting,Unknown
Weakness,Rash,Diarrhea,Fever,Abdominal Pain,Low Blood Pressure,Muscle Pain,Unknown
Cough,Rash,Blurred Vision,Loss of Appetite,Dizziness,Joint Pain,Skin Redness,Unknown
Confusion,Loss of Taste,Low Blood Pressure,Cough,Skin Redness,Vomiting,Rapid Heart Rate,Unknown
High Blood Pressure,Ear Pain,Swollen Lymph Nodes,Blurred Vision,Sweating,Shortness of Breath,Muscle Pain,COVID-19
Low Blood Pressure,High Blood Pressure,Headache,Confusion,Vomiting,Rapid Heart Rate,Chest Pain,Dengue
Skin Peeling,Loss of Appetite,Swollen Lymph Nodes,Confusion,Rash,Sweating,Vomiting,Unknown
Low Blood Pressure,Chest Pain,Fatigue,Shortness of Breath,Difficulty Swallowing,Swollen Lymph Nodes,Chills,Strep Throat
Abdominal Pain,Runny Nose,Skin Redness,High Blood Pressure,Nausea,Fatigue,Loss of Smell,Cold
Loss of Appetite,Low Blood Pressure,Skin Peeling,Blurred Vision,Swollen Lymph Nodes,Muscle Pain,Fever,Unknown
Chest Pain,Skin Redness,Sweating,Rash,Swollen Lymph Nodes,Weakness,Dizziness,Unknown
High Blood Pressure,Shortness of Breath,Muscle Pain,Chest Pain,Swollen Lymph Nodes,Blurred Vision,Loss of Smell,Unknown
Nausea,Difficulty Swallowing,Skin Redness,Joint Pain,Runny Nose,Loss of Taste,Shortness of Breath,Unknown
Rash,Skin Redness,Chills,Ear Pain,Abdominal Pain,Swollen Lymph Nodes,Chest Pain,Malaria
Diarrhea,Rapid Heart Rate,Cough,Sore Throat,Low Blood Pressure,Weakness,Rash,Dengue
Skin Redness,Chest Pain,Sore Throat,Joint Pain,Difficulty Swallowing,Loss of Appetite,Muscle Pain,Unknown
Loss of Smell,Abdominal Pain,Fatigue,Sweating,Skin Redness,Shortness of Breath,Rash,Unknown
Weakness,Vomiting,Confusion,Shortness of Breath,Fever,Ear Pain,Skin Redness,Unknown
Joint Pain,Difficulty Swallowing,Confusion,Dizziness,Sore Throat,Sweating,Swollen Lymph Nodes,Hypotension
Chills,Fever,Joint Pain,Diarrhea,Blurred Vision,Skin Redness,Runny Nose,Typhoid
Rash,Joint Pain,Chills,Fever,Low Blood Pressure,Shortness of Breath,Fatigue,Pneumonia
Headache,High Blood Pressure,Abdominal Pain,Dizziness,Rash,Fatigue,Loss of Taste,Hypertension
Chest Pain,Fatigue,Fever,Runny Nose,Headache,Difficulty Swallowing,Weakness,Flu
Loss of Smell,Chest Pain,Low Blood Pressure,Confusion,Joint Pain,Diarrhea,High Blood Pressure,Food Poisoning
Nausea,Loss of Appetite,Runny Nose,Blurred Vision,Low Blood Pressure,Skin Peeling,Difficulty Swallowing,Food Poisoning
Swollen Lymph Nodes,Loss of Smell,Cough,Sore Throat,Muscle Pain,Rash,Fatigue,Scarlet Fever
Chills,Chest Pain,Blurred Vision,Weakness,Sweating,Joint Pain,Ear Pain,Pneumonia
Muscle Pain,Dizziness,High Blood Pressure,Loss of Taste,Abdominal Pain,Blurred Vision,Runny Nose,Food Poisoning
Shortness of Breath,Loss of Smell,Chills,Weakness,Cough,Rash,Sweating,Unknown
Loss of Smell,Blurred Vision,Loss of Taste,Headache,Dizziness,Sore Throat,Vomiting,Malaria
Muscle Pain,Weakness,Loss of Taste,Chills,Confusion,Difficulty Swallowing,Runny Nose,COVID-19
Low Blood Pressure,Ear Pain,Difficulty Swallowing,Shortness of Breath,Abdominal Pain,Loss of Taste,Headache,Unknown
Loss of Taste,Low Blood Pressure,Diarrhea,Muscle Pain,Confusion,Chest Pain,Ear Pain,Pneumonia
Rapid Heart Rate,Fever,Shortness of Breath,Skin Peeling,Vomiting,Ear Pain,Cough,Typhoid
Difficulty Swallowing,Sweating,Muscle Pain,Fever,Joint Pain,Chest Pain,Skin Peeling,Ear Infection
Skin Peeling,Vomiting,Joint Pain,Abdominal Pain,Blurred Vision,Weakness,Shortness of Breath,Dengue
Rapid Heart Rate,Dizziness,Cough,Fatigue,Rash,Loss of Appetite,Sore Throat,Scarlet Fever
Diarrhea,Joint Pain,Loss of Appetite,Loss of Taste,Skin Redness,Rapid Heart Rate,Chest Pain,Scarlet Fever
Fever,Sore Throat,Cough,Headache,Dizziness,Confusion,High Blood Pressure,COVID-19
Abdominal Pain,Swollen Lymph Nodes,Shortness of Breath,Low Blood Pressure,Difficulty Swallowing,Ear Pain,Fatigue,Pneumonia
Blurred Vision,Sweating,Ear Pain,Diarrhea,Rapid Heart Rate,Joint Pain,Shortness of Breath,Unknown
Rapid Heart Rate,Loss of Appetite,Diarrhea,Chills,Weakness,High Blood Pressure,Blurred Vision,Migraine
Blurred Vision,Ear Pain,Swollen Lymph Nodes,Dizziness,Nausea,Sweating,Muscle Pain,Migraine
Diarrhea,Chest Pain,Dizziness,Cough,Sore Throat,Muscle Pain,Fatigue,Migraine
Rapid Heart Rate,Difficulty Swallowing,Shortness of Breath,Sweating,Muscle Pain,Chills,Headache,Malaria
Blurred Vision,Skin Peeling,Dizziness,Chest Pain,Nausea,Muscle Pain,High Blood Pressure,Meningitis
Abdominal Pain,Difficulty Swallowing,Ear Pain,Sweating,Nausea,Blurred Vision,Swollen Lymph Nodes,Unknown
Low Blood Pressure,Skin Redness,Sore Throat,Weakness,Confusion,Nausea,Dizziness,Scarlet Fever
Rash,Sore Throat,Sweating,Chest Pain,Fatigue,Weakness,Ear Pain,Unknown
Chills,Weakness,Skin Redness,Diarrhea,Abdominal Pain,Rash,Runny Nose,Unknown
Swollen Lymph Nodes,Loss of Taste,Difficulty Swallowing,Dizziness,Joint Pain,Skin Peeling,High Blood Pressure,Unknown
Weakness,Loss of Smell,Muscle Pain,Cough,Sweating,Shortness of Breath,Swollen Lymph Nodes,Flu
Diarrhea,Difficulty Swallowing,Nausea,Headache,Low Blood Pressure,Abdominal Pain,Joint Pain,Unknown
Skin Peeling,Cough,Abdominal Pain,Skin Redness,Sweating,Joint Pain,Vomiting,Typhoid
Blurred Vision,Abdominal Pain,Difficulty Swallowing,Swollen Lymph Nodes,Headache,Joint Pain,Skin Peeling,Dengue
Loss of Appetite,Rapid Heart Rate,Skin Redness,Abdominal Pain,Ear Pain,Difficulty Swallowing,Sore Throat,Flu
Nausea,Skin Peeling,Fatigue,Chest Pain,Confusion,Diarrhea,Rash,Dengue
Fever,Loss of Taste,Weakness,Skin Redness,Ear Pain,Swollen Lymph Nodes,Joint Pain,Scarlet Fever
Vomiting,High Blood Pressure,Sweating,Rash,Sore Throat,Chills,Abdominal Pain,Hypertension
Muscle Pain,Nausea,Skin Redness,Ear Pain,Difficulty Swallowing,Loss of Appetite,Dizziness,Unknown
Difficulty Swallowing,Chest Pain,High Blood Pressure,Blurred Vision,Rapid Heart Rate,Skin Peeling,Vomiting,Unknown
Skin Peeling,Nausea,Swollen Lymph Nodes,Weakness,High Blood Pressure,Chills,Confusion,Hypotension
Low Blood Pressure,Sore Throat,High Blood Pressure,Abdominal Pain,Dizziness,Skin Redness,Ear Pain,Strep Throat
Headache,Rash,Loss of Taste,Low Blood Pressure,Runny Nose,Diarrhea,Skin Peeling,Unknown
Skin Peeling,Chest Pain,Swollen Lymph Nodes,Runny Nose,Loss of Smell,High Blood Pressure,Headache,Flu
Dizziness,Blurred Vision,Runny Nose,Low Blood Pressure,Cough,Loss of Appetite,Headache,Typhoid
Sore Throat,Difficulty Swallowing,Vomiting,Runny Nose,Fatigue,Skin Redness,Confusion,Scarlet Fever
Weakness,Difficulty Swallowing,Chest Pain,Rapid Heart Rate,Shortness of Breath,Swollen Lymph Nodes,Chills,Unknown
Nausea,Loss of Taste,Loss of Appetite,Sore Throat,Rapid Heart Rate,Headache,Swollen Lymph Nodes,Unknown
Swollen Lymph Nodes,Runny Nose,Weakness,Abdominal Pain,Ear Pain,Difficulty Swallowing,High Blood Pressure,Food Poisoning
Rapid Heart Rate,Loss of Smell,Cough,Headache,Low Blood Pressure,Difficulty Swallowing,Fatigue,Dengue
Shortness of Breath,Sweating,Skin Redness,Swollen Lymph Nodes,Nausea,High Blood Pressure,Headache,Hypertension
Swollen Lymph Nodes,Cough,Loss of Appetite,Loss of Taste,Fatigue,Low Blood Pressure,Difficulty Swallowing,Food Poisoning
Muscle Pain,Loss of Smell,Low Blood Pressure,High Blood Pressure,Confusion,Loss of Taste,Shortness of Breath,Unknown
Headache,Weakness,Sweating,Chest Pain,Skin Redness,Muscle Pain,Swollen Lymph Nodes,Hypotension
Loss of Appetite,Shortness of Breath,Joint Pain,Abdominal Pain,Loss of Smell,Fatigue,Rash,Pneumonia
Dizziness,Chest Pain,Rapid Heart Rate,Fever,Runny Nose,Muscle Pain,Abdominal Pain,Scarlet Fever
High Blood Pressure,Skin Peeling,Headache,Sweating,Loss of Smell,Vomiting,Shortness of Breath,Meningitis
Cough,Loss of Smell,Vomiting,Nausea,Ear Pain,Loss of Taste,Diarrhea,Cold
Rash,Low Blood Pressure,Swollen Lymph Nodes,Loss of Appetite,Sore Throat,Difficulty Swallowing,Headache,Scarlet Fever
Swollen Lymph Nodes,Abdominal Pain,Confusion,High Blood Pressure,Diarrhea,Rash,Ear Pain,Unknown
Rapid Heart Rate,Difficulty Swallowing,Swollen Lymph Nodes,Weakness,Ear Pain,Low Blood Pressure,Runny Nose,Unknown
Dizziness,Fatigue,Joint Pain,Chills,Sweating,Sore Throat,Weakness,Unknown
Difficulty Swallowing,Confusion,Fever,Nausea,Headache,Skin Peeling,Swollen Lymph Nodes,Malaria
Rash,High Blood Pressure,Nausea,Vomiting,Loss of Taste,Loss of Smell,Joint Pain,Unknown
Shortness of Breath,Chills,Dizziness,Nausea,Ear Pain,Sweating,Rash,Unknown
Fatigue,Loss of Smell,Sweating,Headache,Fever,Low Blood Pressure,Chills,Hypertension
Skin Peeling,Chest Pain,Shortness of Breath,Blurred Vision,Vomiting,Rash,Muscle Pain,Unknown
Runny Nose,Vomiting,Loss of Appetite,Skin Peeling,Joint Pain,Rash,Shortness of Breath,Unknown
Joint Pain,Muscle Pain,Chills,Loss of Taste,Cough,Vomiting,Skin Redness,Unknown
High Blood Pressure,Ear Pain,Loss of Taste,Difficulty Swallowing,Rash,Muscle Pain,Low Blood Pressure,Unknown
Blurred Vision,Vomiting,Runny Nose,Skin Peeling,Headache,Confusion,High Blood Pressure,Unknown
Confusion,Muscle Pain,Swollen Lymph Nodes,Vomiting,Skin Peeling,Ear Pain,Chills,Ear Infection
Fever,Confusion,Diarrhea,High Blood Pressure,Fatigue,Muscle Pain,Abdominal Pain,Unknown
Dizziness,Chills,Sweating,Ear Pain,Runny Nose,Low Blood Pressure,Chest Pain,Unknown
Weakness,Shortness of Breath,Chest Pain,Low Blood Pressure,Swollen Lymph Nodes,Loss of Smell,Rapid Heart Rate,Hypotension
Fever,Loss of Taste,Skin Peeling,High Blood Pressure,Dizziness,Sweating,Chest Pain,Malaria
Rash,Sweating,Skin Redness,Weakness,Diarrhea,Cough,Runny Nose,Cold
Weakness,Chills,Difficulty Swallowing,Headache,Shortness of Breath,Blurred Vision,Ear Pain,COVID-19
High Blood Pressure,Muscle Pain,Dizziness,Confusion,Ear Pain,Sore Throat,Difficulty Swallowing,Cold
Headache,Sore Throat,Fever,Joint Pain,Loss of Smell,Skin Peeling,Difficulty Swallowing,Ear Infection
Loss of Smell,Joint Pain,Ear Pain,Muscle Pain,Loss of Appetite,Diarrhea,Skin Peeling,Unknown
Chest Pain,Swollen Lymph Nodes,Cough,Fatigue,Nausea,Abdominal Pain,Joint Pain,Meningitis
Rash,High Blood Pressure,Runny Nose,Vomiting,Sweating,Dizziness,Low Blood Pressure,Migraine
Swollen Lymph Nodes,Loss of Taste,Sore Throat,Difficulty Swallowing,Rapid Heart Rate,Loss of Appetite,Confusion,Unknown
Difficulty Swallowing,Sore Throat,Fatigue,Loss of Smell,Loss of Appetite,Shortness of Breath,Joint Pain,Unknown
Diarrhea,Loss of Taste,Confusion,Sore Throat,Sweating,Loss of Smell,Loss of Appetite,Food Poisoning
Difficulty Swallowing,Sore Throat,Swollen Lymph Nodes,Confusion,Abdominal Pain,High Blood Pressure,Fever,Unknown
Loss of Appetite,Low Blood Pressure,Dizziness,Ear Pain,Fatigue,Diarrhea,High Blood Pressure,Hypertension
High Blood Pressure,Skin Redness,Abdominal Pain,Sweating,Rash,Difficulty Swallowing,Vomiting,Strep Throat
Diarrhea,Chest Pain,Ear Pain,Loss of Appetite,Loss of Taste,Abdominal Pain,Joint Pain,Ear Infection
Abdominal Pain,Blurred Vision,Loss of Appetite,Weakness,Skin Peeling,Ear Pain,Cough,Unknown
Cough,Low Blood Pressure,Sweating,Vomiting,Diarrhea,Fever,Joint Pain,Dengue
Vomiting,Abdominal Pain,Joint Pain,Chills,Nausea,Skin Peeling,Shortness of Breath,Migraine
Muscle Pain,Weakness,Ear Pain,Difficulty Swallowing,Fever,Rash,Nausea,Migraine
Headache,Vomiting,Loss of Smell,Difficulty Swallowing,Cough,Chest Pain,Swollen Lymph Nodes,Pneumonia
Fatigue,Confusion,Rapid Heart Rate,Rash,Skin Peeling,Headache,Runny Nose,Hypotension
Confusion,Sore Throat,Diarrhea,Chills,Loss of Appetite,Shortness of Breath,Weakness,Cold
Fever,Shortness of Breath,High Blood Pressure,Sweating,Abdominal Pain,Skin Redness,Headache,Flu
Sweating,Skin Peeling,Chest Pain,Joint Pain,Vomiting,Chills,Ear Pain,Ear Infection
Cough,Chest Pain,Diarrhea,Low Blood Pressure,Vomiting,Abdominal Pain,Confusion,Food Poisoning
Ear Pain,Fatigue,Loss of Appetite,Rash,Muscle Pain,Weakness,Chills,Malaria
Loss of Appetite,Blurred Vision,Runny Nose,Loss of Taste,Abdominal Pain,Sweating,Fatigue,Food Poisoning
High Blood Pressure,Chills,Sweating,Shortness of Breath,Loss of Taste,Skin Peeling,Blurred Vision,Unknown
Shortness of Breath,Swollen Lymph Nodes,Low Blood Pressure,Fatigue,Skin Redness,Loss of Appetite,Difficulty Swallowing,Unknown
Abdominal Pain,Loss of Appetite,Skin Peeling,Shortness of Breath,High Blood Pressure,Ear Pain,Sweating,Unknown
Difficulty Swallowing,Skin Peeling,Low Blood Pressure,Chest Pain,Fatigue,High Blood Pressure,Nausea,Pneumonia
Runny Nose,Loss of Smell,Rapid Heart Rate,Skin Peeling,Fever,Swollen Lymph Nodes,Abdominal Pain,Typhoid
Weakness,Low Blood Pressure,Difficulty Swallowing,Skin Peeling,Ear Pain,Vomiting,Joint Pain,Unknown
Fever,Fatigue,Difficulty Swallowing,Skin Peeling,Headache,Abdominal Pain,Chills,Meningitis
Weakness,Loss of Appetite,Runny Nose,Blurred Vision,Vomiting,Loss of Smell,Dizziness,Unknown
Abdominal Pain,Ear Pain,Sore Throat,Fever,Runny Nose,Fatigue,Nausea,Migraine
Abdominal Pain,Nausea,Difficulty Swallowing,Muscle Pain,Skin Redness,Rash,High Blood Pressure,Unknown
Weakness,Loss of Appetite,Fever,Confusion,Vomiting,Abdominal Pain,Skin Peeling,Food Poisoning
Nausea,Vomiting,High Blood Pressure,Diarrhea,Swollen Lymph Nodes,Headache,Difficulty Swallowing,Unknown
Runny Nose,Confusion,Vomiting,Rapid Heart Rate,Swollen Lymph Nodes,Abdominal Pain,Ear Pain,Strep Throat
Fatigue,Rapid Heart Rate,Sore Throat,Rash,Headache,Abdominal Pain,Dizziness,Malaria
Rapid Heart Rate,Skin Redness,Difficulty Swallowing,Fatigue,Runny Nose,Ear Pain,Loss of Taste,Unknown
Shortness of Breath,Chills,Fatigue,Fever,Blurred Vision,Runny Nose,Dizziness,Meningitis
Skin Peeling,Abdominal Pain,Fatigue,Vomiting,Nausea,Skin Redness,Low Blood Pressure,Food Poisoning
Swollen Lymph Nodes,Weakness,Vomiting,Sore Throat,Abdominal Pain,Dizziness,Headache,Scarlet Fever
Vomiting,Skin Redness,Chills,High Blood Pressure,Shortness of Breath,Difficulty Swallowing,Nausea,Scarlet Fever
Loss of Smell,Nausea,Dizziness,Skin Peeling,Chills,Abdominal Pain,Sweating,Scarlet Fever
Cough,Shortness of Breath,Difficulty Swallowing,Blurred Vision,Loss of Appetite,Skin Redness,Rash,Unknown
Fever,Loss of Smell,Dizziness,Cough,Fatigue,Headache,Vomiting,Typhoid
Diarrhea,Shortness of Breath,Runny Nose,Fatigue,Dizziness,Muscle Pain,Fever,Strep Throat
Cough,Fatigue,Loss of Appetite,Sore Throat,Runny Nose,Confusion,Headache,Hypertension
Muscle Pain,Fatigue,Vomiting,Fever,Headache,Chills,Sore Throat,Malaria
High Blood Pressure,Skin Redness,Abdominal Pain,Rapid Heart Rate,Vomiting,Runny Nose,Sore Throat,Unknown
Loss of Appetite,Blurred Vision,Cough,Skin Redness,Joint Pain,Rapid Heart Rate,Headache,Cold
Chest Pain,Abdominal Pain,Confusion,Diarrhea,Difficulty Swallowing,Swollen Lymph Nodes,Loss of Taste,Typhoid
Chills,Swollen Lymph Nodes,Muscle Pain,Chest Pain,Fever,Abdominal Pain,Ear Pain,Unknown
Low Blood Pressure,Rash,Swollen Lymph Nodes,Skin Peeling,Ear Pain,Cough,Fever,Malaria
Loss of Smell,Cough,Blurred Vision,Skin Redness,Low Blood Pressure,Abdominal Pain,Weakness,Food Poisoning
Loss of Appetite,Nausea,Loss of Taste,Rash,Skin Peeling,Muscle Pain,Chills,Unknown
Sweating,High Blood Pressure,Diarrhea,Nausea,Abdominal Pain,Weakness,Chest Pain,Unknown
Muscle Pain,Fatigue,Rash,Skin Peeling,Chest Pain,Headache,Dizziness,COVID-19
Ear Pain,Confusion,Loss of Appetite,Weakness,High Blood Pressure,Chest Pain,Abdominal Pain,Typhoid
Weakness,Nausea,Loss of Smell,Loss of Appetite,High Blood Pressure,Chest Pain,Diarrhea,Unknown
Abdominal Pain,Sweating,Vomiting,Chills,Fatigue,Chest Pain,High Blood Pressure,Typhoid
Vomiting,Abdominal Pain,Fatigue,Nausea,Dizziness,High Blood Pressure,Blurred Vision,COVID-19
Confusion,Abdominal Pain,Rapid Heart Rate,Skin Redness,Loss of Smell,Loss of Appetite,Blurred Vision,Unknown
Joint Pain,Nausea,Loss of Smell,Low Blood Pressure,Chest Pain,Ear Pain,Rash,Unknown
Swollen Lymph Nodes,High Blood Pressure,Loss of Smell,Chest Pain,Shortness of Breath,Difficulty Swallowing,Chills,Unknown
Loss of Smell,Swollen Lymph Nodes,Muscle Pain,Difficulty Swallowing,Loss of Appetite,Joint Pain,High Blood Pressure,Unknown
Difficulty Swallowing,Skin Peeling,Vomiting,Dizziness,Rapid Heart Rate,Abdominal Pain,Blurred Vision,Typhoid
Rapid Heart Rate,Headache,Skin Redness,Sweating,Skin Peeling,Blurred Vision,Rash,Hypotension
Loss of Appetite,Muscle Pain,Difficulty Swallowing,Sore Throat,Confusion,Low Blood Pressure,Fatigue,COVID-19
Chills,Skin Redness,Shortness of Breath,Rapid Heart Rate,Muscle Pain,Dizziness,Low Blood Pressure,Hypertension
Vomiting,Diarrhea,Skin Peeling,Loss of Appetite,Loss of Taste,Confusion,Headache,Unknown
Chills,Confusion,Blurred Vision,Sweating,Weakness,Difficulty Swallowing,Loss of Smell,Migraine
Headache,Fever,Chills,Cough,Fatigue,Sore Throat,Runny Nose,Food Poisoning
Sweating,Loss of Appetite,Low Blood Pressure,Nausea,Skin Peeling,Rapid Heart Rate,Shortness of Breath,Pneumonia
Loss of Smell,Blurred Vision,Fever,Abdominal Pain,Skin Peeling,Vomiting,Shortness of Breath,Ear Infection
Skin Redness,Abdominal Pain,Chest Pain,Sore Throat,Loss of Smell,Joint Pain,Confusion,Flu
Chest Pain,Diarrhea,Rash,Rapid Heart Rate,Abdominal Pain,Weakness,Joint Pain,Unknown
Runny Nose,Rash,Rapid Heart Rate,Cough,Weakness,Nausea,Chest Pain,Food Poisoning
Blurred Vision,Rash,Vomiting,Shortness of Breath,Swollen Lymph Nodes,Difficulty Swallowing,Cough,Unknown
Sweating,Fever,Headache,Chest Pain,Blurred Vision,Shortness of Breath,Rash,Unknown
Shortness of Breath,Swollen Lymph Nodes,Abdominal Pain,Sweating,Diarrhea,High Blood Pressure,Fever,Pneumonia
Difficulty Swallowing,Sore Throat,Headache,Loss of Appetite,Rapid Heart Rate,Runny Nose,Joint Pain,Hypertension
Weakness,Difficulty Swallowing,Rash,Joint Pain,Fever,Runny Nose,Headache,Pneumonia
Loss of Smell,Chills,Abdominal Pain,Loss of Appetite,Nausea,Chest Pain,Muscle Pain,COVID-19
Vomiting,Rash,Diarrhea,Sore Throat,Cough,Nausea,Chest Pain,Food Poisoning
Fatigue,Ear Pain,High Blood Pressure,Fever,Dizziness,Abdominal Pain,Rash,Migraine
Headache,Difficulty Swallowing,High Blood Pressure,Loss of Taste,Skin Peeling,Loss of Smell,Chest Pain,Unknown
Vomiting,Loss of Taste,Sweating,High Blood Pressure,Loss of Smell,Runny Nose,Diarrhea,Unknown
Runny Nose,Ear Pain,Loss of Taste,Chest Pain,Confusion,Fatigue,High Blood Pressure,COVID-19
Cough,Confusion,Headache,Rash,Shortness of Breath,Skin Peeling,Joint Pain,Unknown
Blurred Vision,Shortness of Breath,Sore Throat,Chills,Diarrhea,Ear Pain,Fatigue,Cold
Vomiting,Sore Throat,High Blood Pressure,Abdominal Pain,Skin Redness,Dizziness,Ear Pain,Cold
High Blood Pressure,Chills,Chest Pain,Vomiting,Dizziness,Rapid Heart Rate,Joint Pain,Unknown
Weakness,Fatigue,Shortness of Breath,Dizziness,Skin Redness,Joint Pain,Rash,Flu
High Blood Pressure,Fatigue,Muscle Pain,Confusion,Fever,Cough,Blurred Vision,Malaria
Loss of Taste,Shortness of Breath,Fever,Diarrhea,Loss of Appetite,Fatigue,Difficulty Swallowing,Malaria
Low Blood Pressure,Diarrhea,Runny Nose,Fever,Muscle Pain,Weakness,Chills,Hypotension
Chest Pain,Difficulty Swallowing,Headache,Fever,Shortness of Breath,Low Blood Pressure,Rapid Heart Rate,Migraine
Runny Nose,Shortness of Breath,Diarrhea,Loss of Smell,Abdominal Pain,Low Blood Pressure,Rash,Unknown
Runny Nose,Joint Pain,Nausea,Difficulty Swallowing,Muscle Pain,Diarrhea,Cough,Ear Infection
Diarrhea,Ear Pain,Skin Redness,Headache,Sore Throat,Muscle Pain,Shortness of Breath,Malaria
Headache,Diarrhea,Sore Throat,Loss of Smell,Vomiting,Rapid Heart Rate,Swollen Lymph Nodes,Food Poisoning
Chest Pain,Rapid Heart Rate,Sweating,Skin Peeling,Swollen Lymph Nodes,Fever,Ear Pain,Unknown
Skin Peeling,Dizziness,Sweating,Fever,Weakness,Loss of Taste,High Blood Pressure,Dengue
Nausea,Chest Pain,Swollen Lymph Nodes,Loss of Appetite,Diarrhea,Vomiting,Runny Nose,Unknown
Low Blood Pressure,Loss of Taste,Weakness,Dizziness,Skin Peeling,Rapid Heart Rate,Cough,Hypotension
Swollen Lymph Nodes,Nausea,Shortness of Breath,Fatigue,Ear Pain,Runny Nose,Skin Peeling,Cold
Vomiting,Ear Pain,Confusion,Skin Redness,Dizziness,Cough,Joint Pain,Meningitis
High Blood Pressure,Ear Pain,Sweating,Chills,Confusion,Shortness of Breath,Runny Nose,Ear Infection
Sweating,Loss of Appetite,Skin Peeling,Fever,Runny Nose,Diarrhea,Chills,Flu
Ear Pain,Skin Peeling,Chest Pain,Sweating,Vomiting,Rapid Heart Rate,Abdominal Pain,Unknown
Loss of Smell,Confusion,Skin Peeling,Dizziness,Blurred Vision,Diarrhea,Fatigue,Unknown
Cough,Sweating,Skin Redness,Low Blood Pressure,Nausea,Muscle Pain,Sore Throat,COVID-19
Joint Pain,Headache,Shortness of Breath,Abdominal Pain,Confusion,Diarrhea,Runny Nose,COVID-19
Rapid Heart Rate,Blurred Vision,Skin Redness,Headache,Cough,Nausea,Dizziness,Unknown
Weakness,Muscle Pain,Confusion,Cough,Fatigue,Ear Pain,Sweating,Hypotension
Loss of Taste,Muscle Pain,Chills,Low Blood Pressure,Headache,Confusion,Rapid Heart Rate,Unknown
Diarrhea,Loss of Appetite,Skin Redness,High Blood Pressure,Headache,Sore Throat,Fatigue,Scarlet Fever
Vomiting,Skin Peeling,Rash,Fever,Skin Redness,Loss of Appetite,Sore Throat,Dengue
Loss of Taste,Nausea,Joint Pain,Ear Pain,Rash,Skin Peeling,Difficulty Swallowing,Scarlet Fever
Abdominal Pain,Vomiting,Blurred Vision,Chills,Chest Pain,Skin Redness,Confusion,Scarlet Fever
Sweating,Confusion,Runny Nose,High Blood Pressure,Chills,Muscle Pain,Chest Pain,Unknown
Dizziness,Runny Nose,Cough,Confusion,Loss of Taste,Loss of Appetite,Sore Throat,Strep Throat
Low Blood Pressure,Sweating,Nausea,Rash,Loss of Smell,Diarrhea,Swollen Lymph Nodes,Unknown
Ear Pain,Joint Pain,Low Blood Pressure,Fatigue,Shortness of Breath,Diarrhea,High Blood Pressure,Food Poisoning
Nausea,Blurred Vision,Rapid Heart Rate,Swollen Lymph Nodes,Shortness of Breath,Skin Redness,Joint Pain,COVID-19
Diarrhea,Chest Pain,Headache,Weakness,Rapid Heart Rate,Dizziness,Shortness of Breath,Dengue
Low Blood Pressure,Rapid Heart Rate,Fatigue,Swollen Lymph Nodes,Confusion,High Blood Pressure,Sweating,Unknown
High Blood Pressure,Headache,Nausea,Difficulty Swallowing,Loss of Taste,Abdominal Pain,Sore Throat,Dengue
Confusion,Chest Pain,Muscle Pain,Abdominal Pain,Shortness of Breath,Fatigue,Sweating,Typhoid
Confusion,Vomiting,Swollen Lymph Nodes,Chills,Skin Redness,Loss of Appetite,Fatigue,Typhoid
Nausea,Cough,Joint Pain,Shortness of Breath,Rapid Heart Rate,Loss of Smell,Sweating,Hypotension
Vomiting,Muscle Pain,Chills,Rash,Abdominal Pain,Joint Pain,Dizziness,Food Poisoning
Rapid Heart Rate,Headache,Confusion,Loss of Appetite,Blurred Vision,Vomiting,Loss of Smell,Food Poisoning
Dizziness,Rash,High Blood Pressure,Fatigue,Loss of Appetite,Rapid Heart Rate,Vomiting,Unknown
Vomiting,Headache,Blurred Vision,Difficulty Swallowing,Low Blood Pressure,Joint Pain,Loss of Appetite,Migraine
Chills,Rapid Heart Rate,Difficulty Swallowing,Blurred Vision,Abdominal Pain,Ear Pain,Low Blood Pressure,Hypotension
Skin Peeling,Loss of Appetite,Joint Pain,Abdominal Pain,Blurred Vision,Rapid Heart Rate,Chills,Unknown
Loss of Smell,High Blood Pressure,Headache,Low Blood Pressure,Difficulty Swallowing,Confusion,Rash,Malaria
Rapid Heart Rate,Swollen Lymph Nodes,Cough,Abdominal Pain,Chest Pain,Joint Pain,Loss of Appetite,Unknown
High Blood Pressure,Rapid Heart Rate,Skin Redness,Confusion,Weakness,Sweating,Nausea,Migraine
Diarrhea,Loss of Smell,Rash,Fatigue,Joint Pain,Shortness of Breath,Swollen Lymph Nodes,Unknown
Skin Redness,Cough,Headache,Fatigue,High Blood Pressure,Ear Pain,Weakness,Unknown
Chest Pain,Swollen Lymph Nodes,Rash,Loss of Smell,Chills,Low Blood Pressure,Diarrhea,Unknown
Loss of Appetite,Chills,High Blood Pressure,Muscle Pain,Shortness of Breath,Skin Redness,Confusion,Unknown
Fatigue,Loss of Smell,Chills,Joint Pain,Diarrhea,Swollen Lymph Nodes,Cough,Hypertension
Rapid Heart Rate,Fever,Loss of Appetite,Muscle Pain,Nausea,Sweating,Sore Throat,Flu
Swollen Lymph Nodes,Skin Peeling,High Blood Pressure,Shortness of Breath,Chills,Confusion,Difficulty Swallowing,Unknown
Nausea,Swollen Lymph Nodes,Dizziness,High Blood Pressure,Skin Redness,Sweating,Loss of Appetite,Migraine
Difficulty Swallowing,Abdominal Pain,Skin Peeling,Rapid Heart Rate,Swollen Lymph Nodes,Joint Pain,Loss of Appetite,Ear Infection
Vomiting,Loss of Taste,Nausea,Ear Pain,Abdominal Pain,Headache,Diarrhea,Dengue
Skin Peeling,Low Blood Pressure,Headache,Runny Nose,Fatigue,Blurred Vision,Confusion,Cold
Sore Throat,Confusion,Weakness,Diarrhea,Joint Pain,Shortness of Breath,Fever,Strep Throat
Swollen Lymph Nodes,Vomiting,Cough,Chills,Blurred Vision,Difficulty Swallowing,Loss of Taste,Migraine
Loss of Taste,Fever,Vomiting,Headache,Rapid Heart Rate,Loss of Smell,Runny Nose,Strep Throat
Joint Pain,Difficulty Swallowing,Rapid Heart Rate,Dizziness,Headache,Low Blood Pressure,Sore Throat,Flu
Fever,Chills,Swollen Lymph Nodes,Skin Redness,Skin Peeling,Confusion,Diarrhea,Malaria
Swollen Lymph Nodes,Skin Redness,Fever,Difficulty Swallowing,Cough,Nausea,Abdominal Pain,Meningitis
Loss of Smell,Confusion,Runny Nose,Headache,Dizziness,Swollen Lymph Nodes,Chills,Unknown
Sweating,Fatigue,Shortness of Breath,Muscle Pain,Skin Redness,Low Blood Pressure,Cough,Unknown
Nausea,Cough,Ear Pain,Low Blood Pressure,Abdominal Pain,Fatigue,High Blood Pressure,Unknown
High Blood Pressure,Loss of Taste,Diarrhea,Vomiting,Swollen Lymph Nodes,Fatigue,Sore Throat,Unknown
Confusion,Joint Pain,Muscle Pain,Rapid Heart Rate,Vomiting,Loss of Appetite,Swollen Lymph Nodes,Unknown
Vomiting,Low Blood Pressure,Difficulty Swallowing,High Blood Pressure,Skin Peeling,Loss of Smell,Chills,Unknown
High Blood Pressure,Fatigue,Confusion,Low Blood Pressure,Difficulty Swallowing,Blurred Vision,Loss of Smell,Unknown
Loss of Appetite,Weakness,Abdominal Pain,Loss of Taste,Shortness of Breath,Cough,Chills,Pneumonia
Skin Peeling,Diarrhea,Nausea,Sweating,Chills,Difficulty Swallowing,High Blood Pressure,Unknown
Muscle Pain,Abdominal Pain,High Blood Pressure,Joint Pain,Swollen Lymph Nodes,Cough,Vomiting,COVID-19
Chills,Low Blood Pressure,Ear Pain,Sore Throat,Loss of Appetite,Joint Pain,Chest Pain,Pneumonia
Loss of Smell,Blurred Vision,Low Blood Pressure,Ear Pain,Muscle Pain,Dizziness,Headache,Unknown
Dizziness,Fatigue,Rash,Loss of Appetite,Headache,Fever,Nausea,Dengue
Loss of Taste,Sweating,Difficulty Swallowing,Weakness,Cough,Rapid Heart Rate,Low Blood Pressure,Unknown
Rapid Heart Rate,Difficulty Swallowing,Loss of Taste,Joint Pain,Rash,Sore Throat,Confusion,Hypotension
Skin Peeling,Muscle Pain,High Blood Pressure,Ear Pain,Cough,Loss of Smell,Low Blood Pressure,Pneumonia
Joint Pain,Swollen Lymph Nodes,Loss of Appetite,Nausea,Abdominal Pain,Loss of Taste,Fatigue,Food Poisoning
Loss of Taste,Shortness of Breath,Chest Pain,Fever,Fatigue,Weakness,Nausea,Ear Infection
Difficulty Swallowing,Cough,Diarrhea,Runny Nose,Sore Throat,Vomiting,Ear Pain,Unknown
Loss of Taste,Low Blood Pressure,Difficulty Swallowing,Headache,Chest Pain,Skin Redness,Sweating,Unknown
Confusion,Headache,Swollen Lymph Nodes,Shortness of Breath,Skin Peeling,Loss of Smell,Sore Throat,Pneumonia
Chest Pain,Chills,Loss of Appetite,Difficulty Swallowing,High Blood Pressure,Muscle Pain,Swollen Lymph Nodes,Unknown
Diarrhea,Loss of Smell,Swollen Lymph Nodes,Shortness of Breath,Sore Throat,Nausea,Fever,Meningitis
Muscle Pain,Shortness of Breath,Vomiting,Chest Pain,Rash,Abdominal Pain,Fever,Unknown
Headache,Fatigue,Chills,Abdominal Pain,High Blood Pressure,Confusion,Cough,Ear Infection
Chills,Nausea,Ear Pain,Weakness,Chest Pain,High Blood Pressure,Dizziness,Unknown
Cough,Fatigue,Fever,Skin Redness,Sore Throat,Difficulty Swallowing,Rapid Heart Rate,Cold
Loss of Appetite,Skin Peeling,Low Blood Pressure,Joint Pain,Sweating,Chills,Loss of Taste,Dengue
Blurred Vision,Dizziness,Confusion,Muscle Pain,Sweating,Weakness,Runny Nose,Unknown
Joint Pain,Chest Pain,Loss of Taste,Nausea,Vomiting,Loss of Appetite,Sore Throat,Unknown
Runny Nose,Nausea,Sweating,Confusion,Sore Throat,Skin Redness,Weakness,Flu
Rash,Low Blood Pressure,Weakness,Vomiting,High Blood Pressure,Ear Pain,Chest Pain,Ear Infection
Muscle Pain,Nausea,Confusion,Fever,Joint Pain,Runny Nose,Loss of Taste,Scarlet Fever
Vomiting,High Blood Pressure,Skin Redness,Chills,Swollen Lymph Nodes,Cough,Rapid Heart Rate,Cold
Cough,Skin Redness,Swollen Lymph Nodes,Nausea,Skin Peeling,Loss of Appetite,Difficulty Swallowing,Meningitis
Rash,Low Blood Pressure,Rapid Heart Rate,Dizziness,Muscle Pain,Diarrhea,Shortness of Breath,Unknown
Headache,Diarrhea,Fever,Rapid Heart Rate,Swollen Lymph Nodes,Chest Pain,Runny Nose,Ear Infection
Chest Pain,Joint Pain,Muscle Pain,Weakness,Cough,Skin Redness,Runny Nose,Malaria
Chest Pain,Confusion,Joint Pain,Difficulty Swallowing,Rapid Heart Rate,Dizziness,Rash,Unknown
Weakness,Rapid Heart Rate,Diarrhea,High Blood Pressure,Difficulty Swallowing,Nausea,Chest Pain,Strep Throat
Chest Pain,Joint Pain,Swollen Lymph Nodes,Diarrhea,Fatigue,Confusion,Low Blood Pressure,Unknown
Chest Pain,Sweating,Ear Pain,Fever,Confusion,Rapid Heart Rate,Diarrhea,Scarlet Fever
Rash,Rapid Heart Rate,Muscle Pain,Ear Pain,Cough,Low Blood Pressure,Confusion,Unknown
Muscle Pain,Diarrhea,Swollen Lymph Nodes,Fever,Sweating,Skin Redness,Rapid Heart Rate,Pneumonia
High Blood Pressure,Weakness,Swollen Lymph Nodes,Nausea,Chest Pain,Fever,Headache,Food Poisoning
Abdominal Pain,Muscle Pain,Joint Pain,Nausea,Rash,Headache,Dizziness,Hypotension
Loss of Smell,Shortness of Breath,Joint Pain,Confusion,Fever,Fatigue,Skin Peeling,Hypertension
Chills,Difficulty Swallowing,Dizziness,Chest Pain,Sore Throat,Abdominal Pain,Headache,Malaria
High Blood Pressure,Joint Pain,Nausea,Skin Peeling,Blurred Vision,Cough,Sweating,Scarlet Fever
Low Blood Pressure,Runny Nose,Loss of Appetite,Cough,Headache,Muscle Pain,Blurred Vision,Cold
Weakness,Sore Throat,Loss of Appetite,Difficulty Swallowing,Skin Peeling,Nausea,Loss of Smell,Cold
Ear Pain,Headache,Swollen Lymph Nodes,Diarrhea,Rapid Heart Rate,Fever,Muscle Pain,Food Poisoning
Swollen Lymph Nodes,Fatigue,Cough,Ear Pain,Sore Throat,Dizziness,Muscle Pain,Unknown
Confusion,Rapid Heart Rate,Sore Throat,Blurred Vision,Diarrhea,Fatigue,Chest Pain,COVID-19
Joint Pain,Low Blood Pressure,Skin Redness,Diarrhea,Vomiting,Dizziness,Shortness of Breath,Unknown
Headache,High Blood Pressure,Confusion,Loss of Appetite,Blurred Vision,Low Blood Pressure,Rapid Heart Rate,Unknown
Ear Pain,Fatigue,Muscle Pain,Difficulty Swallowing,Skin Redness,Shortness of Breath,Fever,Strep Throat
Rash,Rapid Heart Rate,Sore Throat,Swollen Lymph Nodes,High Blood Pressure,Nausea,Weakness,Unknown
Rash,Loss of Appetite,Dizziness,Rapid Heart Rate,Skin Redness,Cough,Sweating,Flu
Skin Peeling,Skin Redness,Diarrhea,Sweating,Headache,Low Blood Pressure,Chills,Food Poisoning
Loss of Smell,Low Blood Pressure,Confusion,Chest Pain,Fatigue,Swollen Lymph Nodes,Sweating,Hypertension
Skin Peeling,Loss of Taste,Fatigue,Muscle Pain,Sweating,Fever,Cough,COVID-19
Headache,Chills,Fever,Rapid Heart Rate,Skin Redness,Blurred Vision,Vomiting,Meningitis
Chills,Sweating,Vomiting,Dizziness,Diarrhea,Low Blood Pressure,Blurred Vision,Unknown
Fatigue,Nausea,Difficulty Swallowing,Headache,Dizziness,Abdominal Pain,Low Blood Pressure,Malaria
Headache,Loss of Smell,Chills,Sweating,Loss of Appetite,Runny Nose,Rash,Typhoid
Ear Pain,Sweating,Weakness,Fever,Vomiting,Loss of Smell,Confusion,Flu
Skin Peeling,Sore Throat,Low Blood Pressure,Skin Redness,Blurred Vision,Rapid Heart Rate,Swollen Lymph Nodes,Cold
Confusion,Vomiting,Fatigue,Low Blood Pressure,Loss of Smell,Loss of Taste,Diarrhea,Unknown
Loss of Appetite,Nausea,Sore Throat,Fatigue,Abdominal Pain,Diarrhea,Loss of Taste,Typhoid
Dizziness,Confusion,Sweating,High Blood Pressure,Joint Pain,Headache,Blurred Vision,Ear Infection
Runny Nose,Sweating,Shortness of Breath,Rash,Dizziness,Confusion,Swollen Lymph Nodes,Strep Throat
Confusion,Sore Throat,Dizziness,Difficulty Swallowing,Skin Redness,Runny Nose,Sweating,Ear Infection
Difficulty Swallowing,Nausea,Chest Pain,Skin Peeling,Loss of Appetite,Skin Redness,Ear Pain,Food Poisoning
Dizziness,Joint Pain,Rash,Cough,High Blood Pressure,Shortness of Breath,Sore Throat,Unknown
Skin Redness,Runny Nose,Loss of Appetite,Cough,Ear Pain,Loss of Smell,Diarrhea,Food Poisoning
Muscle Pain,Sore Throat,High Blood Pressure,Loss of Appetite,Cough,Abdominal Pain,Shortness of Breath,COVID-19
Fatigue,Fever,Diarrhea,Skin Redness,Sore Throat,Ear Pain,Joint Pain,Hypertension
Dizziness,Loss of Taste,Fatigue,Difficulty Swallowing,Rash,Low Blood Pressure,Fever,COVID-19
Headache,Confusion,Diarrhea,Fatigue,Chest Pain,Rash,Swollen Lymph Nodes,Hypertension
Rash,Weakness,Loss of Taste,Skin Peeling,Difficulty Swallowing,Chest Pain,Joint Pain,COVID-19
Shortness of Breath,Loss of Appetite,Fever,Difficulty Swallowing,Skin Peeling,Fatigue,Abdominal Pain,Unknown
Skin Redness,Shortness of Breath,Loss of Taste,Sore Throat,Dizziness,Weakness,Diarrhea,Strep Throat
Loss of Smell,Ear Pain,Headache,Runny Nose,Swollen Lymph Nodes,Sore Throat,Rash,Strep Throat
Low Blood Pressure,Joint Pain,Fatigue,High Blood Pressure,Chills,Runny Nose,Rapid Heart Rate,Cold
Loss of Appetite,Skin Redness,Rapid Heart Rate,Rash,Swollen Lymph Nodes,High Blood Pressure,Blurred Vision,Unknown
Rash,Cough,Sore Throat,Loss of Smell,Ear Pain,Loss of Appetite,Abdominal Pain,Unknown
Shortness of Breath,Loss of Taste,Confusion,Skin Peeling,Chest Pain,Weakness,Abdominal Pain,Unknown
Low Blood Pressure,Vomiting,Shortness of Breath,Chills,Skin Peeling,Sweating,Blurred Vision,Unknown
Blurred Vision,Joint Pain,Rash,Fever,Abdominal Pain,Loss of Appetite,Rapid Heart Rate,Strep Throat
Cough,Loss of Appetite,Difficulty Swallowing,Ear Pain,Chest Pain,High Blood Pressure,Sore Throat,Scarlet Fever
Fever,Sweating,Weakness,Skin Redness,Low Blood Pressure,Cough,Chest Pain,Ear Infection
Nausea,Swollen Lymph Nodes,Sore Throat,Runny Nose,Skin Redness,Chills,Rash,Unknown
Cough,Chills,Loss of Appetite,Muscle Pain,Low Blood Pressure,Runny Nose,Rash,Unknown
Swollen Lymph Nodes,Loss of Taste,Ear Pain,Diarrhea,Runny Nose,Skin Peeling,Confusion,Cold
Low Blood Pressure,Vomiting,Ear Pain,Skin Redness,Loss of Appetite,Confusion,Sore Throat,Food Poisoning
Blurred Vision,Shortness of Breath,Loss of Taste,Diarrhea,Low Blood Pressure,Nausea,Sore Throat,Scarlet Fever
Loss of Taste,Sweating,Skin Peeling,Joint Pain,Loss of Appetite,Shortness of Breath,Low Blood Pressure,Scarlet Fever
Loss of Taste,Skin Redness,Vomiting,Low Blood Pressure,Difficulty Swallowing,Swollen Lymph Nodes,Weakness,Typhoid
Chills,Fever,Muscle Pain,Skin Peeling,Blurred Vision,Rapid Heart Rate,Dizziness,Hypotension
Low Blood Pressure,Abdominal Pain,Ear Pain,Blurred Vision,Difficulty Swallowing,Sore Throat,Weakness,Unknown
Rash,Loss of Smell,Headache,Chest Pain,Chills,Blurred Vision,Low Blood Pressure,Flu
Rash,Blurred Vision,Difficulty Swallowing,High Blood Pressure,Dizziness,Chest Pain,Muscle Pain,Unknown
Nausea,Sweating,Vomiting,Headache,Fatigue,Skin Peeling,Runny Nose,Food Poisoning
Difficulty Swallowing,Sweating,Loss of Taste,Joint Pain,Fatigue,Confusion,Blurred Vision,Flu
Rash,Diarrhea,Dizziness,Fatigue,Runny Nose,Muscle Pain,Weakness,Unknown
Fever,Confusion,Loss of Appetite,High Blood Pressure,Diarrhea,Sweating,Dizziness,Food Poisoning
Loss of Smell,High Blood Pressure,Sore Throat,Runny Nose,Low Blood Pressure,Difficulty Swallowing,Loss of Taste,Hypotension
Fatigue,Loss of Taste,Sore Throat,Rash,Swollen Lymph Nodes,Abdominal Pain,Chest Pain,Pneumonia
Abdominal Pain,Rapid Heart Rate,Joint Pain,Sweating,Diarrhea,Fatigue,Chest Pain,Typhoid
Abdominal Pain,Loss of Smell,Loss of Appetite,Skin Redness,Chest Pain,Sweating,Loss of Taste,Unknown
Chest Pain,Sweating,Rash,Diarrhea,Loss of Appetite,High Blood Pressure,Muscle Pain,COVID-19
Loss of Smell,Headache,Diarrhea,Sore Throat,Skin Redness,Fever,Chest Pain,Unknown
Abdominal Pain,Loss of Appetite,Shortness of Breath,Dizziness,Runny Nose,Weakness,Rash,Unknown
Ear Pain,Loss of Smell,Shortness of Breath,Difficulty Swallowing,Joint Pain,Abdominal Pain,Loss of Taste,Strep Throat
Shortness of Breath,Joint Pain,Sore Throat,Fever,High Blood Pressure,Swollen Lymph Nodes,Sweating,COVID-19
Chills,Abdominal Pain,Swollen Lymph Nodes,Sore Throat,Nausea,Joint Pain,Loss of Taste,Cold
Difficulty Swallowing,Chest Pain,Nausea,Runny Nose,Diarrhea,Dizziness,Confusion,Meningitis
Diarrhea,Fatigue,Rash,Shortness of Breath,Loss of Appetite,Skin Peeling,Headache,Dengue
Nausea,Cough,Rapid Heart Rate,Shortness of Breath,Confusion,Sweating,High Blood Pressure,COVID-19
Vomiting,Diarrhea,Nausea,Swollen Lymph Nodes,Joint Pain,Confusion,High Blood Pressure,Food Poisoning
Skin Peeling,Rapid Heart Rate,Diarrhea,Runny Nose,Dizziness,Ear Pain,Difficulty Swallowing,Unknown
Loss of Appetite,Ear Pain,Dizziness,Fatigue,Loss of Taste,Weakness,Rash,Food Poisoning
Nausea,High Blood Pressure,Loss of Taste,Abdominal Pain,Headache,Weakness,Runny Nose,Migraine
Swollen Lymph Nodes,Shortness of Breath,Joint Pain,Fatigue,Ear Pain,Loss of Appetite,Runny Nose,Strep Throat
Loss of Appetite,Joint Pain,Weakness,Fatigue,Chills,Sweating,Loss of Smell,COVID-19
Skin Peeling,Muscle Pain,Loss of Appetite,Fever,Shortness of Breath,Chest Pain,Nausea,Pneumonia
Loss of Appetite,Vomiting,Fever,Weakness,Runny Nose,Nausea,Abdominal Pain,Cold
Chills,Sore Throat,Skin Redness,Rash,Blurred Vision,Headache,Muscle Pain,Cold
Skin Peeling,Loss of Appetite,Sore Throat,Runny Nose,Nausea,Sweating,High Blood Pressure,Unknown
Diarrhea,Runny Nose,Skin Redness,Chills,Loss of Appetite,Cough,Headache,Typhoid
Rash,Rapid Heart Rate,Diarrhea,High Blood Pressure,Nausea,Dizziness,Loss of Appetite,Unknown
Diarrhea,Chills,Confusion,Weakness,Sore Throat,Fatigue,Headache,Migraine
Loss of Appetite,Cough,Abdominal Pain,Headache,Ear Pain,Low Blood Pressure,Weakness,Cold
Chills,Dizziness,Loss of Taste,Ear Pain,Skin Peeling,Vomiting,Weakness,Hypotension
Rash,Nausea,High Blood Pressure,Joint Pain,Low Blood Pressure,Diarrhea,Sore Throat,Unknown
Swollen Lymph Nodes,Joint Pain,Dizziness,Difficulty Swallowing,Diarrhea,Cough,Low Blood Pressure,Cold
Muscle Pain,Shortness of Breath,Abdominal Pain,Loss of Smell,Sore Throat,Fever,Loss of Taste,Cold
Cough,Abdominal Pain,Sore Throat,Fatigue,Vomiting,Skin Peeling,Fever,Flu
Difficulty Swallowing,Swollen Lymph Nodes,Sweating,Blurred Vision,Confusion,Nausea,Skin Redness,Meningitis
Rash,Fatigue,Skin Peeling,Blurred Vision,Vomiting,Skin Redness,Loss of Taste,Food Poisoning
Loss of Taste,Cough,Abdominal Pain,Sweating,Low Blood Pressure,Difficulty Swallowing,Skin Peeling,Unknown
Sore Throat,Skin Peeling,Chills,Fatigue,Confusion,Dizziness,Diarrhea,Meningitis
Runny Nose,Diarrhea,Muscle Pain,Rapid Heart Rate,Weakness,Loss of Appetite,Low Blood Pressure,Unknown
Fatigue,Joint Pain,Abdominal Pain,Muscle Pain,Nausea,Cough,Difficulty Swallowing,COVID-19
Confusion,Shortness of Breath,Dizziness,Low Blood Pressure,Runny Nose,Loss of Taste,Chest Pain,Cold
Sweating,Fever,Weakness,Fatigue,Chest Pain,Blurred Vision,Diarrhea,Strep Throat
Sore Throat,Runny Nose,Loss of Taste,Ear Pain,Vomiting,Sweating,Confusion,Malaria
Confusion,Loss of Appetite,Loss of Smell,Difficulty Swallowing,Sweating,Rash,Diarrhea,Malaria
Headache,Abdominal Pain,Muscle Pain,Skin Peeling,Blurred Vision,Loss of Taste,Loss of Smell,Ear Infection
Rapid Heart Rate,High Blood Pressure,Abdominal Pain,Joint Pain,Chest Pain,Vomiting,Fever,Flu
Runny Nose,Rash,Joint Pain,Skin Peeling,Chest Pain,Vomiting,Fatigue,Food Poisoning
Ear Pain,Muscle Pain,Abdominal Pain,Loss of Smell,Skin Redness,Rapid Heart Rate,Fatigue,Unknown
Rapid Heart Rate,Muscle Pain,Shortness of Breath,Dizziness,Loss of Taste,Vomiting,Cough,Flu
Dizziness,Cough,Blurred Vision,Chills,Joint Pain,Sweating,Chest Pain,Unknown
Runny Nose,Loss of Appetite,Difficulty Swallowing,Swollen Lymph Nodes,Headache,Confusion,Rapid Heart Rate,Unknown
Ear Pain,Loss of Smell,Chest Pain,Nausea,Confusion,Joint Pain,Blurred Vision,Unknown
Nausea,Diarrhea,Loss of Appetite,Weakness,Shortness of Breath,Loss of Taste,Fatigue,Hypotension
Swollen Lymph Nodes,Sweating,Ear Pain,Low Blood Pressure,Cough,Chest Pain,Runny Nose,COVID-19
Runny Nose,Swollen Lymph Nodes,Vomiting,Chills,Weakness,Joint Pain,Fever,Flu
Sore Throat,Sweating,Nausea,Joint Pain,Skin Peeling,Vomiting,Fever,Dengue
Fever,Weakness,Muscle Pain,Chills,Sore Throat,Skin Peeling,Difficulty Swallowing,Hypotension
Blurred Vision,Ear Pain,Loss of Smell,Rash,Skin Redness,Dizziness,Difficulty Swallowing,Unknown
Shortness of Breath,Headache,Sore Throat,Runny Nose,Muscle Pain,Weakness,Rapid Heart Rate,Ear Infection
Nausea,Chills,Swollen Lymph Nodes,Loss of Appetite,Difficulty Swallowing,Weakness,Confusion,Unknown
Chills,Muscle Pain,Dizziness,Sore Throat,High Blood Pressure,Diarrhea,Loss of Smell,Malaria
Shortness of Breath,Headache,Loss of Taste,Dizziness,Vomiting,Rash,Fever,Hypotension
Weakness,Ear Pain,Joint Pain,Skin Redness,Fatigue,Loss of Smell,Chills,Flu
High Blood Pressure,Sweating,Fatigue,Ear Pain,Skin Peeling,Weakness,Cough,Hypotension
Swollen Lymph Nodes,Skin Peeling,Loss of Appetite,Headache,Diarrhea,Fatigue,Muscle Pain,Unknown
Skin Redness,Shortness of Breath,Vomiting,Rapid Heart Rate,Nausea,Joint Pain,Sweating,Scarlet Fever
Difficulty Swallowing,Low Blood Pressure,Sore Throat,Fatigue,Loss of Taste,Diarrhea,Abdominal Pain,Unknown
Chills,Abdominal Pain,Rapid Heart Rate,Low Blood Pressure,Shortness of Breath,Sweating,Sore Throat,Malaria
Fatigue,Dizziness,Loss of Taste,Rash,Blurred Vision,Nausea,Chills,Unknown
Cough,Fever,Low Blood Pressure,Blurred Vision,Sweating,Diarrhea,Chills,Ear Infection
Chills,Muscle Pain,Low Blood Pressure,Abdominal Pain,Diarrhea,Confusion,Runny Nose,Dengue
Ear Pain,Headache,Skin Peeling,Vomiting,Sweating,Rapid Heart Rate,Loss of Appetite,Ear Infection
Loss of Taste,Headache,Rapid Heart Rate,Muscle Pain,Skin Peeling,Weakness,Loss of Smell,Meningitis
Nausea,Low Blood Pressure,Skin Peeling,Rapid Heart Rate,Blurred Vision,Fever,Weakness,Unknown
Nausea,Loss of Smell,Difficulty Swallowing,Confusion,Joint Pain,Vomiting,Abdominal Pain,Typhoid
Low Blood Pressure,Skin Redness,Sweating,Swollen Lymph Nodes,Chest Pain,Confusion,Abdominal Pain,Unknown
Ear Pain,Difficulty Swallowing,Chest Pain,Loss of Appetite,Fever,Loss of Taste,Muscle Pain,Pneumonia
Nausea,Dizziness,Cough,Skin Peeling,Ear Pain,Loss of Appetite,Chills,Typhoid
Headache,Muscle Pain,Dizziness,Fever,Blurred Vision,Shortness of Breath,Confusion,Migraine
Swollen Lymph Nodes,Chills,Sore Throat,Diarrhea,Shortness of Breath,Abdominal Pain,Vomiting,Unknown
Shortness of Breath,Fever,Blurred Vision,High Blood Pressure,Nausea,Low Blood Pressure,Sore Throat,Dengue
Chest Pain,Low Blood Pressure,Chills,Skin Redness,Joint Pain,Swollen Lymph Nodes,Skin Peeling,Scarlet Fever
Shortness of Breath,Joint Pain,Ear Pain,Rapid Heart Rate,Fatigue,Skin Peeling,Abdominal Pain,Hypotension
Abdominal Pain,Fatigue,Difficulty Swallowing,Loss of Smell,Rapid Heart Rate,High Blood Pressure,Vomiting,Typhoid
Low Blood Pressure,Skin Redness,Chest Pain,Chills,Shortness of Breath,Abdominal Pain,Loss of Smell,Unknown
Cough,Fever,Fatigue,Loss of Smell,Abdominal Pain,High Blood Pressure,Dizziness,Strep Throat
Headache,Cough,High Blood Pressure,Loss of Smell,Rash,Abdominal Pain,Fatigue,Malaria
Chest Pain,Difficulty Swallowing,Runny Nose,Loss of Taste,Rapid Heart Rate,Sweating,Fatigue,Hypotension
Sore Throat,Weakness,Low Blood Pressure,Shortness of Breath,Rash,Blurred Vision,Diarrhea,COVID-19
Runny Nose,Muscle Pain,Low Blood Pressure,Dizziness,Rapid Heart Rate,Diarrhea,Difficulty Swallowing,Unknown
Skin Peeling,Loss of Appetite,Loss of Taste,Weakness,Difficulty Swallowing,Swollen Lymph Nodes,Chest Pain,Unknown
Dizziness,Loss of Appetite,Cough,Shortness of Breath,Blurred Vision,Nausea,Loss of Taste,Pneumonia
Low Blood Pressure,Nausea,Rash,Joint Pain,Runny Nose,Difficulty Swallowing,High Blood Pressure,Food Poisoning
Diarrhea,Confusion,Joint Pain,Abdominal Pain,Dizziness,Headache,Blurred Vision,Unknown
Difficulty Swallowing,Muscle Pain,Dizziness,Swollen Lymph Nodes,Vomiting,Diarrhea,Skin Peeling,Unknown
Muscle Pain,Diarrhea,Fever,Dizziness,Sore Throat,Sweating,Difficulty Swallowing,Typhoid
Low Blood Pressure,Loss of Appetite,Sweating,Diarrhea,Runny Nose,Skin Redness,Fatigue,Unknown
Skin Peeling,Diarrhea,Runny Nose,Dizziness,Skin Redness,Swollen Lymph Nodes,Sore Throat,Unknown
Headache,Shortness of Breath,Nausea,Diarrhea,Loss of Appetite,Rash,Sweating,COVID-19
Sweating,Rapid Heart Rate,Nausea,Loss of Taste,Difficulty Swallowing,Shortness of Breath,Chills,Unknown
Skin Peeling,Loss of Taste,Loss of Appetite,Diarrhea,Vomiting,Skin Redness,Confusion,Typhoid
Dizziness,Ear Pain,Blurred Vision,Skin Redness,Cough,Loss of Smell,Loss of Taste,Unknown
Chills,Blurred Vision,Vomiting,Low Blood Pressure,Joint Pain,Diarrhea,High Blood Pressure,Food Poisoning
Dizziness,Sweating,Loss of Smell,Cough,Loss of Taste,Confusion,Low Blood Pressure,Hypotension
Fatigue,Skin Peeling,Muscle Pain,Runny Nose,Cough,Vomiting,Rapid Heart Rate,Typhoid
Rapid Heart Rate,Chest Pain,Swollen Lymph Nodes,Dizziness,Difficulty Swallowing,Diarrhea,Confusion,Unknown
Runny Nose,Nausea,Chest Pain,Shortness of Breath,Sore Throat,Dizziness,Loss of Appetite,Unknown
Skin Redness,High Blood Pressure,Diarrhea,Skin Peeling,Difficulty Swallowing,Nausea,Vomiting,Hypertension
Loss of Smell,Sore Throat,Vomiting,Blurred Vision,Swollen Lymph Nodes,Low Blood Pressure,Sweating,Unknown
Fever,Fatigue,Abdominal Pain,Skin Peeling,Dizziness,Diarrhea,Chest Pain,Cold
Dizziness,Joint Pain,Swollen Lymph Nodes,Rapid Heart Rate,Vomiting,Diarrhea,Loss of Smell,Unknown
Skin Redness,Muscle Pain,Sweating,Chills,Headache,Blurred Vision,Difficulty Swallowing,Unknown
Nausea,Skin Peeling,Chills,Muscle Pain,Cough,Blurred Vision,Rash,Unknown
Low Blood Pressure,Swollen Lymph Nodes,Ear Pain,Shortness of Breath,Chest Pain,High Blood Pressure,Rapid Heart Rate,Unknown
Confusion,Loss of Smell,Blurred Vision,Shortness of Breath,Cough,Rapid Heart Rate,Muscle Pain,Pneumonia
Rapid Heart Rate,Ear Pain,Skin Peeling,Confusion,Dizziness,Loss of Taste,Nausea,Hypertension
Skin Peeling,Fatigue,Weakness,Vomiting,Dizziness,Cough,Nausea,Scarlet Fever
Sweating,Skin Peeling,Vomiting,Confusion,Skin Redness,Diarrhea,Weakness,Food Poisoning
Chest Pain,Loss of Taste,Swollen Lymph Nodes,Ear Pain,Nausea,Runny Nose,Chills,Food Poisoning
Confusion,Loss of Taste,Loss of Appetite,Dizziness,Cough,Runny Nose,Headache,Typhoid
Cough,Ear Pain,Diarrhea,Confusion,Chest Pain,Dizziness,Loss of Taste,Flu
Joint Pain,Runny Nose,Fatigue,Chest Pain,Blurred Vision,Shortness of Breath,Confusion,Flu
Loss of Taste,Fatigue,Rash,Chills,Loss of Smell,Skin Peeling,Confusion,Typhoid
High Blood Pressure,Skin Peeling,Weakness,Confusion,Vomiting,Sweating,Joint Pain,Unknown
Runny Nose,Chills,Sore Throat,Abdominal Pain,Shortness of Breath,Loss of Smell,Fever,Pneumonia
Confusion,Vomiting,High Blood Pressure,Swollen Lymph Nodes,Chest Pain,Shortness of Breath,Loss of Appetite,Unknown
Swollen Lymph Nodes,Ear Pain,Muscle Pain,Sweating,Vomiting,Fever,Confusion,Food Poisoning
Weakness,Sore Throat,Fatigue,Loss of Smell,Chest Pain,Joint Pain,Blurred Vision,Unknown
Vomiting,Ear Pain,Blurred Vision,Rapid Heart Rate,Muscle Pain,High Blood Pressure,Loss of Smell,COVID-19
Headache,Chest Pain,Cough,Low Blood Pressure,Sweating,Dizziness,Confusion,Unknown
Skin Peeling,Low Blood Pressure,Loss of Taste,Abdominal Pain,Rash,Joint Pain,Runny Nose,Hypotension
Dizziness,Weakness,Runny Nose,Skin Peeling,Loss of Smell,Sweating,Ear Pain,Scarlet Fever
Loss of Smell,Headache,Muscle Pain,Sweating,Rash,Loss of Taste,Confusion,Ear Infection
Skin Redness,Headache,Weakness,Swollen Lymph Nodes,Abdominal Pain,Ear Pain,High Blood Pressure,Meningitis
Joint Pain,Cough,Loss of Smell,Abdominal Pain,Difficulty Swallowing,Skin Redness,Swollen Lymph Nodes,Unknown
Vomiting,Fatigue,Loss of Smell,Chills,Loss of Appetite,Confusion,High Blood Pressure,Food Poisoning
Muscle Pain,Rapid Heart Rate,Fatigue,Sweating,Chills,Abdominal Pain,Headache,Unknown
Fatigue,Nausea,Muscle Pain,Chills,Sweating,Skin Peeling,Swollen Lymph Nodes,Cold
Ear Pain,Blurred Vision,Rapid Heart Rate,Confusion,Low Blood Pressure,Sore Throat,Fatigue,Scarlet Fever
Headache,Loss of Appetite,Skin Redness,Confusion,Low Blood Pressure,Fever,Diarrhea,Hypertension
Joint Pain,High Blood Pressure,Confusion,Chills,Abdominal Pain,Vomiting,Loss of Appetite,Unknown
Blurred Vision,Shortness of Breath,Fever,Loss of Appetite,Ear Pain,Nausea,Headache,Typhoid
Vomiting,Sweating,Chest Pain,Skin Peeling,Shortness of Breath,Nausea,Fever,Ear Infection
Dizziness,Sore Throat,Nausea,Shortness of Breath,Joint Pain,High Blood Pressure,Loss of Smell,Strep Throat
Swollen Lymph Nodes,Rash,High Blood Pressure,Loss of Appetite,Fever,Muscle Pain,Abdominal Pain,Pneumonia
Diarrhea,Sweating,Rapid Heart Rate,Loss of Taste,Chills,Fever,Rash,Dengue
Blurred Vision,Weakness,Muscle Pain,Shortness of Breath,Sore Throat,Difficulty Swallowing,Diarrhea,Food Poisoning
Cough,Confusion,Runny Nose,Loss of Taste,Skin Redness,Chills,Difficulty Swallowing,Pneumonia
Loss of Taste,Muscle Pain,Shortness of Breath,Abdominal Pain,Ear Pain,Sweating,Rapid Heart Rate,Unknown
Rapid Heart Rate,Diarrhea,Runny Nose,Low Blood Pressure,Chills,High Blood Pressure,Blurred Vision,Unknown
Confusion,Diarrhea,Muscle Pain,Joint Pain,Ear Pain,Runny Nose,Nausea,Cold
Muscle Pain,Skin Peeling,Fatigue,Loss of Smell,Runny Nose,Confusion,Swollen Lymph Nodes,Typhoid
High Blood Pressure,Cough,Chills,Low Blood Pressure,Loss of Smell,Joint Pain,Blurred Vision,Unknown
Abdominal Pain,Muscle Pain,Difficulty Swallowing,Dizziness,Runny Nose,Sore Throat,Loss of Smell,Unknown
Skin Redness,Abdominal Pain,Vomiting,Dizziness,Sweating,Headache,Weakness,Meningitis
Headache,Muscle Pain,Vomiting,Difficulty Swallowing,High Blood Pressure,Joint Pain,Skin Redness,Ear Infection
Difficulty Swallowing,Loss of Taste,Ear Pain,Fever,Cough,Sweating,Joint Pain,Cold
Joint Pain,Chest Pain,Sore Throat,Diarrhea,Rapid Heart Rate,Blurred Vision,Abdominal Pain,Migraine
Ear Pain,Muscle Pain,Abdominal Pain,Diarrhea,Loss of Smell,Nausea,Difficulty Swallowing,Dengue
Ear Pain,Rash,Vomiting,Cough,Weakness,Rapid Heart Rate,Skin Redness,Cold
Difficulty Swallowing,High Blood Pressure,Nausea,Swollen Lymph Nodes,Rapid Heart Rate,Headache,Joint Pain,Food Poisoning
High Blood Pressure,Shortness of Breath,Abdominal Pain,Fatigue,Confusion,Dizziness,Weakness,Migraine
Chest Pain,Vomiting,Joint Pain,Confusion,Low Blood Pressure,Loss of Appetite,Headache,Malaria
Muscle Pain,Abdominal Pain,Shortness of Breath,Loss of Taste,Runny Nose,Low Blood Pressure,Rapid Heart Rate,Unknown
Blurred Vision,Loss of Taste,Chills,Rash,Nausea,Joint Pain,Muscle Pain,Unknown
Vomiting,Weakness,Chest Pain,Diarrhea,Muscle Pain,Sweating,Skin Peeling,Pneumonia
Sore Throat,Runny Nose,Fever,Chills,Skin Redness,High Blood Pressure,Abdominal Pain,Cold
Nausea,Loss of Taste,Swollen Lymph Nodes,Confusion,Runny Nose,Joint Pain,Skin Peeling,Dengue
Abdominal Pain,Cough,Runny Nose,Sweating,Sore Throat,Rash,High Blood Pressure,Flu
Vomiting,High Blood Pressure,Dizziness,Muscle Pain,Loss of Appetite,Chest Pain,Headache,Dengue
Low Blood Pressure,Chills,Skin Redness,Runny Nose,Abdominal Pain,Diarrhea,Difficulty Swallowing,Unknown
High Blood Pressure,Blurred Vision,Loss of Smell,Diarrhea,Difficulty Swallowing,Ear Pain,Shortness of Breath,Strep Throat
Swollen Lymph Nodes,Chills,Chest Pain,Joint Pain,Cough,Diarrhea,Weakness,Pneumonia
Diarrhea,Headache,Confusion,Skin Redness,Loss of Taste,Cough,Ear Pain,Ear Infection
Rash,Skin Redness,Confusion,Low Blood Pressure,Loss of Taste,High Blood Pressure,Muscle Pain,Unknown
Diarrhea,Muscle Pain,Headache,Sweating,Blurred Vision,Nausea,Loss of Smell,Migraine
Joint Pain,Muscle Pain,Skin Redness,Swollen Lymph Nodes,Rash,Fever,Weakness,COVID-19
Sore Throat,Rapid Heart Rate,Weakness,Fatigue,Skin Redness,Loss of Appetite,Abdominal Pain,Unknown
Cough,Shortness of Breath,Weakness,Muscle Pain,Ear Pain,Blurred Vision,Skin Peeling,Unknown
Ear Pain,Fatigue,Dizziness,Rash,Confusion,Blurred Vision,Skin Redness,Unknown
Abdominal Pain,Nausea,Fatigue,Loss of Smell,Skin Redness,Loss of Appetite,Chest Pain,Unknown
Fatigue,Fever,Shortness of Breath,Skin Redness,Rapid Heart Rate,Muscle Pain,Joint Pain,Meningitis
Sweating,Low Blood Pressure,Ear Pain,Skin Redness,Rash,Loss of Appetite,Vomiting,Malaria
Diarrhea,Runny Nose,Ear Pain,Skin Redness,Chills,Low Blood Pressure,Rash,Cold
Rapid Heart Rate,Chest Pain,Loss of Smell,Runny Nose,Difficulty Swallowing,Sweating,Fatigue,Malaria
Muscle Pain,Low Blood Pressure,Cough,Chills,Blurred Vision,Runny Nose,Chest Pain,Hypotension
Loss of Appetite,Sore Throat,Weakness,Loss of Smell,Skin Peeling,Shortness of Breath,Chest Pain,Unknown
Rash,Difficulty Swallowing,Joint Pain,Confusion,Vomiting,Fever,Low Blood Pressure,Pneumonia
Loss of Appetite,Vomiting,Difficulty Swallowing,Nausea,Skin Redness,Rash,Sore Throat,Typhoid
Low Blood Pressure,Swollen Lymph Nodes,Loss of Appetite,Rapid Heart Rate,Nausea,Fatigue,Chest Pain,Hypertension
Chills,Ear Pain,Rapid Heart Rate,Skin Peeling,Rash,Dizziness,Sweating,Unknown
Blurred Vision,Fever,Weakness,Skin Redness,Loss of Appetite,Headache,Runny Nose,Strep Throat
Skin Peeling,Rapid Heart Rate,Nausea,High Blood Pressure,Dizziness,Joint Pain,Chills,Meningitis
Nausea,Joint Pain,Headache,Sweating,Shortness of Breath,Weakness,Loss of Taste,Unknown
Loss of Appetite,Low Blood Pressure,Skin Peeling,Weakness,Chills,Rash,Ear Pain,Unknown
Dizziness,Vomiting,Rash,Cough,Rapid Heart Rate,Loss of Taste,Weakness,Hypertension
Joint Pain,Dizziness,Skin Peeling,Blurred Vision,Chest Pain,Skin Redness,Loss of Smell,Migraine
Abdominal Pain,Chest Pain,Joint Pain,Chills,Shortness of Breath,Dizziness,Low Blood Pressure,Unknown
Muscle Pain,Vomiting,Diarrhea,Sore Throat,Headache,Skin Peeling,Ear Pain,Dengue
Joint Pain,Chest Pain,Dizziness,Chills,Skin Redness,Sore Throat,Difficulty Swallowing,Unknown
Blurred Vision,Abdominal Pain,Chills,Shortness of Breath,Cough,Low Blood Pressure,Fatigue,Pneumonia
Low Blood Pressure,Sweating,Headache,Chest Pain,Difficulty Swallowing,Muscle Pain,Abdominal Pain,Dengue
Chills,Joint Pain,Low Blood Pressure,Rapid Heart Rate,Loss of Smell,Vomiting,Abdominal Pain,Food Poisoning
Chills,Muscle Pain,Loss of Taste,Chest Pain,Rapid Heart Rate,Skin Redness,Joint Pain,Unknown
Loss of Appetite,Cough,Swollen Lymph Nodes,Chills,Skin Redness,Ear Pain,Headache,Dengue
Loss of Appetite,Vomiting,Rapid Heart Rate,Chills,Loss of Smell,Nausea,Joint Pain,Unknown
Weakness,Sweating,Nausea,Rash,Loss of Taste,Loss of Appetite,Blurred Vision,Malaria
Nausea,Ear Pain,Rapid Heart Rate,High Blood Pressure,Sweating,Chills,Dizziness,Unknown
Skin Redness,Vomiting,Sore Throat,Loss of Smell,Rash,Abdominal Pain,Dizziness,Flu
Skin Peeling,Confusion,Chills,Runny Nose,Fatigue,High Blood Pressure,Rapid Heart Rate,Unknown
Weakness,Skin Peeling,Fever,Chest Pain,Cough,Loss of Taste,Low Blood Pressure,Malaria
Runny Nose,Chills,Skin Peeling,Sweating,Diarrhea,Confusion,Ear Pain,Cold
Loss of Appetite,Skin Peeling,Abdominal Pain,Cough,Fatigue,Muscle Pain,Difficulty Swallowing,Ear Infection
Cough,Loss of Appetite,Shortness of Breath,Blurred Vision,Headache,Muscle Pain,High Blood Pressure,Unknown
Rash,Skin Redness,Muscle Pain,Shortness of Breath,Diarrhea,Fever,Nausea,Pneumonia
Difficulty Swallowing,High Blood Pressure,Loss of Appetite,Chest Pain,Fever,Blurred Vision,Abdominal Pain,Unknown
Difficulty Swallowing,Chills,Shortness of Breath,Fever,Runny Nose,Diarrhea,Sweating,Cold
Sore Throat,Fever,Sweating,Dizziness,Diarrhea,Shortness of Breath,Cough,Flu
Swollen Lymph Nodes,Dizziness,Confusion,Sweating,Loss of Taste,High Blood Pressure,Runny Nose,Unknown
Diarrhea,Swollen Lymph Nodes,Cough,Muscle Pain,Chest Pain,Blurred Vision,High Blood Pressure,Hypertension
Fatigue,Weakness,Cough,Chest Pain,Chills,Rash,Runny Nose,Hypertension
Joint Pain,Muscle Pain,Skin Peeling,High Blood Pressure,Loss of Taste,Cough,Difficulty Swallowing,Flu
Low Blood Pressure,Fatigue,Loss of Taste,Swollen Lymph Nodes,Rapid Heart Rate,Dizziness,Runny Nose,Food Poisoning
Cough,Swollen Lymph Nodes,Diarrhea,Joint Pain,High Blood Pressure,Skin Redness,Nausea,Unknown
Swollen Lymph Nodes,Low Blood Pressure,Nausea,Vomiting,Weakness,Skin Peeling,Runny Nose,Meningitis
Muscle Pain,Skin Redness,Loss of Smell,Rapid Heart Rate,Fever,Dizziness,Difficulty Swallowing,Flu
Confusion,Skin Redness,Diarrhea,High Blood Pressure,Headache,Ear Pain,Joint Pain,Unknown
Difficulty Swallowing,Rapid Heart Rate,Ear Pain,Cough,Confusion,Chest Pain,Shortness of Breath,Unknown
Loss of Appetite,Sore Throat,Sweating,Shortness of Breath,Difficulty Swallowing,Low Blood Pressure,Fatigue,Cold
Headache,Fever,Weakness,Loss of Smell,Low Blood Pressure,Runny Nose,Dizziness,Meningitis
Runny Nose,High Blood Pressure,Blurred Vision,Loss of Appetite,Loss of Smell,Sore Throat,Loss of Taste,Unknown
Muscle Pain,Abdominal Pain,Dizziness,Fatigue,Blurred Vision,Fever,Vomiting,Hypertension
Low Blood Pressure,Diarrhea,Loss of Appetite,Joint Pain,Muscle Pain,Nausea,Loss of Taste,Unknown
Nausea,Low Blood Pressure,Chest Pain,Cough,Shortness of Breath,Skin Redness,High Blood Pressure,Unknown
Confusion,Vomiting,Low Blood Pressure,Fatigue,Weakness,Swollen Lymph Nodes,Sweating,Strep Throat
Chest Pain,High Blood Pressure,Cough,Diarrhea,Swollen Lymph Nodes,Chills,Skin Redness,COVID-19
Confusion,Weakness,Low Blood Pressure,Rash,Sore Throat,Skin Redness,Cough,Malaria
Skin Redness,Nausea,Blurred Vision,Cough,Sore Throat,Vomiting,Loss of Smell,Migraine
Rash,Chills,Headache,Chest Pain,Runny Nose,Abdominal Pain,Shortness of Breath,Migraine
Diarrhea,Abdominal Pain,Ear Pain,Dizziness,Sweating,Loss of Appetite,Cough,Unknown
Diarrhea,High Blood Pressure,Sweating,Nausea,Low Blood Pressure,Fatigue,Loss of Appetite,Typhoid
Low Blood Pressure,Skin Peeling,Diarrhea,Loss of Appetite,Dizziness,Swollen Lymph Nodes,Muscle Pain,Unknown
Diarrhea,Rash,Chest Pain,Difficulty Swallowing,Cough,Nausea,Sweating,Cold
Skin Redness,Confusion,Diarrhea,Fatigue,Vomiting,Loss of Taste,Loss of Smell,Flu
Difficulty Swallowing,Chills,Runny Nose,Loss of Appetite,Swollen Lymph Nodes,Skin Redness,Sweating,Unknown
Chills,Headache,Runny Nose,Muscle Pain,Skin Redness,Joint Pain,Sweating,Migraine
Difficulty Swallowing,Chills,Rash,Fever,Headache,Nausea,Sore Throat,Hypertension
Blurred Vision,Runny Nose,Rapid Heart Rate,Rash,Abdominal Pain,Sweating,Vomiting,Malaria
Rash,Weakness,Vomiting,Sweating,Rapid Heart Rate,Nausea,Chills,Dengue
Loss of Appetite,Vomiting,Diarrhea,Sore Throat,Nausea,Dizziness,Loss of Taste,Unknown
Shortness of Breath,Vomiting,High Blood Pressure,Blurred Vision,Low Blood Pressure,Loss of Smell,Muscle Pain,Unknown
Abdominal Pain,Skin Peeling,Low Blood Pressure,Rash,Vomiting,Sweating,Headache,Food Poisoning
Cough,Chills,Abdominal Pain,Vomiting,Loss of Appetite,Diarrhea,Loss of Taste,Unknown
Nausea,Loss of Appetite,Skin Peeling,Swollen Lymph Nodes,Joint Pain,Chills,Muscle Pain,Unknown
Nausea,Headache,Dizziness,Rash,High Blood Pressure,Skin Redness,Sore Throat,Dengue
Loss of Appetite,Cough,Weakness,Confusion,Rash,Ear Pain,Nausea,Unknown
Chills,Low Blood Pressure,Fatigue,Rash,Shortness of Breath,Rapid Heart Rate,Loss of Appetite,Hypertension
Confusion,Abdominal Pain,Loss of Appetite,Diarrhea,Chills,Joint Pain,Fatigue,Cold
Skin Redness,Runny Nose,Loss of Smell,Difficulty Swallowing,Loss of Taste,Rapid Heart Rate,Swollen Lymph Nodes,Unknown
Low Blood Pressure,Fatigue,Chest Pain,Loss of Appetite,Cough,Rapid Heart Rate,Diarrhea,Flu
Loss of Appetite,Swollen Lymph Nodes,Diarrhea,Rash,Difficulty Swallowing,Confusion,High Blood Pressure,Unknown
Difficulty Swallowing,Joint Pain,Low Blood Pressure,Fever,Skin Redness,Loss of Taste,Abdominal Pain,Pneumonia
Headache,Joint Pain,Skin Redness,Dizziness,Runny Nose,High Blood Pressure,Swollen Lymph Nodes,Unknown
Ear Pain,Nausea,Rash,Headache,Muscle Pain,Difficulty Swallowing,Rapid Heart Rate,Unknown
Fatigue,Abdominal Pain,Diarrhea,Swollen Lymph Nodes,High Blood Pressure,Weakness,Vomiting,Hypertension
Headache,Vomiting,Sweating,Diarrhea,Runny Nose,Skin Peeling,Cough,Scarlet Fever
Skin Redness,Sweating,Chest Pain,Muscle Pain,Diarrhea,Runny Nose,Weakness,Cold
Shortness of Breath,Vomiting,Confusion,Fever,Ear Pain,Runny Nose,Sweating,Strep Throat
Chills,High Blood Pressure,Runny Nose,Swollen Lymph Nodes,Skin Peeling,Weakness,Diarrhea,Scarlet Fever
Abdominal Pain,Shortness of Breath,Nausea,Loss of Smell,Diarrhea,Dizziness,Weakness,Meningitis
Sweating,Joint Pain,Loss of Taste,Muscle Pain,Rapid Heart Rate,Shortness of Breath,Skin Peeling,Unknown
Skin Redness,Weakness,Low Blood Pressure,Rash,Abdominal Pain,Cough,Loss of Appetite,Unknown
Swollen Lymph Nodes,Nausea,Muscle Pain,Rapid Heart Rate,Runny Nose,Blurred Vision,Chills,Meningitis
Loss of Appetite,Vomiting,Runny Nose,Dizziness,Loss of Smell,Fever,Muscle Pain,Cold
Skin Redness,Dizziness,Abdominal Pain,Sore Throat,Skin Peeling,Confusion,Blurred Vision,Migraine
Skin Redness,Weakness,Low Blood Pressure,Confusion,Shortness of Breath,Joint Pain,Nausea,Unknown
Loss of Taste,Abdominal Pain,Confusion,Difficulty Swallowing,Weakness,Low Blood Pressure,Joint Pain,COVID-19
Skin Redness,Sweating,Fever,Chills,Loss of Smell,Blurred Vision,Swollen Lymph Nodes,Meningitis
Fatigue,Nausea,Loss of Taste,Skin Peeling,Cough,Swollen Lymph Nodes,Blurred Vision,Cold
High Blood Pressure,Swollen Lymph Nodes,Fever,Loss of Appetite,Skin Peeling,Ear Pain,Fatigue,Pneumonia
Blurred Vision,Runny Nose,Dizziness,Fever,Loss of Appetite,Skin Redness,Nausea,Ear Infection
Swollen Lymph Nodes,Fever,Low Blood Pressure,Nausea,Difficulty Swallowing,Chills,Fatigue,Migraine
Nausea,Sore Throat,Runny Nose,Loss of Appetite,Rapid Heart Rate,Confusion,Diarrhea,Cold
Swollen Lymph Nodes,Abdominal Pain,Dizziness,Skin Peeling,Ear Pain,Muscle Pain,Blurred Vision,Unknown
Nausea,Difficulty Swallowing,Headache,Joint Pain,Runny Nose,Swollen Lymph Nodes,Ear Pain,Food Poisoning
Sweating,Vomiting,Runny Nose,Fever,Shortness of Breath,Rapid Heart Rate,Chest Pain,Flu
Headache,Sweating,Blurred Vision,Sore Throat,Rapid Heart Rate,Weakness,Loss of Taste,Malaria
Vomiting,Joint Pain,Diarrhea,Loss of Taste,Weakness,Chest Pain,Rapid Heart Rate,Unknown
Weakness,Cough,Chills,Ear Pain,Loss of Appetite,Swollen Lymph Nodes,Dizziness,Unknown
Headache,Fever,Low Blood Pressure,Loss of Taste,Sore Throat,Rapid Heart Rate,High Blood Pressure,Ear Infection
Swollen Lymph Nodes,Low Blood Pressure,Blurred Vision,Rash,Rapid Heart Rate,Loss of Smell,Abdominal Pain,Unknown
Fatigue,Loss of Smell,Loss of Appetite,Confusion,Low Blood Pressure,Difficulty Swallowing,Joint Pain,Unknown
Joint Pain,Weakness,Vomiting,Difficulty Swallowing,Swollen Lymph Nodes,Sweating,Rash,Unknown
Difficulty Swallowing,Chest Pain,Loss of Appetite,Sweating,High Blood Pressure,Chills,Abdominal Pain,Unknown
Joint Pain,Runny Nose,Loss of Appetite,Cough,Sweating,Abdominal Pain,Fatigue,Unknown
Ear Pain,Chills,Loss of Taste,Swollen Lymph Nodes,Cough,Blurred Vision,Fever,Malaria
Fatigue,Joint Pain,Confusion,Difficulty Swallowing,Loss of Taste,Low Blood Pressure,Abdominal Pain,Meningitis
Skin Peeling,Chest Pain,Fatigue,Low Blood Pressure,Vomiting,Difficulty Swallowing,Abdominal Pain,Cold
Diarrhea,Rash,Nausea,Headache,Blurred Vision,Joint Pain,Skin Redness,Unknown
Loss of Smell,Chills,Ear Pain,Loss of Taste,Low Blood Pressure,Loss of Appetite,Weakness,COVID-19
Weakness,High Blood Pressure,Loss of Taste,Joint Pain,Skin Redness,Cough,Rapid Heart Rate,Unknown
Loss of Taste,Sweating,Sore Throat,Ear Pain,Difficulty Swallowing,Vomiting,Skin Redness,Strep Throat
Rapid Heart Rate,Headache,Low Blood Pressure,Loss of Taste,Runny Nose,Ear Pain,Vomiting,Unknown
Loss of Appetite,Joint Pain,Fever,Rapid Heart Rate,Difficulty Swallowing,Chills,Abdominal Pain,COVID-19
Sore Throat,Fever,Loss of Taste,Sweating,Joint Pain,Fatigue,Muscle Pain,Food Poisoning
Low Blood Pressure,Nausea,Headache,Muscle Pain,Difficulty Swallowing,Vomiting,Skin Peeling,Unknown
Skin Peeling,Ear Pain,Loss of Appetite,Weakness,Blurred Vision,Sore Throat,Runny Nose,Cold
Cough,Weakness,Loss of Appetite,Dizziness,Abdominal Pain,Rapid Heart Rate,Loss of Smell,Food Poisoning
Weakness,Cough,Dizziness,Ear Pain,Fatigue,Confusion,Swollen Lymph Nodes,Ear Infection
Cough,Diarrhea,Nausea,Sweating,Swollen Lymph Nodes,Ear Pain,Rapid Heart Rate,Cold
Loss of Taste,Low Blood Pressure,Weakness,Skin Redness,Dizziness,Blurred Vision,High Blood Pressure,Unknown
Joint Pain,High Blood Pressure,Low Blood Pressure,Rapid Heart Rate,Rash,Nausea,Loss of Smell,Unknown
Fever,Ear Pain,Rapid Heart Rate,Abdominal Pain,Cough,Sore Throat,Chills,Malaria
Muscle Pain,Dizziness,Abdominal Pain,Swollen Lymph Nodes,Runny Nose,Nausea,Joint Pain,Hypertension
Swollen Lymph Nodes,Cough,Abdominal Pain,Rash,Weakness,Shortness of Breath,Chest Pain,Pneumonia
Rapid Heart Rate,Sweating,High Blood Pressure,Rash,Blurred Vision,Joint Pain,Loss of Appetite,Hypertension
Dizziness,Chest Pain,Skin Redness,Fatigue,Headache,Loss of Smell,Skin Peeling,Pneumonia
Blurred Vision,Confusion,Headache,Skin Peeling,Loss of Appetite,Skin Redness,Diarrhea,Ear Infection
Loss of Appetite,Dizziness,Sore Throat,Runny Nose,Nausea,Abdominal Pain,Swollen Lymph Nodes,Meningitis
Loss of Taste,Skin Peeling,Chest Pain,Shortness of Breath,Sore Throat,Nausea,Headache,Malaria
Loss of Smell,Shortness of Breath,Sore Throat,Muscle Pain,Diarrhea,Skin Peeling,Nausea,Flu
Abdominal Pain,Cough,Skin Peeling,Swollen Lymph Nodes,Loss of Appetite,Runny Nose,Difficulty Swallowing,Scarlet Fever
Cough,Blurred Vision,High Blood Pressure,Shortness of Breath,Nausea,Difficulty Swallowing,Loss of Taste,Food Poisoning
Confusion,Chest Pain,Weakness,Headache,Chills,Runny Nose,Fever,Scarlet Fever
Fever,Vomiting,Loss of Smell,Loss of Appetite,Cough,Shortness of Breath,Skin Redness,Ear Infection
Abdominal Pain,Loss of Smell,Ear Pain,Runny Nose,Low Blood Pressure,High Blood Pressure,Dizziness,COVID-19
Rapid Heart Rate,Loss of Appetite,Chills,Shortness of Breath,Swollen Lymph Nodes,Dizziness,Rash,Dengue
Diarrhea,Loss of Smell,Cough,Runny Nose,Confusion,Fever,High Blood Pressure,Cold
Loss of Taste,Cough,Fever,Chills,Rapid Heart Rate,Blurred Vision,Weakness,Meningitis
Diarrhea,Headache,High Blood Pressure,Muscle Pain,Nausea,Rash,Swollen Lymph Nodes,Migraine
Swollen Lymph Nodes,Vomiting,Chest Pain,High Blood Pressure,Fever,Sweating,Weakness,Malaria
Dizziness,Fatigue,Loss of Smell,Skin Peeling,Confusion,Ear Pain,High Blood Pressure,COVID-19
Dizziness,Confusion,Cough,Skin Peeling,Shortness of Breath,Fever,Runny Nose,Cold
Ear Pain,Fever,Confusion,Rash,Diarrhea,Low Blood Pressure,Skin Peeling,Ear Infection
Vomiting,Runny Nose,Chills,Loss of Taste,Muscle Pain,Ear Pain,Low Blood Pressure,Unknown
Fatigue,Weakness,Skin Redness,Muscle Pain,Confusion,Sore Throat,Low Blood Pressure,Meningitis
Loss of Taste,Weakness,Blurred Vision,Nausea,Swollen Lymph Nodes,Skin Peeling,Loss of Appetite,Meningitis
Fatigue,High Blood Pressure,Loss of Appetite,Swollen Lymph Nodes,Sore Throat,Shortness of Breath,Loss of Taste,Strep Throat
Blurred Vision,Shortness of Breath,Loss of Smell,Vomiting,Abdominal Pain,High Blood Pressure,Swollen Lymph Nodes,Unknown
Blurred Vision,Ear Pain,Loss of Appetite,Muscle Pain,High Blood Pressure,Runny Nose,Chest Pain,Dengue
Runny Nose,Rash,Loss of Taste,Confusion,Chills,Nausea,Chest Pain,Migraine
Cough,Muscle Pain,Headache,Ear Pain,Fatigue,Abdominal Pain,Runny Nose,Unknown
Skin Redness,Loss of Appetite,Joint Pain,Fever,Weakness,Sore Throat,Chest Pain,Hypotension
Ear Pain,Headache,Loss of Smell,Joint Pain,Sweating,Runny Nose,Diarrhea,Unknown
Rash,Sweating,Difficulty Swallowing,Ear Pain,Fever,Chills,Cough,Unknown
Skin Redness,Fatigue,Loss of Taste,Swollen Lymph Nodes,Weakness,Sweating,Diarrhea,COVID-19
Dizziness,Swollen Lymph Nodes,Sweating,Fatigue,High Blood Pressure,Confusion,Chest Pain,Typhoid
Diarrhea,Headache,Shortness of Breath,High Blood Pressure,Muscle Pain,Loss of Taste,Dizziness,Unknown
Loss of Taste,Loss of Appetite,Cough,Sweating,Fatigue,Dizziness,High Blood Pressure,Typhoid
Rash,Fatigue,Blurred Vision,Sore Throat,Low Blood Pressure,Skin Peeling,Sweating,Unknown
Abdominal Pain,Rash,Dizziness,Confusion,Loss of Appetite,Loss of Smell,Shortness of Breath,Unknown
Fatigue,Low Blood Pressure,Loss of Smell,Vomiting,Headache,Blurred Vision,Difficulty Swallowing,Meningitis
Joint Pain,Vomiting,Skin Peeling,Fever,Fatigue,Headache,Muscle Pain,Migraine
Abdominal Pain,Runny Nose,Rapid Heart Rate,Nausea,Sore Throat,Swollen Lymph Nodes,Headache,Meningitis
Rapid Heart Rate,Ear Pain,Abdominal Pain,Sweating,Difficulty Swallowing,Skin Peeling,Headache,Meningitis
Headache,Low Blood Pressure,Runny Nose,Difficulty Swallowing,Abdominal Pain,Loss of Taste,Loss of Appetite,Typhoid
Swollen Lymph Nodes,Dizziness,Rapid Heart Rate,Blurred Vision,Loss of Appetite,Sweating,Muscle Pain,COVID-19
Joint Pain,Diarrhea,Confusion,Loss of Taste,Ear Pain,Swollen Lymph Nodes,Fatigue,Ear Infection
Chest Pain,Loss of Taste,Swollen Lymph Nodes,Loss of Smell,Weakness,Ear Pain,Skin Peeling,Unknown
Blurred Vision,Diarrhea,Headache,Swollen Lymph Nodes,Runny Nose,Loss of Taste,High Blood Pressure,Strep Throat
Abdominal Pain,Ear Pain,Shortness of Breath,Headache,Sweating,Vomiting,Runny Nose,Meningitis
Shortness of Breath,Headache,Rapid Heart Rate,Chills,Skin Peeling,Loss of Taste,Joint Pain,Ear Infection
Rapid Heart Rate,Sweating,High Blood Pressure,Confusion,Chills,Vomiting,Abdominal Pain,Unknown
Fever,Fatigue,Low Blood Pressure,Headache,Dizziness,Sore Throat,Loss of Taste,Hypertension
Headache,Rapid Heart Rate,Confusion,Weakness,Chills,Swollen Lymph Nodes,Diarrhea,Hypertension
Blurred Vision,Low Blood Pressure,Muscle Pain,Fever,Sore Throat,Cough,Rash,Typhoid
Runny Nose,Chest Pain,High Blood Pressure,Weakness,Sweating,Dizziness,Vomiting,Typhoid
Muscle Pain,Rapid Heart Rate,Swollen Lymph Nodes,Abdominal Pain,Skin Redness,Headache,Joint Pain,Flu
Nausea,Loss of Appetite,Skin Redness,Rash,Swollen Lymph Nodes,Loss of Taste,Low Blood Pressure,Migraine
Difficulty Swallowing,Abdominal Pain,Confusion,Skin Redness,Sore Throat,Loss of Appetite,Joint Pain,COVID-19
Confusion,Nausea,Dizziness,Loss of Taste,Headache,Shortness of Breath,Sweating,Unknown
Skin Peeling,Sweating,Diarrhea,Ear Pain,Swollen Lymph Nodes,Headache,Fatigue,Ear Infection
Weakness,Sore Throat,Swollen Lymph Nodes,Fever,Skin Peeling,Cough,Confusion,Flu
Swollen Lymph Nodes,Dizziness,Chills,Weakness,High Blood Pressure,Sore Throat,Fatigue,Hypotension
Low Blood Pressure,Cough,Loss of Taste,Sweating,Weakness,Rapid Heart Rate,Sore Throat,Flu
High Blood Pressure,Vomiting,Abdominal Pain,Loss of Taste,Blurred Vision,Chills,Runny Nose,Unknown
Difficulty Swallowing,Nausea,Ear Pain,Vomiting,Loss of Appetite,Shortness of Breath,Sweating,Migraine
Rash,Sore Throat,Ear Pain,Abdominal Pain,Rapid Heart Rate,Skin Redness,Cough,Unknown
Skin Redness,Weakness,Headache,Nausea,Skin Peeling,Joint Pain,Cough,Scarlet Fever
Dizziness,Sore Throat,Runny Nose,Joint Pain,Difficulty Swallowing,Weakness,Confusion,Hypotension
Difficulty Swallowing,High Blood Pressure,Sore Throat,Swollen Lymph Nodes,Muscle Pain,Runny Nose,Fever,Unknown
Shortness of Breath,Swollen Lymph Nodes,Confusion,Muscle Pain,Loss of Smell,Abdominal Pain,Chills,Unknown
Dizziness,Muscle Pain,Joint Pain,Sore Throat,Rapid Heart Rate,High Blood Pressure,Rash,Unknown
Shortness of Breath,Runny Nose,Loss of Smell,Muscle Pain,Confusion,Diarrhea,Ear Pain,Meningitis
Loss of Taste,Skin Redness,Sweating,Chest Pain,Runny Nose,Abdominal Pain,Confusion,Malaria
Diarrhea,Ear Pain,Weakness,Nausea,Loss of Smell,Chills,Difficulty Swallowing,Unknown
Fever,Low Blood Pressure,Ear Pain,Runny Nose,Diarrhea,Chest Pain,Blurred Vision,Ear Infection
Loss of Smell,Skin Redness,Loss of Taste,Nausea,Muscle Pain,Skin Peeling,Vomiting,Unknown
Muscle Pain,Vomiting,Headache,Blurred Vision,Diarrhea,Fatigue,Rash,Cold
Weakness,Loss of Taste,Sore Throat,Fatigue,Diarrhea,Ear Pain,Blurred Vision,Ear Infection
Ear Pain,Sweating,Chills,Confusion,Loss of Taste,Runny Nose,Loss of Appetite,Unknown
Dizziness,Blurred Vision,Weakness,Sore Throat,Headache,Ear Pain,Fever,Unknown
Fever,Rapid Heart Rate,Skin Redness,Blurred Vision,Difficulty Swallowing,Ear Pain,Dizziness,COVID-19
Skin Redness,Confusion,Swollen Lymph Nodes,Fever,Loss of Appetite,Headache,Difficulty Swallowing,Malaria
High Blood Pressure,Nausea,Weakness,Chest Pain,Confusion,Difficulty Swallowing,Fever,Ear Infection
Fever,Rapid Heart Rate,Shortness of Breath,Loss of Appetite,Runny Nose,Chills,Ear Pain,Ear Infection
Runny Nose,Fever,Loss of Taste,Swollen Lymph Nodes,Blurred Vision,Confusion,Sweating,Pneumonia
Fever,Joint Pain,Skin Peeling,Blurred Vision,Loss of Taste,Cough,Swollen Lymph Nodes,Meningitis
Sweating,Blurred Vision,Skin Redness,High Blood Pressure,Ear Pain,Chest Pain,Rapid Heart Rate,Unknown
Weakness,Sore Throat,Dizziness,Headache,Nausea,Rapid Heart Rate,Skin Redness,Strep Throat
Fatigue,Low Blood Pressure,Shortness of Breath,Diarrhea,Vomiting,Headache,Loss of Appetite,Malaria
Shortness of Breath,Confusion,Cough,Skin Redness,Difficulty Swallowing,Loss of Taste,Blurred Vision,Unknown
Rash,Skin Redness,Chills,Confusion,Fever,Diarrhea,Runny Nose,Typhoid
Fever,Skin Peeling,Dizziness,Vomiting,Cough,Sore Throat,Runny Nose,Cold
Headache,Rapid Heart Rate,Muscle Pain,Dizziness,Sore Throat,Weakness,Shortness of Breath,Cold
Runny Nose,Rash,Headache,Loss of Taste,Loss of Smell,Dizziness,Weakness,Unknown
High Blood Pressure,Cough,Nausea,Blurred Vision,Diarrhea,Muscle Pain,Shortness of Breath,Unknown
Dizziness,Fatigue,Sore Throat,Weakness,Diarrhea,Muscle Pain,Runny Nose,Typhoid
Low Blood Pressure,Rash,Diarrhea,Weakness,Loss of Taste,Ear Pain,Shortness of Breath,Food Poisoning
Nausea,Sore Throat,Cough,Loss of Appetite,Confusion,Runny Nose,Skin Redness,Unknown
Abdominal Pain,Loss of Smell,Chest Pain,Fatigue,Weakness,Muscle Pain,Skin Redness,Typhoid
Skin Redness,High Blood Pressure,Headache,Runny Nose,Rash,Chest Pain,Loss of Smell,Unknown
Headache,Low Blood Pressure,Weakness,Chest Pain,Runny Nose,Skin Peeling,Swollen Lymph Nodes,Typhoid
Nausea,Skin Peeling,Shortness of Breath,Skin Redness,Headache,Vomiting,Weakness,Unknown
Shortness of Breath,Runny Nose,Sore Throat,Low Blood Pressure,Chest Pain,Blurred Vision,Muscle Pain,Unknown
Difficulty Swallowing,Chills,Chest Pain,Ear Pain,Fatigue,Blurred Vision,Loss of Taste,Ear Infection
Headache,Swollen Lymph Nodes,Cough,Blurred Vision,Chest Pain,Diarrhea,Skin Peeling,Malaria
Joint Pain,Vomiting,Loss of Appetite,Sweating,Chest Pain,Rash,Dizziness,Food Poisoning
Rapid Heart Rate,Sore Throat,Ear Pain,Weakness,Loss of Taste,Sweating,Swollen Lymph Nodes,COVID-19
Loss of Taste,Vomiting,Sweating,Fever,Difficulty Swallowing,Ear Pain,Shortness of Breath,Strep Throat
Low Blood Pressure,Skin Redness,Cough,Fever,Sweating,Confusion,Difficulty Swallowing,Hypotension
Fever,Abdominal Pain,Loss of Appetite,Vomiting,Loss of Smell,Skin Peeling,Swollen Lymph Nodes,Unknown
Loss of Appetite,Swollen Lymph Nodes,Sweating,Loss of Smell,Abdominal Pain,Sore Throat,Rash,COVID-19
Shortness of Breath,Difficulty Swallowing,Nausea,Muscle Pain,Cough,Ear Pain,Weakness,Unknown
Sore Throat,Fatigue,Diarrhea,Loss of Taste,High Blood Pressure,Runny Nose,Joint Pain,Typhoid
High Blood Pressure,Rash,Joint Pain,Sweating,Abdominal Pain,Loss of Taste,Skin Peeling,Dengue
Sore Throat,Shortness of Breath,Loss of Taste,Swollen Lymph Nodes,Rapid Heart Rate,Abdominal Pain,Loss of Smell,COVID-19
Loss of Appetite,Skin Peeling,Rash,Rapid Heart Rate,Swollen Lymph Nodes,Sore Throat,Diarrhea,Hypotension
Weakness,Sore Throat,Ear Pain,Cough,Rapid Heart Rate,Loss of Taste,Joint Pain,Scarlet Fever
Loss of Smell,Low Blood Pressure,Loss of Taste,Dizziness,Muscle Pain,Vomiting,Chest Pain,Unknown
Rapid Heart Rate,Fatigue,Blurred Vision,Loss of Smell,Headache,Joint Pain,Confusion,COVID-19
Diarrhea,Swollen Lymph Nodes,Abdominal Pain,Joint Pain,High Blood Pressure,Nausea,Weakness,Unknown
High Blood Pressure,Chest Pain,Shortness of Breath,Fever,Skin Peeling,Cough,Sore Throat,Strep Throat
Sweating,Headache,Abdominal Pain,Dizziness,Blurred Vision,Shortness of Breath,Ear Pain,Food Poisoning
Blurred Vision,Sweating,Fever,Loss of Appetite,Rapid Heart Rate,Skin Redness,Diarrhea,Unknown
Cough,Confusion,Vomiting,Loss of Appetite,Muscle Pain,Diarrhea,Low Blood Pressure,Pneumonia
Loss of Taste,Rapid Heart Rate,Confusion,Fatigue,Nausea,Blurred Vision,Weakness,Hypotension
Loss of Appetite,Skin Peeling,Vomiting,Abdominal Pain,Headache,Diarrhea,Rapid Heart Rate,Dengue
Blurred Vision,Muscle Pain,Dizziness,Abdominal Pain,Chest Pain,Weakness,Low Blood Pressure,Unknown
Chills,Skin Redness,Loss of Taste,Cough,Diarrhea,Blurred Vision,High Blood Pressure,Flu
Vomiting,Shortness of Breath,Joint Pain,Fatigue,Weakness,Runny Nose,Ear Pain,Unknown
Skin Peeling,Nausea,Rapid Heart Rate,Runny Nose,Ear Pain,Cough,Low Blood Pressure,COVID-19
Headache,Swollen Lymph Nodes,Ear Pain,Fever,Joint Pain,Weakness,Skin Redness,Strep Throat
Loss of Appetite,Loss of Smell,Cough,Low Blood Pressure,Dizziness,Swollen Lymph Nodes,Rash,Strep Throat
Loss of Appetite,Shortness of Breath,Fatigue,Muscle Pain,Weakness,Chest Pain,Chills,Food Poisoning
Dizziness,Low Blood Pressure,Sore Throat,Nausea,Loss of Smell,Abdominal Pain,Chest Pain,Strep Throat
Fatigue,Headache,Diarrhea,Shortness of Breath,Nausea,Swollen Lymph Nodes,Joint Pain,Cold
Dizziness,Confusion,Nausea,High Blood Pressure,Cough,Ear Pain,Difficulty Swallowing,Migraine
Swollen Lymph Nodes,Rash,Loss of Taste,High Blood Pressure,Chest Pain,Difficulty Swallowing,Sweating,Hypertension
Blurred Vision,Fever,Joint Pain,Confusion,Sore Throat,Weakness,Rapid Heart Rate,Dengue
Abdominal Pain,Rapid Heart Rate,Weakness,Blurred Vision,Chest Pain,Cough,Skin Redness,Cold
Shortness of Breath,Skin Peeling,Loss of Appetite,Rapid Heart Rate,Skin Redness,Chills,Fatigue,Unknown
Vomiting,Diarrhea,Headache,Runny Nose,Skin Redness,Joint Pain,Sweating,Cold
Blurred Vision,Dizziness,Shortness of Breath,Skin Peeling,Abdominal Pain,Headache,Muscle Pain,Typhoid
Fever,Runny Nose,Sore Throat,Muscle Pain,Joint Pain,Rash,Cough,Dengue
Chills,Sore Throat,Runny Nose,Loss of Appetite,Swollen Lymph Nodes,Rash,Loss of Taste,Unknown
Runny Nose,Sore Throat,Loss of Smell,Weakness,Abdominal Pain,Confusion,Nausea,Hypotension
Abdominal Pain,Skin Peeling,Diarrhea,Joint Pain,Rash,Runny Nose,Blurred Vision,Unknown
Fatigue,Ear Pain,Diarrhea,Loss of Smell,Nausea,Swollen Lymph Nodes,Vomiting,Hypertension
Ear Pain,Low Blood Pressure,Chills,Sore Throat,Chest Pain,Joint Pain,Shortness of Breath,Unknown
Vomiting,Rapid Heart Rate,Chills,Swollen Lymph Nodes,Difficulty Swallowing,Loss of Taste,Ear Pain,Unknown
Skin Redness,Sore Throat,Muscle Pain,Chest Pain,Shortness of Breath,Joint Pain,Rash,Unknown
Abdominal Pain,Skin Peeling,Sore Throat,Loss of Smell,Low Blood Pressure,Joint Pain,Swollen Lymph Nodes,Unknown
Sweating,Shortness of Breath,Skin Redness,Vomiting,Muscle Pain,Abdominal Pain,Loss of Smell,COVID-19
Chills,Swollen Lymph Nodes,Loss of Smell,Fatigue,Sore Throat,Cough,Abdominal Pain,Unknown
Rash,Abdominal Pain,High Blood Pressure,Joint Pain,Skin Peeling,Loss of Taste,Ear Pain,Typhoid
Nausea,Abdominal Pain,Difficulty Swallowing,Vomiting,Loss of Smell,Rapid Heart Rate,Joint Pain,Unknown
Low Blood Pressure,Runny Nose,Diarrhea,Weakness,Ear Pain,Loss of Taste,Muscle Pain,Unknown
Chest Pain,Fatigue,Muscle Pain,Rapid Heart Rate,Sore Throat,Cough,Abdominal Pain,Scarlet Fever
Joint Pain,Rash,Headache,Dizziness,Confusion,Shortness of Breath,Diarrhea,Malaria
Skin Peeling,Low Blood Pressure,Cough,Abdominal Pain,Fatigue,Joint Pain,Difficulty Swallowing,Unknown
Sweating,Low Blood Pressure,Skin Peeling,High Blood Pressure,Ear Pain,Vomiting,Muscle Pain,Ear Infection
Vomiting,Loss of Appetite,Skin Peeling,Chills,Headache,Chest Pain,Skin Redness,Pneumonia
Loss of Appetite,Nausea,Difficulty Swallowing,Confusion,Diarrhea,Blurred Vision,Dizziness,Unknown
Headache,Sore Throat,Diarrhea,Joint Pain,Confusion,Abdominal Pain,Rash,Food Poisoning
Chest Pain,Dizziness,Fatigue,High Blood Pressure,Rash,Swollen Lymph Nodes,Cough,Migraine
Skin Redness,Vomiting,Blurred Vision,High Blood Pressure,Chest Pain,Headache,Rash,Ear Infection
Joint Pain,Confusion,Sweating,Abdominal Pain,Runny Nose,Blurred Vision,Skin Redness,Unknown
Chest Pain,Abdominal Pain,Weakness,Swollen Lymph Nodes,Ear Pain,Difficulty Swallowing,Runny Nose,Unknown
Loss of Appetite,Loss of Taste,Diarrhea,Swollen Lymph Nodes,Fever,Ear Pain,Confusion,Strep Throat
Nausea,Diarrhea,Loss of Appetite,Ear Pain,Blurred Vision,Chest Pain,Chills,Unknown
Skin Peeling,Dizziness,Fatigue,Loss of Taste,Cough,Confusion,Abdominal Pain,Scarlet Fever
Fatigue,Diarrhea,Cough,Vomiting,Nausea,Weakness,Fever,Hypotension
Muscle Pain,Headache,Runny Nose,Cough,Joint Pain,Chest Pain,Difficulty Swallowing,Migraine
Skin Peeling,Rapid Heart Rate,High Blood Pressure,Ear Pain,Sore Throat,Fatigue,Confusion,Unknown
Loss of Appetite,Blurred Vision,Headache,Joint Pain,Diarrhea,Ear Pain,Fever,Flu
Weakness,Chills,Fatigue,Ear Pain,Runny Nose,Loss of Taste,Shortness of Breath,Unknown
Rash,Fever,Sore Throat,Confusion,Abdominal Pain,Vomiting,Diarrhea,Pneumonia
Loss of Appetite,High Blood Pressure,Confusion,Difficulty Swallowing,Chest Pain,Runny Nose,Blurred Vision,Unknown
Joint Pain,Swollen Lymph Nodes,Confusion,Sore Throat,Skin Peeling,Fever,Ear Pain,Pneumonia
Abdominal Pain,Runny Nose,Sore Throat,Diarrhea,Dizziness,Loss of Smell,Fatigue,Migraine
Rapid Heart Rate,Loss of Smell,Runny Nose,Fatigue,Loss of Appetite,Sweating,Abdominal Pain,Unknown
High Blood Pressure,Skin Peeling,Dizziness,Diarrhea,Headache,Weakness,Low Blood Pressure,Hypotension
Sore Throat,Weakness,Fever,Ear Pain,Dizziness,Sweating,Runny Nose,Dengue
Difficulty Swallowing,Rapid Heart Rate,Loss of Taste,Loss of Smell,Swollen Lymph Nodes,High Blood Pressure,Abdominal Pain,Unknown
Chest Pain,Chills,Dizziness,Cough,Abdominal Pain,Fever,Skin Redness,Malaria
Rapid Heart Rate,Dizziness,Low Blood Pressure,Loss of Appetite,Weakness,Blurred Vision,Skin Peeling,Unknown
Joint Pain,Diarrhea,Sweating,Sore Throat,Muscle Pain,Skin Peeling,Difficulty Swallowing,Flu
Skin Peeling,Rapid Heart Rate,Confusion,Weakness,Joint Pain,Chest Pain,Difficulty Swallowing,Unknown
Blurred Vision,Muscle Pain,Rash,Joint Pain,Dizziness,Skin Redness,Loss of Appetite,Unknown
Rapid Heart Rate,Swollen Lymph Nodes,Vomiting,Joint Pain,Runny Nose,Diarrhea,Sweating,Unknown
Low Blood Pressure,Sweating,Rash,High Blood Pressure,Loss of Smell,Fever,Loss of Taste,Hypotension
Weakness,High Blood Pressure,Fatigue,Skin Redness,Swollen Lymph Nodes,Blurred Vision,Fever,Pneumonia
Joint Pain,Sweating,Confusion,Headache,Chest Pain,Ear Pain,Difficulty Swallowing,Hypertension
Fatigue,Sweating,Rash,Sore Throat,Cough,Vomiting,Skin Peeling,COVID-19
Rash,Shortness of Breath,Joint Pain,Headache,Chest Pain,Fever,Abdominal Pain,Typhoid
Chest Pain,Swollen Lymph Nodes,Sweating,Rash,Loss of Taste,Nausea,Headache,Strep Throat
Rash,Runny Nose,Chest Pain,Diarrhea,Sore Throat,Chills,Fatigue,Unknown
Fever,Fatigue,Abdominal Pain,Sweating,Skin Peeling,Weakness,Nausea,Ear Infection
Fatigue,Muscle Pain,Confusion,Sore Throat,Loss of Smell,Abdominal Pain,Rash,Cold
Loss of Appetite,Blurred Vision,Loss of Smell,Weakness,Loss of Taste,Muscle Pain,Abdominal Pain,Typhoid
Low Blood Pressure,Ear Pain,Weakness,Cough,Vomiting,Shortness of Breath,High Blood Pressure,Unknown
Loss of Appetite,Cough,Skin Peeling,Blurred Vision,Low Blood Pressure,Chills,Skin Redness,Typhoid
Fever,Chest Pain,Rash,Sweating,Fatigue,Difficulty Swallowing,Nausea,COVID-19
High Blood Pressure,Difficulty Swallowing,Confusion,Cough,Weakness,Abdominal Pain,Chills,Flu
Confusion,Loss of Taste,Chest Pain,Loss of Smell,Abdominal Pain,Fever,Diarrhea,Unknown
Headache,Cough,Shortness of Breath,Rash,Sweating,Vomiting,Blurred Vision,Pneumonia
Rapid Heart Rate,Blurred Vision,Rash,Confusion,Nausea,Headache,Abdominal Pain,Typhoid
Blurred Vision,Sore Throat,Skin Redness,Confusion,Chills,Nausea,Muscle Pain,Unknown
Runny Nose,Weakness,Dizziness,Ear Pain,Sore Throat,Rash,Chills,Typhoid
Ear Pain,Muscle Pain,Loss of Taste,Loss of Appetite,Chills,Sweating,Cough,Unknown
Loss of Appetite,Fever,Rash,Ear Pain,Dizziness,Loss of Smell,Shortness of Breath,Ear Infection
Headache,Sweating,Joint Pain,Swollen Lymph Nodes,Fever,Muscle Pain,Skin Redness,Typhoid
Sweating,Chills,Shortness of Breath,Skin Redness,High Blood Pressure,Headache,Diarrhea,Scarlet Fever
High Blood Pressure,Chills,Confusion,Loss of Appetite,Chest Pain,Runny Nose,Low Blood Pressure,Meningitis
Nausea,Joint Pain,Rash,Confusion,Blurred Vision,Muscle Pain,Fever,Unknown
Chills,Nausea,Joint Pain,Runny Nose,Shortness of Breath,Rash,Fatigue,Food Poisoning
Sweating,Weakness,Loss of Taste,Abdominal Pain,Cough,Skin Peeling,Nausea,Unknown
Fever,Vomiting,Swollen Lymph Nodes,Sore Throat,Chest Pain,Shortness of Breath,Headache,Flu
Headache,Rapid Heart Rate,Ear Pain,Loss of Appetite,Blurred Vision,Abdominal Pain,Weakness,Unknown
Headache,Cough,Joint Pain,Muscle Pain,Runny Nose,Shortness of Breath,Ear Pain,Ear Infection
Blurred Vision,Loss of Appetite,Chills,Weakness,Fatigue,Joint Pain,Rash,Malaria
Fatigue,Rapid Heart Rate,Blurred Vision,Difficulty Swallowing,Dizziness,Sore Throat,Cough,Unknown
Rapid Heart Rate,Low Blood Pressure,Rash,Runny Nose,Blurred Vision,Vomiting,Abdominal Pain,Unknown
Headache,Confusion,Low Blood Pressure,Sweating,Rapid Heart Rate,Diarrhea,Nausea,Hypertension
Shortness of Breath,Ear Pain,Difficulty Swallowing,Confusion,Rapid Heart Rate,Blurred Vision,Low Blood Pressure,Strep Throat
Chills,Difficulty Swallowing,Vomiting,High Blood Pressure,Rapid Heart Rate,Blurred Vision,Chest Pain,Hypotension
High Blood Pressure,Chills,Rash,Fever,Runny Nose,Rapid Heart Rate,Skin Peeling,Hypotension
Diarrhea,Abdominal Pain,Joint Pain,Loss of Smell,Blurred Vision,Rapid Heart Rate,Skin Peeling,Unknown
Joint Pain,Loss of Appetite,Confusion,Dizziness,Sweating,Rash,Ear Pain,Meningitis
Chills,High Blood Pressure,Loss of Smell,Rapid Heart Rate,Shortness of Breath,Swollen Lymph Nodes,Runny Nose,Hypertension
Shortness of Breath,Dizziness,Blurred Vision,Diarrhea,Runny Nose,Loss of Smell,Confusion,Unknown
Sore Throat,Loss of Appetite,Loss of Taste,Shortness of Breath,Rash,Nausea,Low Blood Pressure,Scarlet Fever
Ear Pain,Abdominal Pain,Loss of Appetite,Joint Pain,Loss of Taste,Muscle Pain,Fatigue,Flu
Swollen Lymph Nodes,Cough,Muscle Pain,Loss of Smell,Fever,Loss of Taste,High Blood Pressure,Unknown
Abdominal Pain,Dizziness,Sore Throat,Loss of Taste,Blurred Vision,Confusion,Ear Pain,Unknown
Nausea,Cough,Fatigue,Headache,Dizziness,Abdominal Pain,Rash,Migraine
Runny Nose,Joint Pain,Abdominal Pain,Difficulty Swallowing,Shortness of Breath,Low Blood Pressure,Loss of Taste,Typhoid
Shortness of Breath,Vomiting,Ear Pain,Dizziness,Low Blood Pressure,Nausea,Loss of Taste,Unknown
Chest Pain,Skin Redness,Confusion,Blurred Vision,Sweating,Low Blood Pressure,Nausea,Unknown
Abdominal Pain,Confusion,Rapid Heart Rate,Skin Redness,Swollen Lymph Nodes,Diarrhea,Low Blood Pressure,Unknown
Weakness,Loss of Taste,Skin Redness,Ear Pain,Fever,Shortness of Breath,Cough,Unknown
Cough,Shortness of Breath,Nausea,Blurred Vision,Sweating,Skin Peeling,Weakness,Food Poisoning
Fever,Shortness of Breath,Weakness,Low Blood Pressure,Headache,Dizziness,Skin Peeling,Scarlet Fever
High Blood Pressure,Chest Pain,Runny Nose,Sore Throat,Swollen Lymph Nodes,Fever,Diarrhea,Cold
Sore Throat,Loss of Taste,High Blood Pressure,Low Blood Pressure,Loss of Appetite,Cough,Skin Redness,Hypotension
Loss of Smell,Skin Redness,Nausea,Low Blood Pressure,Abdominal Pain,Sore Throat,Vomiting,Unknown
Skin Redness,Loss of Smell,Fever,Sweating,Muscle Pain,Ear Pain,Loss of Appetite,Unknown
Abdominal Pain,Runny Nose,Loss of Taste,Blurred Vision,Loss of Appetite,Chills,Swollen Lymph Nodes,Unknown
Headache,Sweating,Diarrhea,Rash,Abdominal Pain,Swollen Lymph Nodes,Chills,Strep Throat
Weakness,Runny Nose,Confusion,Loss of Smell,Rash,Vomiting,Nausea,Malaria
Difficulty Swallowing,Loss of Taste,Chest Pain,Dizziness,Sore Throat,Rapid Heart Rate,Cough,Unknown
Nausea,Dizziness,Weakness,Rash,Cough,Ear Pain,Loss of Smell,Flu
Difficulty Swallowing,Loss of Taste,Sweating,Abdominal Pain,Loss of Appetite,Rapid Heart Rate,Diarrhea,Unknown
Headache,High Blood Pressure,Vomiting,Sweating,Weakness,Muscle Pain,Ear Pain,Unknown
Chest Pain,Fatigue,Muscle Pain,Ear Pain,Loss of Appetite,Loss of Smell,Fever,Meningitis
Vomiting,Headache,Weakness,Joint Pain,Fever,Dizziness,Muscle Pain,Pneumonia
Joint Pain,Loss of Taste,Headache,Shortness of Breath,Blurred Vision,Sweating,Loss of Smell,Unknown
Dizziness,Blurred Vision,Loss of Appetite,Vomiting,Weakness,Nausea,Fever,Flu
Joint Pain,Shortness of Breath,Ear Pain,Rapid Heart Rate,Cough,Loss of Taste,Swollen Lymph Nodes,Unknown
Ear Pain,Confusion,Runny Nose,Sweating,Fever,Shortness of Breath,Fatigue,Flu
Nausea,Cough,Headache,Difficulty Swallowing,Diarrhea,Ear Pain,Skin Redness,Malaria
High Blood Pressure,Confusion,Rapid Heart Rate,Abdominal Pain,Skin Redness,Blurred Vision,Ear Pain,Typhoid
Rapid Heart Rate,Vomiting,Loss of Appetite,Nausea,High Blood Pressure,Confusion,Skin Peeling,Unknown
Runny Nose,Vomiting,Dizziness,Low Blood Pressure,Fever,Joint Pain,Fatigue,Typhoid
Sore Throat,Joint Pain,Cough,Rash,Confusion,Dizziness,Skin Redness,Scarlet Fever
Swollen Lymph Nodes,Skin Peeling,Vomiting,Difficulty Swallowing,High Blood Pressure,Sore Throat,Chest Pain,Unknown
Nausea,Abdominal Pain,Rapid Heart Rate,Sweating,Loss of Appetite,Weakness,Fever,Scarlet Fever
Loss of Smell,Sore Throat,Dizziness,Ear Pain,Rash,Fever,Low Blood Pressure,Flu
Fatigue,Cough,Chills,Shortness of Breath,Vomiting,Low Blood Pressure,Abdominal Pain,Flu
Difficulty Swallowing,Vomiting,Loss of Taste,Chest Pain,Rapid Heart Rate,Rash,Dizziness,Hypotension
Difficulty Swallowing,Fever,Dizziness,Ear Pain,Rapid Heart Rate,Abdominal Pain,Cough,Hypertension
Loss of Taste,Loss of Appetite,Weakness,Low Blood Pressure,Vomiting,Rash,Skin Peeling,Unknown
Loss of Appetite,Diarrhea,Abdominal Pain,Chills,Fever,Rash,Headache,Pneumonia
Rapid Heart Rate,Rash,Nausea,Dizziness,High Blood Pressure,Swollen Lymph Nodes,Loss of Smell,Unknown
Loss of Smell,Nausea,Joint Pain,Skin Peeling,Runny Nose,Skin Redness,Weakness,Unknown
Fever,Sore Throat,Muscle Pain,High Blood Pressure,Skin Peeling,Rash,Runny Nose,Strep Throat
Ear Pain,Blurred Vision,Rapid Heart Rate,Chest Pain,Fever,Loss of Taste,High Blood Pressure,Dengue
Rash,Weakness,Low Blood Pressure,Loss of Smell,Chest Pain,Sweating,Abdominal Pain,Unknown
Skin Redness,Muscle Pain,Vomiting,Loss of Taste,Diarrhea,Cough,Fever,Ear Infection
Rash,Cough,Chest Pain,Shortness of Breath,Runny Nose,Sweating,Loss of Smell,Pneumonia
Fatigue,Runny Nose,Headache,Dizziness,Vomiting,Ear Pain,Abdominal Pain,Flu
Loss of Taste,Weakness,Abdominal Pain,Difficulty Swallowing,Runny Nose,Low Blood Pressure,Loss of Appetite,COVID-19
Skin Redness,Cough,Rapid Heart Rate,Chills,Shortness of Breath,Muscle Pain,Blurred Vision,Hypotension
Shortness of Breath,Low Blood Pressure,Sweating,Skin Redness,Runny Nose,Difficulty Swallowing,Weakness,Unknown
High Blood Pressure,Blurred Vision,Abdominal Pain,Loss of Appetite,Sore Throat,Skin Redness,Joint Pain,Typhoid
Headache,Chest Pain,Low Blood Pressure,Vomiting,Rapid Heart Rate,Cough,Fever,Flu
Rash,Muscle Pain,Fatigue,Ear Pain,Skin Redness,Joint Pain,Headache,Cold
Cough,Diarrhea,Vomiting,Runny Nose,Shortness of Breath,Chest Pain,Rapid Heart Rate,Unknown
Skin Peeling,Sore Throat,Joint Pain,Shortness of Breath,Ear Pain,Runny Nose,Loss of Appetite,Cold
Muscle Pain,Difficulty Swallowing,Nausea,Vomiting,Dizziness,Abdominal Pain,Runny Nose,Unknown
Fever,Low Blood Pressure,Diarrhea,Fatigue,Dizziness,Vomiting,Chest Pain,Typhoid
Swollen Lymph Nodes,Weakness,Headache,Cough,Skin Peeling,Loss of Appetite,Runny Nose,Typhoid
Confusion,Blurred Vision,Shortness of Breath,Weakness,Loss of Appetite,Skin Peeling,Abdominal Pain,Hypotension
Sweating,Nausea,Abdominal Pain,Fatigue,Joint Pain,Low Blood Pressure,Rash,Typhoid
Sore Throat,Dizziness,Chills,Vomiting,Runny Nose,Chest Pain,Rapid Heart Rate,Food Poisoning
Headache,Swollen Lymph Nodes,Diarrhea,Abdominal Pain,Shortness of Breath,Ear Pain,Fatigue,Ear Infection
Ear Pain,Nausea,Weakness,Swollen Lymph Nodes,Runny Nose,Dizziness,Sweating,Unknown
Loss of Smell,Fatigue,Chest Pain,Cough,Vomiting,Blurred Vision,Sore Throat,Scarlet Fever
Weakness,Diarrhea,Loss of Appetite,Joint Pain,Nausea,High Blood Pressure,Muscle Pain,Dengue
Loss of Appetite,Sweating,Weakness,Loss of Smell,Rash,Swollen Lymph Nodes,Skin Peeling,Unknown
Sweating,High Blood Pressure,Skin Peeling,Shortness of Breath,Headache,Rash,Chills,Ear Infection
Cough,Sore Throat,Skin Redness,Diarrhea,Nausea,Blurred Vision,Loss of Taste,Scarlet Fever
Shortness of Breath,Loss of Taste,Rash,Chills,Loss of Appetite,Rapid Heart Rate,Sore Throat,Unknown
Diarrhea,Low Blood Pressure,Sweating,High Blood Pressure,Fever,Rash,Runny Nose,Cold
Rash,Fever,Ear Pain,Shortness of Breath,Runny Nose,Fatigue,Muscle Pain,Unknown
Weakness,Ear Pain,Joint Pain,Rapid Heart Rate,Difficulty Swallowing,Abdominal Pain,Loss of Taste,Ear Infection
Rapid Heart Rate,Blurred Vision,Shortness of Breath,Skin Peeling,Muscle Pain,Runny Nose,Fever,Unknown
Diarrhea,Blurred Vision,Loss of Smell,Joint Pain,Confusion,Skin Redness,Dizziness,Meningitis
Loss of Smell,Diarrhea,Headache,Difficulty Swallowing,Abdominal Pain,Chest Pain,Chills,Strep Throat
Vomiting,Fatigue,Rapid Heart Rate,Loss of Taste,Skin Redness,Loss of Smell,Low Blood Pressure,Unknown
Skin Redness,Rash,Skin Peeling,Chest Pain,Dizziness,Loss of Taste,Diarrhea,Dengue
Blurred Vision,Difficulty Swallowing,Muscle Pain,Vomiting,Weakness,Abdominal Pain,Loss of Smell,Unknown
Rapid Heart Rate,Cough,Shortness of Breath,Vomiting,Chills,Joint Pain,Nausea,Unknown
Nausea,Sore Throat,Loss of Taste,High Blood Pressure,Headache,Skin Redness,Swollen Lymph Nodes,Migraine
Rapid Heart Rate,Fatigue,High Blood Pressure,Skin Redness,Dizziness,Fever,Sore Throat,Hypotension
High Blood Pressure,Shortness of Breath,Chest Pain,Confusion,Chills,Skin Peeling,Muscle Pain,Unknown
Dizziness,Rash,Loss of Taste,Joint Pain,Nausea,Blurred Vision,Swollen Lymph Nodes,Migraine
Shortness of Breath,Runny Nose,Chills,Headache,Swollen Lymph Nodes,Cough,Loss of Smell,Migraine
Headache,Abdominal Pain,Joint Pain,Confusion,Sore Throat,Dizziness,Vomiting,Meningitis
Weakness,Diarrhea,Abdominal Pain,Rapid Heart Rate,Swollen Lymph Nodes,Headache,Blurred Vision,Flu
Fever,Skin Redness,Vomiting,Headache,Sweating,Shortness of Breath,Difficulty Swallowing,Hypertension
Difficulty Swallowing,Blurred Vision,Skin Peeling,Loss of Taste,Vomiting,Muscle Pain,High Blood Pressure,Food Poisoning
Runny Nose,Loss of Smell,Fever,Chest Pain,Swollen Lymph Nodes,Difficulty Swallowing,Rash,Dengue
Low Blood Pressure,Rapid Heart Rate,Rash,Abdominal Pain,Vomiting,Headache,Nausea,Unknown
Sore Throat,Blurred Vision,Vomiting,Loss of Smell,Diarrhea,Runny Nose,Skin Peeling,Unknown
Joint Pain,Vomiting,Low Blood Pressure,Chest Pain,Fever,Chills,Difficulty Swallowing,Scarlet Fever
Fatigue,Swollen Lymph Nodes,Loss of Smell,High Blood Pressure,Joint Pain,Loss of Appetite,Dizziness,Hypotension
Vomiting,Sweating,Nausea,Difficulty Swallowing,Fever,Shortness of Breath,Sore Throat,Malaria
Shortness of Breath,Skin Peeling,Nausea,Ear Pain,Low Blood Pressure,Runny Nose,Blurred Vision,Unknown
Vomiting,Loss of Appetite,Nausea,Blurred Vision,Cough,Dizziness,Skin Peeling,Hypertension
Joint Pain,Fever,Chest Pain,Shortness of Breath,Loss of Appetite,Sweating,Loss of Taste,Unknown
Cough,Confusion,Nausea,Rash,Muscle Pain,Fever,Swollen Lymph Nodes,Strep Throat
Difficulty Swallowing,Blurred Vision,Low Blood Pressure,Dizziness,Weakness,Rapid Heart Rate,Chills,Unknown
Dizziness,Chest Pain,Loss of Taste,High Blood Pressure,Cough,Nausea,Loss of Smell,Unknown
Confusion,Headache,Weakness,Loss of Appetite,Low Blood Pressure,Vomiting,Blurred Vision,Typhoid
High Blood Pressure,Diarrhea,Dizziness,Loss of Appetite,Rapid Heart Rate,Confusion,Skin Peeling,Scarlet Fever
High Blood Pressure,Shortness of Breath,Skin Peeling,Chills,Loss of Taste,Fever,Sore Throat,Typhoid
Sore Throat,Fever,High Blood Pressure,Loss of Appetite,Abdominal Pain,Chills,Rapid Heart Rate,Unknown
Difficulty Swallowing,Joint Pain,Sore Throat,Cough,High Blood Pressure,Diarrhea,Headache,Flu
Confusion,Cough,Difficulty Swallowing,Weakness,Chills,Abdominal Pain,Loss of Taste,Strep Throat
Runny Nose,Sweating,Rapid Heart Rate,Diarrhea,Abdominal Pain,Rash,Confusion,Meningitis
Loss of Taste,Vomiting,Headache,Skin Peeling,Rapid Heart Rate,Shortness of Breath,Fatigue,Flu
Loss of Smell,Headache,Skin Peeling,Sweating,Rash,Sore Throat,Loss of Taste,Strep Throat
Difficulty Swallowing,Sweating,Weakness,Skin Peeling,Blurred Vision,Runny Nose,Cough,Cold
Diarrhea,Loss of Taste,Confusion,Ear Pain,Skin Redness,Swollen Lymph Nodes,Chest Pain,Food Poisoning
Headache,Loss of Taste,Blurred Vision,Loss of Smell,Cough,High Blood Pressure,Diarrhea,Food Poisoning
Cough,Fever,Skin Peeling,Swollen Lymph Nodes,Chills,Sweating,Headache,Meningitis
Abdominal Pain,Ear Pain,Chills,Difficulty Swallowing,Nausea,Shortness of Breath,Fever,Ear Infection
High Blood Pressure,Nausea,Blurred Vision,Muscle Pain,Loss of Smell,Shortness of Breath,Cough,Meningitis
Sore Throat,Weakness,Swollen Lymph Nodes,Difficulty Swallowing,Loss of Smell,Loss of Appetite,Nausea,Meningitis
Joint Pain,Shortness of Breath,Swollen Lymph Nodes,Fever,Runny Nose,Chills,Loss of Appetite,Malaria
Skin Peeling,Loss of Taste,Difficulty Swallowing,Cough,Fatigue,Confusion,Diarrhea,Strep Throat
Abdominal Pain,Rapid Heart Rate,Shortness of Breath,High Blood Pressure,Headache,Runny Nose,Skin Peeling,Migraine
Weakness,Rapid Heart Rate,Loss of Taste,High Blood Pressure,Muscle Pain,Dizziness,Sweating,Dengue
High Blood Pressure,Joint Pain,Diarrhea,Headache,Skin Peeling,Dizziness,Rash,Unknown
Sweating,Shortness of Breath,Loss of Taste,High Blood Pressure,Skin Peeling,Chills,Chest Pain,Unknown
Fatigue,Loss of Smell,Blurred Vision,Rapid Heart Rate,Muscle Pain,Headache,Chest Pain,Hypertension
Loss of Smell,Shortness of Breath,Weakness,Nausea,Sore Throat,Runny Nose,Skin Peeling,Pneumonia
Nausea,Chills,Vomiting,Skin Redness,Joint Pain,Rapid Heart Rate,Shortness of Breath,Meningitis
Confusion,Diarrhea,Runny Nose,Abdominal Pain,Blurred Vision,Sore Throat,Dizziness,Strep Throat
Sore Throat,Loss of Appetite,Runny Nose,High Blood Pressure,Blurred Vision,Nausea,Swollen Lymph Nodes,Unknown
Chills,Rash,Loss of Smell,Blurred Vision,Abdominal Pain,Dizziness,Runny Nose,Unknown
Chest Pain,Blurred Vision,Sweating,Nausea,Runny Nose,Fever,Rash,Ear Infection
Swollen Lymph Nodes,Blurred Vision,Ear Pain,Low Blood Pressure,Skin Redness,Loss of Taste,Abdominal Pain,Ear Infection
Swollen Lymph Nodes,High Blood Pressure,Skin Redness,Chills,Confusion,Fatigue,Loss of Taste,Malaria
Diarrhea,Skin Redness,High Blood Pressure,Fatigue,Dizziness,Loss of Smell,Rash,Unknown
Diarrhea,Difficulty Swallowing,High Blood Pressure,Cough,Sweating,Joint Pain,Headache,Migraine
Cough,Low Blood Pressure,Headache,Weakness,Skin Redness,Rash,Vomiting,Typhoid
Rapid Heart Rate,Fatigue,Cough,Swollen Lymph Nodes,Chills,Low Blood Pressure,Dizziness,Food Poisoning
Sweating,Runny Nose,Nausea,Diarrhea,Confusion,Difficulty Swallowing,Loss of Appetite,Unknown
Sore Throat,Loss of Taste,Diarrhea,Joint Pain,Low Blood Pressure,Sweating,Chills,Scarlet Fever
Abdominal Pain,Muscle Pain,Chest Pain,Joint Pain,Loss of Smell,Weakness,Headache,Unknown
Cough,Nausea,Muscle Pain,Sore Throat,Chills,Dizziness,Headache,Dengue
Loss of Smell,Chills,Ear Pain,Rapid Heart Rate,Skin Peeling,Runny Nose,Sweating,Hypotension
Weakness,Rapid Heart Rate,Confusion,Blurred Vision,Loss of Taste,Vomiting,Loss of Smell,Unknown
Skin Redness,Vomiting,Chills,Headache,Diarrhea,Confusion,Swollen Lymph Nodes,Dengue
High Blood Pressure,Confusion,Joint Pain,Nausea,Chills,Abdominal Pain,Loss of Taste,Hypertension
Sore Throat,Runny Nose,Muscle Pain,Nausea,Weakness,High Blood Pressure,Swollen Lymph Nodes,Typhoid
Swollen Lymph Nodes,Cough,Shortness of Breath,Chills,Blurred Vision,Loss of Appetite,Sore Throat,COVID-19
Ear Pain,Nausea,Chills,Runny Nose,Diarrhea,Swollen Lymph Nodes,Sweating,Cold
Skin Redness,Nausea,Chest Pain,High Blood Pressure,Runny Nose,Fever,Loss of Appetite,Scarlet Fever
Loss of Taste,Fatigue,Ear Pain,Loss of Smell,Vomiting,Loss of Appetite,High Blood Pressure,COVID-19
Joint Pain,Blurred Vision,Cough,High Blood Pressure,Loss of Smell,Nausea,Loss of Appetite,Food Poisoning
Cough,Abdominal Pain,Rapid Heart Rate,Loss of Taste,Sore Throat,Sweating,Swollen Lymph Nodes,Hypotension
Chills,Skin Redness,Runny Nose,Sore Throat,Diarrhea,High Blood Pressure,Loss of Appetite,Malaria
Abdominal Pain,Loss of Appetite,Swollen Lymph Nodes,Chills,Dizziness,Fatigue,Weakness,Hypotension
Joint Pain,Headache,Chills,High Blood Pressure,Nausea,Runny Nose,Shortness of Breath,Migraine
Fatigue,Weakness,Low Blood Pressure,Headache,Chest Pain,Fever,Abdominal Pain,Flu
Vomiting,Dizziness,Abdominal Pain,Skin Redness,Joint Pain,Low Blood Pressure,Confusion,Dengue
Loss of Smell,Fatigue,Joint Pain,Sore Throat,Nausea,Shortness of Breath,Skin Peeling,Pneumonia
Rash,Dizziness,Ear Pain,Skin Peeling,Muscle Pain,Shortness of Breath,Blurred Vision,Dengue
Skin Peeling,Sweating,Shortness of Breath,Chest Pain,Fever,Blurred Vision,Skin Redness,Meningitis
Low Blood Pressure,Muscle Pain,Dizziness,Fatigue,Sweating,Loss of Smell,Abdominal Pain,Unknown
Loss of Taste,Weakness,Chills,Cough,Joint Pain,Sore Throat,Loss of Smell,Unknown
Runny Nose,Diarrhea,Swollen Lymph Nodes,Loss of Appetite,Difficulty Swallowing,Nausea,Shortness of Breath,Cold
Swollen Lymph Nodes,Muscle Pain,Chills,High Blood Pressure,Confusion,Shortness of Breath,Chest Pain,Unknown
Vomiting,Nausea,Chest Pain,Sweating,Ear Pain,Muscle Pain,Loss of Taste,Unknown
Nausea,Blurred Vision,Sore Throat,Rapid Heart Rate,Headache,Diarrhea,Low Blood Pressure,Unknown
Loss of Smell,Cough,Chills,Chest Pain,Swollen Lymph Nodes,Loss of Taste,Rash,Unknown
Diarrhea,Loss of Taste,High Blood Pressure,Skin Redness,Joint Pain,Loss of Smell,Cough,Hypertension
Skin Redness,Vomiting,Muscle Pain,Weakness,Joint Pain,Fatigue,Cough,Typhoid
Nausea,High Blood Pressure,Vomiting,Shortness of Breath,Weakness,Runny Nose,Fatigue,Food Poisoning
Ear Pain,Loss of Taste,Difficulty Swallowing,Fatigue,High Blood Pressure,Blurred Vision,Chest Pain,Unknown
Skin Peeling,Chills,Loss of Taste,Loss of Smell,Joint Pain,Abdominal Pain,Runny Nose,Dengue
Shortness of Breath,Ear Pain,Fatigue,Nausea,High Blood Pressure,Sore Throat,Cough,Strep Throat
Vomiting,High Blood Pressure,Fever,Chills,Nausea,Weakness,Muscle Pain,Migraine
Low Blood Pressure,Fatigue,Cough,Rapid Heart Rate,Loss of Smell,High Blood Pressure,Chills,Malaria
Runny Nose,Fever,Joint Pain,Low Blood Pressure,Sweating,Chest Pain,Nausea,Hypotension
Joint Pain,Chills,Nausea,Blurred Vision,Sore Throat,Sweating,Fatigue,Cold
Abdominal Pain,Difficulty Swallowing,Dizziness,Skin Redness,Shortness of Breath,Sore Throat,Fatigue,Cold
Muscle Pain,Fatigue,Weakness,Confusion,Shortness of Breath,Fever,Headache,Pneumonia
Chest Pain,Cough,Joint Pain,Skin Peeling,Sweating,Dizziness,Rash,Migraine
Weakness,Loss of Appetite,Nausea,Difficulty Swallowing,Blurred Vision,Rapid Heart Rate,Sore Throat,COVID-19
Diarrhea,Abdominal Pain,Skin Peeling,Cough,Blurred Vision,Runny Nose,Loss of Appetite,COVID-19
High Blood Pressure,Dizziness,Rash,Weakness,Diarrhea,Confusion,Rapid Heart Rate,Meningitis
Swollen Lymph Nodes,Fatigue,Weakness,Blurred Vision,Sore Throat,Chills,Loss of Taste,Unknown
Swollen Lymph Nodes,Weakness,Diarrhea,Rapid Heart Rate,Chills,Abdominal Pain,Low Blood Pressure,Unknown
Skin Redness,Rash,Loss of Smell,Sore Throat,Loss of Appetite,Chills,Weakness,Dengue
Shortness of Breath,Chills,Swollen Lymph Nodes,Muscle Pain,Rash,Sore Throat,High Blood Pressure,Scarlet Fever
Blurred Vision,Chest Pain,Nausea,Sore Throat,Loss of Taste,High Blood Pressure,Cough,Unknown
Loss of Appetite,Sweating,Runny Nose,Nausea,Chest Pain,Loss of Taste,Diarrhea,Pneumonia
Shortness of Breath,Difficulty Swallowing,Abdominal Pain,Chills,Low Blood Pressure,Rapid Heart Rate,Nausea,Hypotension
High Blood Pressure,Sweating,Runny Nose,Fatigue,Chills,Loss of Appetite,Loss of Taste,Unknown
Skin Peeling,Skin Redness,Ear Pain,Blurred Vision,Vomiting,Fever,Difficulty Swallowing,Unknown
Shortness of Breath,Swollen Lymph Nodes,Loss of Taste,Sweating,Loss of Appetite,Chills,Weakness,Unknown
Ear Pain,Loss of Appetite,Cough,Low Blood Pressure,Skin Redness,Nausea,Muscle Pain,Hypotension
Fatigue,Joint Pain,Shortness of Breath,Dizziness,Chest Pain,Vomiting,Difficulty Swallowing,Dengue
Low Blood Pressure,Rash,Weakness,Shortness of Breath,Fatigue,Blurred Vision,Skin Peeling,Dengue
Blurred Vision,Loss of Smell,Muscle Pain,Skin Redness,Vomiting,Abdominal Pain,Chest Pain,Unknown
High Blood Pressure,Runny Nose,Fatigue,Loss of Smell,Headache,Joint Pain,Fever,Hypertension
Rapid Heart Rate,Rash,Headache,Sore Throat,Difficulty Swallowing,Joint Pain,Low Blood Pressure,Hypotension
Abdominal Pain,Diarrhea,Fatigue,Low Blood Pressure,Sore Throat,Loss of Taste,Joint Pain,Unknown
Ear Pain,Rash,Abdominal Pain,Weakness,Runny Nose,Loss of Taste,Loss of Smell,Unknown
Nausea,Diarrhea,Fever,Blurred Vision,Cough,Fatigue,Abdominal Pain,Pneumonia
Shortness of Breath,Skin Peeling,Fatigue,Sore Throat,Dizziness,Chest Pain,Loss of Appetite,Unknown
Low Blood Pressure,Swollen Lymph Nodes,Skin Peeling,High Blood Pressure,Loss of Smell,Rash,Fatigue,Unknown
Rash,Sweating,High Blood Pressure,Abdominal Pain,Swollen Lymph Nodes,Loss of Taste,Nausea,Unknown
Abdominal Pain,Blurred Vision,Difficulty Swallowing,Runny Nose,Loss of Smell,Dizziness,Rash,Unknown
Confusion,Joint Pain,Cough,Blurred Vision,Loss of Appetite,Loss of Taste,Sweating,Migraine
Swollen Lymph Nodes,Vomiting,Loss of Smell,Weakness,Fever,Shortness of Breath,High Blood Pressure,Pneumonia
Abdominal Pain,Low Blood Pressure,Sore Throat,Swollen Lymph Nodes,Dizziness,Runny Nose,Nausea,Food Poisoning
High Blood Pressure,Loss of Appetite,Skin Redness,Fever,Muscle Pain,Difficulty Swallowing,Dizziness,Hypertension
Abdominal Pain,Joint Pain,Runny Nose,Shortness of Breath,Diarrhea,Sore Throat,Vomiting,Unknown
Rash,Runny Nose,Weakness,Fever,Low Blood Pressure,Joint Pain,Diarrhea,Hypotension
Shortness of Breath,Vomiting,Fatigue,Headache,Sore Throat,Rapid Heart Rate,Chest Pain,COVID-19
Rash,Fever,Low Blood Pressure,Nausea,Confusion,Vomiting,Loss of Appetite,Ear Infection
Low Blood Pressure,Chills,Headache,Muscle Pain,Vomiting,Rash,High Blood Pressure,Unknown
Sweating,Vomiting,Confusion,Ear Pain,Rapid Heart Rate,Muscle Pain,Loss of Taste,Malaria
Low Blood Pressure,Diarrhea,Loss of Smell,Difficulty Swallowing,Sore Throat,Confusion,Chest Pain,Unknown
Ear Pain,Cough,Difficulty Swallowing,Chills,Runny Nose,Loss of Appetite,Blurred Vision,Migraine
Abdominal Pain,Nausea,Rapid Heart Rate,Cough,Weakness,Swollen Lymph Nodes,Skin Redness,Meningitis
Fatigue,Loss of Appetite,Rapid Heart Rate,Vomiting,Cough,Low Blood Pressure,Diarrhea,Unknown
Low Blood Pressure,Sore Throat,Ear Pain,Dizziness,Blurred Vision,Fatigue,Fever,Flu
Runny Nose,Blurred Vision,Rapid Heart Rate,Diarrhea,Muscle Pain,Dizziness,Nausea,Cold
Muscle Pain,Rash,Chills,Low Blood Pressure,Sweating,Chest Pain,Swollen Lymph Nodes,Unknown
Fever,Loss of Smell,Difficulty Swallowing,Ear Pain,Dizziness,Rash,Loss of Appetite,Hypertension
Abdominal Pain,Skin Peeling,Low Blood Pressure,Diarrhea,Blurred Vision,Chills,Swollen Lymph Nodes,Typhoid
Muscle Pain,Weakness,Runny Nose,Headache,Low Blood Pressure,Loss of Taste,Nausea,Meningitis
Loss of Taste,Ear Pain,Loss of Appetite,Rapid Heart Rate,Difficulty Swallowing,Cough,Nausea,Strep Throat
Blurred Vision,Loss of Appetite,Joint Pain,Low Blood Pressure,Cough,Abdominal Pain,Ear Pain,Flu
Joint Pain,Chills,Weakness,Ear Pain,Low Blood Pressure,Runny Nose,Cough,Pneumonia
Shortness of Breath,Difficulty Swallowing,Skin Redness,Swollen Lymph Nodes,Fatigue,Fever,Blurred Vision,COVID-19
Loss of Taste,Chest Pain,Diarrhea,Muscle Pain,Swollen Lymph Nodes,Skin Redness,Rapid Heart Rate,Hypotension
Fever,Low Blood Pressure,Chest Pain,Rash,Loss of Taste,Loss of Smell,Cough,COVID-19
Ear Pain,Vomiting,Loss of Appetite,Weakness,Low Blood Pressure,Blurred Vision,Rapid Heart Rate,Unknown
Dizziness,Skin Peeling,Fever,Sweating,Rapid Heart Rate,Loss of Taste,Low Blood Pressure,Hypertension
Nausea,Loss of Smell,High Blood Pressure,Ear Pain,Low Blood Pressure,Loss of Appetite,Joint Pain,Hypertension
Blurred Vision,Chills,Ear Pain,Difficulty Swallowing,Chest Pain,Nausea,Headache,Hypertension
High Blood Pressure,Ear Pain,Loss of Appetite,Headache,Loss of Smell,Runny Nose,Abdominal Pain,Ear Infection
Dizziness,Shortness of Breath,Rash,Skin Redness,Joint Pain,Ear Pain,Nausea,Unknown
Loss of Appetite,Chills,Abdominal Pain,Sweating,Headache,Low Blood Pressure,Blurred Vision,Food Poisoning
Rapid Heart Rate,Low Blood Pressure,Sweating,Vomiting,Fatigue,Abdominal Pain,Loss of Smell,Hypertension
High Blood Pressure,Sore Throat,Swollen Lymph Nodes,Diarrhea,Nausea,Skin Redness,Rapid Heart Rate,Strep Throat
Muscle Pain,Diarrhea,Blurred Vision,Cough,Rapid Heart Rate,Chest Pain,Sore Throat,Pneumonia
Ear Pain,Muscle Pain,Diarrhea,Rapid Heart Rate,Blurred Vision,Sweating,Chest Pain,Ear Infection
Fever,Skin Redness,Weakness,Headache,Confusion,Cough,Sweating,Migraine
Skin Redness,Abdominal Pain,Loss of Appetite,Rapid Heart Rate,Sore Throat,Blurred Vision,Shortness of Breath,Migraine
Shortness of Breath,Abdominal Pain,Sweating,Swollen Lymph Nodes,Nausea,Loss of Taste,Chills,Unknown
Rash,Swollen Lymph Nodes,Joint Pain,Loss of Smell,Skin Redness,High Blood Pressure,Chest Pain,Unknown
Dizziness,Confusion,Chest Pain,Skin Redness,Cough,Fatigue,Abdominal Pain,Unknown
Skin Redness,Loss of Appetite,Chills,Low Blood Pressure,Weakness,Blurred Vision,Fatigue,COVID-19
Loss of Smell,High Blood Pressure,Skin Redness,Nausea,Vomiting,Blurred Vision,Sore Throat,Unknown
Blurred Vision,Weakness,Rash,Muscle Pain,Abdominal Pain,Ear Pain,Skin Peeling,Unknown
Swollen Lymph Nodes,Nausea,Loss of Taste,Confusion,High Blood Pressure,Ear Pain,Loss of Smell,Hypertension
Loss of Appetite,Loss of Taste,Chest Pain,Nausea,Difficulty Swallowing,Joint Pain,Sore Throat,Dengue
Swollen Lymph Nodes,Blurred Vision,Loss of Appetite,Chest Pain,Cough,Difficulty Swallowing,Ear Pain,Unknown
Loss of Appetite,Loss of Taste,Chills,Skin Redness,Muscle Pain,Weakness,Joint Pain,Unknown
Loss of Taste,Sore Throat,Blurred Vision,Skin Peeling,Runny Nose,Swollen Lymph Nodes,Headache,COVID-19
Fatigue,Weakness,Joint Pain,Rapid Heart Rate,Ear Pain,Chest Pain,Diarrhea,Hypertension
Runny Nose,Loss of Appetite,Low Blood Pressure,Cough,Rash,Skin Redness,Diarrhea,Unknown
Low Blood Pressure,Confusion,Fatigue,Blurred Vision,Muscle Pain,Abdominal Pain,Shortness of Breath,Cold
Chills,Runny Nose,Skin Peeling,Difficulty Swallowing,Cough,Fatigue,Sweating,Unknown
Runny Nose,Joint Pain,Confusion,Abdominal Pain,Fever,Swollen Lymph Nodes,Muscle Pain,Malaria
Skin Peeling,Skin Redness,Blurred Vision,Sweating,Muscle Pain,Fatigue,Abdominal Pain,Unknown
Loss of Taste,Rapid Heart Rate,Diarrhea,Skin Redness,Shortness of Breath,Chest Pain,Muscle Pain,Unknown
Sore Throat,Dizziness,Fever,Weakness,Rapid Heart Rate,Vomiting,Loss of Smell,Hypotension
Difficulty Swallowing,Muscle Pain,Fatigue,High Blood Pressure,Vomiting,Shortness of Breath,Nausea,Pneumonia
Rash,Skin Peeling,Abdominal Pain,Rapid Heart Rate,Confusion,Runny Nose,Joint Pain,Unknown
Ear Pain,Rash,Cough,Weakness,Chest Pain,Fatigue,Skin Redness,Unknown
Joint Pain,Vomiting,Skin Peeling,Loss of Smell,Blurred Vision,Runny Nose,Diarrhea,Unknown
Rapid Heart Rate,Chills,Vomiting,Muscle Pain,Low Blood Pressure,Weakness,Blurred Vision,Unknown
Chest Pain,Confusion,Fever,Abdominal Pain,Loss of Taste,High Blood Pressure,Joint Pain,Strep Throat
Rapid Heart Rate,Blurred Vision,Joint Pain,Difficulty Swallowing,Confusion,Dizziness,Runny Nose,Migraine
High Blood Pressure,Fatigue,Chest Pain,Sweating,Loss of Appetite,Chills,Rash,Malaria
Sore Throat,Difficulty Swallowing,Confusion,Rapid Heart Rate,Nausea,Chest Pain,Weakness,Meningitis
Cough,Nausea,Skin Peeling,Difficulty Swallowing,Swollen Lymph Nodes,Blurred Vision,Skin Redness,Migraine
Abdominal Pain,Shortness of Breath,Low Blood Pressure,Chest Pain,Rapid Heart Rate,Loss of Smell,Skin Redness,COVID-19
Difficulty Swallowing,Diarrhea,Sweating,Muscle Pain,Rapid Heart Rate,Fatigue,Nausea,Unknown
Fever,Muscle Pain,Swollen Lymph Nodes,Weakness,Dizziness,Rapid Heart Rate,Confusion,Unknown
Runny Nose,Nausea,Ear Pain,Sweating,Diarrhea,Loss of Smell,Rapid Heart Rate,Unknown
Weakness,Joint Pain,Skin Redness,Vomiting,Dizziness,Muscle Pain,Fever,Food Poisoning
Sore Throat,Shortness of Breath,Skin Redness,Loss of Taste,Low Blood Pressure,Loss of Appetite,Rapid Heart Rate,COVID-19
Chills,Dizziness,High Blood Pressure,Shortness of Breath,Low Blood Pressure,Sore Throat,Loss of Appetite,Unknown
Ear Pain,Weakness,Headache,Rash,Loss of Taste,High Blood Pressure,Chills,Migraine
Loss of Appetite,Skin Peeling,Low Blood Pressure,Fever,Muscle Pain,Sore Throat,Difficulty Swallowing,Strep Throat
Diarrhea,Abdominal Pain,Shortness of Breath,Cough,Nausea,Headache,Fever,Pneumonia
Skin Redness,Blurred Vision,High Blood Pressure,Difficulty Swallowing,Runny Nose,Confusion,Fatigue,Flu
Loss of Taste,Confusion,Sore Throat,Blurred Vision,Loss of Appetite,Difficulty Swallowing,High Blood Pressure,Cold
Swollen Lymph Nodes,Nausea,Ear Pain,Sweating,Loss of Appetite,Joint Pain,Skin Peeling,Unknown
Sore Throat,Cough,Abdominal Pain,Weakness,Vomiting,Chills,Low Blood Pressure,Pneumonia
Sore Throat,Nausea,Ear Pain,Difficulty Swallowing,Fatigue,Chills,Confusion,Malaria
Diarrhea,Loss of Smell,Muscle Pain,Runny Nose,Sore Throat,Ear Pain,Rapid Heart Rate,Hypotension
Blurred Vision,Skin Peeling,Weakness,Loss of Smell,Chest Pain,Chills,Headache,Meningitis
High Blood Pressure,Abdominal Pain,Swollen Lymph Nodes,Rash,Chest Pain,Cough,Vomiting,Typhoid
Skin Redness,Diarrhea,Swollen Lymph Nodes,Difficulty Swallowing,Weakness,Low Blood Pressure,Confusion,Malaria
Loss of Smell,Runny Nose,Muscle Pain,Skin Redness,Blurred Vision,Swollen Lymph Nodes,Chills,Unknown
Vomiting,Ear Pain,Shortness of Breath,Rash,Weakness,Chills,Cough,Cold
Fever,High Blood Pressure,Ear Pain,Vomiting,Chest Pain,Confusion,Diarrhea,Malaria
Dizziness,Sore Throat,Muscle Pain,Skin Redness,High Blood Pressure,Skin Peeling,Weakness,Unknown
Runny Nose,Loss of Appetite,Loss of Taste,Sore Throat,Cough,Joint Pain,Skin Redness,Unknown
Difficulty Swallowing,Joint Pain,Loss of Taste,Dizziness,Rapid Heart Rate,Skin Peeling,Rash,Unknown
Blurred Vision,Rash,Ear Pain,Sweating,Cough,Low Blood Pressure,Swollen Lymph Nodes,Dengue
Ear Pain,Fever,Sore Throat,Weakness,Cough,Muscle Pain,Abdominal Pain,Malaria
Loss of Smell,Joint Pain,Chest Pain,Diarrhea,Vomiting,Low Blood Pressure,Weakness,Unknown
Rapid Heart Rate,Swollen Lymph Nodes,Loss of Smell,Muscle Pain,Confusion,Blurred Vision,Sweating,Unknown
Difficulty Swallowing,Joint Pain,Sore Throat,Loss of Appetite,Dizziness,Fever,Ear Pain,Unknown
Muscle Pain,Vomiting,Cough,Swollen Lymph Nodes,Shortness of Breath,Difficulty Swallowing,Blurred Vision,Ear Infection
Ear Pain,Fatigue,Sweating,Chills,Diarrhea,High Blood Pressure,Chest Pain,Unknown
Sweating,Diarrhea,Ear Pain,Vomiting,Joint Pain,Loss of Smell,Chest Pain,Unknown
Shortness of Breath,Fatigue,Loss of Smell,Joint Pain,Cough,High Blood Pressure,Dizziness,Dengue
Weakness,Fatigue,Ear Pain,Runny Nose,Diarrhea,Chills,Loss of Appetite,Unknown
Sore Throat,Weakness,Ear Pain,Abdominal Pain,Sweating,Fever,Skin Peeling,Malaria
Blurred Vision,Low Blood Pressure,Skin Redness,Nausea,Ear Pain,Cough,Loss of Smell,Unknown
Runny Nose,Diarrhea,Sweating,Loss of Taste,Blurred Vision,Cough,Confusion,Unknown
Runny Nose,Rash,Swollen Lymph Nodes,Loss of Appetite,Low Blood Pressure,Sore Throat,Chills,Dengue
High Blood Pressure,Rapid Heart Rate,Low Blood Pressure,Dizziness,Runny Nose,Headache,Fatigue,Unknown
Blurred Vision,Ear Pain,Skin Redness,Rash,Rapid Heart Rate,Difficulty Swallowing,Joint Pain,Scarlet Fever
Ear Pain,Cough,Runny Nose,Vomiting,Dizziness,High Blood Pressure,Skin Redness,Pneumonia
Sore Throat,Skin Peeling,Nausea,Muscle Pain,Sweating,Chest Pain,Chills,Meningitis
Confusion,Joint Pain,Muscle Pain,Abdominal Pain,Loss of Smell,Fatigue,Sweating,Food Poisoning
Difficulty Swallowing,Chills,Ear Pain,Abdominal Pain,Skin Peeling,High Blood Pressure,Dizziness,Malaria
Confusion,Fatigue,Shortness of Breath,Diarrhea,Loss of Smell,Swollen Lymph Nodes,Rapid Heart Rate,Unknown
Low Blood Pressure,Skin Redness,Loss of Taste,Difficulty Swallowing,Runny Nose,Sore Throat,Ear Pain,COVID-19
Sweating,Skin Peeling,Sore Throat,Weakness,Vomiting,Loss of Appetite,Muscle Pain,COVID-19
Ear Pain,Swollen Lymph Nodes,Nausea,Blurred Vision,Headache,Dizziness,Chest Pain,Meningitis
Vomiting,Sore Throat,Skin Peeling,Ear Pain,Chills,Nausea,Low Blood Pressure,Unknown
Joint Pain,Fever,Dizziness,Swollen Lymph Nodes,Headache,Cough,Shortness of Breath,Typhoid
Cough,Joint Pain,Fever,Ear Pain,Rash,Low Blood Pressure,Muscle Pain,Cold
Skin Peeling,Fever,Runny Nose,Rash,Difficulty Swallowing,Swollen Lymph Nodes,Sore Throat,Flu
Muscle Pain,Rash,Difficulty Swallowing,Vomiting,Nausea,Weakness,Skin Peeling,Dengue
Joint Pain,Difficulty Swallowing,Chills,Swollen Lymph Nodes,Loss of Taste,Rapid Heart Rate,Runny Nose,Cold
Low Blood Pressure,Chest Pain,Weakness,Rash,Headache,Nausea,Loss of Taste,Malaria
Sore Throat,Abdominal Pain,Swollen Lymph Nodes,Loss of Taste,Runny Nose,Rapid Heart Rate,Difficulty Swallowing,Flu
Chest Pain,Nausea,Swollen Lymph Nodes,Confusion,Chills,Rash,Loss of Taste,Dengue
Rapid Heart Rate,Shortness of Breath,Abdominal Pain,Fever,Blurred Vision,Ear Pain,Cough,Malaria
Rapid Heart Rate,Difficulty Swallowing,Dizziness,Shortness of Breath,High Blood Pressure,Sweating,Loss of Appetite,Unknown
Skin Peeling,Abdominal Pain,Chest Pain,Loss of Appetite,Loss of Smell,Joint Pain,Blurred Vision,Scarlet Fever
Confusion,Swollen Lymph Nodes,Nausea,Skin Redness,Rapid Heart Rate,Headache,Blurred Vision,Unknown
Fever,Nausea,Runny Nose,Cough,Abdominal Pain,Loss of Taste,Loss of Appetite,Flu
Headache,Skin Peeling,Cough,Low Blood Pressure,Abdominal Pain,Vomiting,Loss of Smell,Pneumonia
Sweating,Nausea,Rash,Rapid Heart Rate,Muscle Pain,Fever,Chest Pain,Migraine
Fever,Headache,Blurred Vision,Chills,Vomiting,Weakness,Cough,Food Poisoning
Skin Redness,Vomiting,Difficulty Swallowing,Skin Peeling,Fatigue,Joint Pain,Cough,Strep Throat
Dizziness,Shortness of Breath,Rapid Heart Rate,Fatigue,Joint Pain,High Blood Pressure,Nausea,Migraine
Blurred Vision,Weakness,Loss of Taste,Confusion,Rapid Heart Rate,Headache,Swollen Lymph Nodes,Unknown
Headache,Dizziness,Loss of Smell,Sore Throat,Cough,Rapid Heart Rate,Low Blood Pressure,Malaria
Diarrhea,Fatigue,Ear Pain,Skin Redness,Difficulty Swallowing,Low Blood Pressure,Cough,Unknown
Fever,Shortness of Breath,Loss of Taste,Blurred Vision,Confusion,Cough,Diarrhea,Migraine
Nausea,Rapid Heart Rate,Vomiting,Abdominal Pain,Headache,Blurred Vision,Joint Pain,Hypotension
Chest Pain,Rapid Heart Rate,Muscle Pain,Joint Pain,High Blood Pressure,Low Blood Pressure,Dizziness,Unknown
Vomiting,Weakness,Abdominal Pain,Difficulty Swallowing,Loss of Taste,Rapid Heart Rate,Muscle Pain,Unknown
Vomiting,Sweating,Loss of Taste,Chest Pain,Confusion,Diarrhea,Weakness,Meningitis
Cough,Sweating,Blurred Vision,Chills,Difficulty Swallowing,Loss of Taste,Skin Peeling,Scarlet Fever
High Blood Pressure,Chills,Nausea,Chest Pain,Dizziness,Fever,Skin Peeling,Ear Infection
Dizziness,High Blood Pressure,Skin Redness,Joint Pain,Vomiting,Diarrhea,Rapid Heart Rate,Scarlet Fever
Diarrhea,Rapid Heart Rate,Loss of Smell,Loss of Appetite,Skin Redness,Ear Pain,Fever,Hypotension
Dizziness,Headache,Fever,Ear Pain,Chills,Low Blood Pressure,Runny Nose,Cold
Rash,Difficulty Swallowing,Cough,Loss of Appetite,Blurred Vision,Loss of Taste,Confusion,Ear Infection
Fatigue,Loss of Taste,Blurred Vision,Joint Pain,Skin Peeling,Sore Throat,Difficulty Swallowing,Typhoid
Chest Pain,Sore Throat,Diarrhea,Ear Pain,Skin Peeling,Fever,Skin Redness,Strep Throat
Skin Redness,Loss of Appetite,Abdominal Pain,Skin Peeling,Fatigue,Joint Pain,Sweating,Scarlet Fever
Weakness,Fever,Fatigue,Difficulty Swallowing,Ear Pain,Skin Redness,Low Blood Pressure,Unknown
Vomiting,Loss of Taste,Skin Redness,Fatigue,Rapid Heart Rate,Blurred Vision,Ear Pain,Migraine
Loss of Smell,Swollen Lymph Nodes,Chills,High Blood Pressure,Ear Pain,Sore Throat,Joint Pain,Strep Throat
Blurred Vision,Low Blood Pressure,Muscle Pain,High Blood Pressure,Loss of Smell,Skin Peeling,Headache,Unknown
Runny Nose,Fatigue,Fever,Abdominal Pain,Rash,Nausea,Muscle Pain,Typhoid
Loss of Appetite,Cough,Sore Throat,Ear Pain,Chills,Diarrhea,Confusion,Flu
Abdominal Pain,Joint Pain,High Blood Pressure,Sore Throat,Dizziness,Loss of Taste,Swollen Lymph Nodes,Migraine
Swollen Lymph Nodes,Sore Throat,Difficulty Swallowing,Headache,Fever,Ear Pain,Muscle Pain,Strep Throat
Rapid Heart Rate,Swollen Lymph Nodes,Ear Pain,Rash,Confusion,Sweating,Loss of Taste,Malaria
Loss of Smell,Blurred Vision,Vomiting,Chills,Headache,Shortness of Breath,Diarrhea,Migraine
Runny Nose,Chills,Dizziness,Abdominal Pain,Weakness,High Blood Pressure,Low Blood Pressure,Typhoid
Chills,Rash,Swollen Lymph Nodes,Headache,Low Blood Pressure,Skin Redness,Fever,Hypotension
High Blood Pressure,Shortness of Breath,Fever,Skin Peeling,Loss of Taste,Sore Throat,Swollen Lymph Nodes,Unknown
Shortness of Breath,Blurred Vision,Loss of Appetite,Swollen Lymph Nodes,Vomiting,Joint Pain,Diarrhea,Unknown
Rash,Muscle Pain,Fatigue,Loss of Smell,Nausea,Loss of Appetite,Skin Redness,Migraine
Loss of Taste,Joint Pain,Fatigue,Difficulty Swallowing,Sore Throat,Skin Peeling,Shortness of Breath,Unknown
Rapid Heart Rate,Sweating,High Blood Pressure,Shortness of Breath,Loss of Smell,Joint Pain,Cough,Hypertension
Fatigue,Loss of Smell,Cough,Rash,Muscle Pain,Sore Throat,Loss of Appetite,COVID-19
Confusion,Headache,Chills,Cough,Vomiting,Swollen Lymph Nodes,Rash,Migraine
Rash,Difficulty Swallowing,Shortness of Breath,Sweating,Loss of Appetite,Chest Pain,Chills,Unknown
Blurred Vision,Cough,Sweating,Shortness of Breath,Swollen Lymph Nodes,Dizziness,Low Blood Pressure,COVID-19
Nausea,Vomiting,Blurred Vision,Weakness,Chest Pain,Muscle Pain,Dizziness,Pneumonia
Muscle Pain,Joint Pain,Diarrhea,Fever,Cough,Loss of Smell,Chills,Unknown
Weakness,Loss of Smell,Abdominal Pain,Skin Peeling,Headache,Nausea,Diarrhea,Dengue
Low Blood Pressure,High Blood Pressure,Cough,Rapid Heart Rate,Headache,Diarrhea,Loss of Appetite,Typhoid
Headache,Confusion,Runny Nose,Joint Pain,Shortness of Breath,Weakness,Diarrhea,Flu
Rapid Heart Rate,Dizziness,Nausea,Joint Pain,High Blood Pressure,Blurred Vision,Low Blood Pressure,Unknown
Rapid Heart Rate,Loss of Appetite,Skin Redness,Diarrhea,Ear Pain,Low Blood Pressure,Difficulty Swallowing,Food Poisoning
Diarrhea,Sore Throat,Vomiting,Loss of Appetite,Cough,Joint Pain,Blurred Vision,Unknown
Skin Redness,Low Blood Pressure,Rash,Abdominal Pain,Headache,Rapid Heart Rate,Dizziness,Unknown
Diarrhea,Chest Pain,Swollen Lymph Nodes,Loss of Taste,Chills,Loss of Smell,Dizziness,Unknown
Sore Throat,Chills,Rapid Heart Rate,Loss of Appetite,Fatigue,Diarrhea,Weakness,Flu
Rash,Ear Pain,Fatigue,Weakness,Low Blood Pressure,Rapid Heart Rate,Shortness of Breath,Unknown
Fatigue,High Blood Pressure,Ear Pain,Runny Nose,Difficulty Swallowing,Confusion,Loss of Appetite,Ear Infection
Difficulty Swallowing,Shortness of Breath,Sweating,Runny Nose,Joint Pain,Skin Peeling,Abdominal Pain,Malaria
Difficulty Swallowing,Confusion,Muscle Pain,Runny Nose,Fatigue,Dizziness,Headache,Meningitis
Low Blood Pressure,Rapid Heart Rate,Muscle Pain,Headache,Sore Throat,Fever,Difficulty Swallowing,Pneumonia
Loss of Appetite,Chills,Diarrhea,Fatigue,Headache,Cough,Skin Redness,Malaria
Joint Pain,Headache,Skin Peeling,Rash,Loss of Appetite,Chest Pain,Nausea,Meningitis
Loss of Smell,Vomiting,Shortness of Breath,Fever,Headache,Skin Redness,Cough,Flu
Cough,Dizziness,Headache,Vomiting,Chest Pain,Runny Nose,Difficulty Swallowing,Strep Throat
Diarrhea,Shortness of Breath,Skin Redness,Skin Peeling,Loss of Taste,Runny Nose,Chills,Unknown
Muscle Pain,Ear Pain,Low Blood Pressure,Diarrhea,Dizziness,Difficulty Swallowing,Runny Nose,Unknown
Loss of Taste,Chills,Dizziness,Muscle Pain,Swollen Lymph Nodes,Fever,Loss of Appetite,Strep Throat
Skin Redness,Chills,Cough,Rapid Heart Rate,Chest Pain,Confusion,Shortness of Breath,Unknown
Loss of Smell,Chills,Loss of Appetite,Muscle Pain,Nausea,Weakness,Vomiting,Migraine
Low Blood Pressure,Diarrhea,Headache,Fever,Swollen Lymph Nodes,Sweating,Dizziness,Meningitis
Chest Pain,Runny Nose,Skin Peeling,Chills,Abdominal Pain,Cough,Joint Pain,Dengue
Chest Pain,Shortness of Breath,Rash,Nausea,Diarrhea,Muscle Pain,Loss of Taste,Dengue
Sore Throat,Runny Nose,Diarrhea,Abdominal Pain,Rash,Fever,Loss of Taste,Meningitis
Muscle Pain,Sweating,Rapid Heart Rate,Fatigue,Skin Peeling,Abdominal Pain,Diarrhea,Unknown
Headache,Skin Redness,Chills,Nausea,Low Blood Pressure,Skin Peeling,Cough,Malaria
Nausea,Loss of Smell,Vomiting,Loss of Taste,Sweating,Abdominal Pain,Headache,Unknown
Nausea,Joint Pain,Rapid Heart Rate,Skin Redness,Headache,Fatigue,Vomiting,Malaria
Ear Pain,Skin Redness,Rash,Headache,Weakness,Runny Nose,Low Blood Pressure,Unknown
Diarrhea,Confusion,Loss of Appetite,Chills,Abdominal Pain,Swollen Lymph Nodes,Runny Nose,Food Poisoning
Abdominal Pain,Chest Pain,Swollen Lymph Nodes,Rapid Heart Rate,Muscle Pain,Headache,Ear Pain,Typhoid
Runny Nose,Difficulty Swallowing,Sore Throat,Confusion,Skin Redness,Abdominal Pain,Loss of Appetite,Strep Throat
Ear Pain,Cough,Joint Pain,Confusion,Skin Redness,Chest Pain,Fever,COVID-19
Chills,Skin Peeling,Runny Nose,Swollen Lymph Nodes,Difficulty Swallowing,Chest Pain,Nausea,Unknown
Skin Redness,Loss of Taste,Headache,Confusion,Skin Peeling,Nausea,Fatigue,Hypertension
Sore Throat,Fever,Confusion,Swollen Lymph Nodes,Loss of Smell,Fatigue,Rash,Dengue
Headache,Dizziness,Loss of Appetite,Difficulty Swallowing,Sore Throat,Low Blood Pressure,Loss of Smell,Flu
Dizziness,Diarrhea,Rapid Heart Rate,Difficulty Swallowing,Chest Pain,Low Blood Pressure,High Blood Pressure,Hypertension
Chest Pain,Sweating,Loss of Appetite,Cough,Swollen Lymph Nodes,Muscle Pain,Blurred Vision,Dengue
Chest Pain,High Blood Pressure,Blurred Vision,Loss of Appetite,Runny Nose,Skin Redness,Joint Pain,Unknown
Vomiting,High Blood Pressure,Loss of Taste,Rash,Diarrhea,Sweating,Swollen Lymph Nodes,Unknown
Cough,Rapid Heart Rate,Diarrhea,Dizziness,Fever,Joint Pain,Confusion,Migraine
Nausea,Joint Pain,Skin Redness,Muscle Pain,Loss of Smell,Diarrhea,Vomiting,Unknown
Sore Throat,Low Blood Pressure,Blurred Vision,Nausea,Ear Pain,Runny Nose,Rash,Dengue
Chills,Abdominal Pain,Shortness of Breath,Skin Peeling,Headache,Skin Redness,High Blood Pressure,Meningitis
Rapid Heart Rate,Diarrhea,Runny Nose,High Blood Pressure,Skin Peeling,Sore Throat,Joint Pain,Unknown
High Blood Pressure,Vomiting,Rapid Heart Rate,Abdominal Pain,Chest Pain,Muscle Pain,Loss of Taste,COVID-19
Runny Nose,Weakness,Joint Pain,Loss of Taste,Muscle Pain,Rapid Heart Rate,Nausea,Unknown
Swollen Lymph Nodes,Nausea,Rapid Heart Rate,Chest Pain,Rash,Skin Peeling,Loss of Appetite,Unknown
Nausea,Low Blood Pressure,High Blood Pressure,Cough,Blurred Vision,Loss of Smell,Sore Throat,Unknown
Fever,Abdominal Pain,Skin Peeling,Rash,Blurred Vision,Chest Pain,Joint Pain,Scarlet Fever
Fever,Sore Throat,Headache,Rash,Difficulty Swallowing,Rapid Heart Rate,Vomiting,Ear Infection
Low Blood Pressure,High Blood Pressure,Headache,Sweating,Ear Pain,Dizziness,Vomiting,Unknown
Headache,Abdominal Pain,Joint Pain,Confusion,Sweating,Skin Redness,Cough,Flu
Chest Pain,Nausea,Cough,Fever,Abdominal Pain,Sore Throat,Loss of Smell,Scarlet Fever
Muscle Pain,Runny Nose,Joint Pain,Confusion,Chest Pain,Sore Throat,High Blood Pressure,Unknown
Fever,Chest Pain,Abdominal Pain,Fatigue,Nausea,Sweating,Chills,Unknown
Weakness,Sore Throat,Rash,Rapid Heart Rate,Swollen Lymph Nodes,Skin Redness,Confusion,Cold
Confusion,Skin Redness,Swollen Lymph Nodes,Low Blood Pressure,Sweating,Headache,Diarrhea,Flu
Dizziness,Nausea,Blurred Vision,Chest Pain,Fatigue,Weakness,Chills,Unknown
Shortness of Breath,Rash,Confusion,Cough,Ear Pain,Skin Peeling,Fever,Unknown
Ear Pain,Rapid Heart Rate,Vomiting,Low Blood Pressure,Runny Nose,Loss of Smell,Diarrhea,Unknown
Chest Pain,Muscle Pain,Confusion,Rash,Fever,Skin Redness,Headache,Migraine
Runny Nose,Skin Redness,Fatigue,Blurred Vision,Dizziness,Sweating,Nausea,Malaria
Fatigue,Chills,Shortness of Breath,Muscle Pain,Loss of Appetite,Difficulty Swallowing,Abdominal Pain,Cold
Dizziness,Low Blood Pressure,Blurred Vision,Runny Nose,Cough,Difficulty Swallowing,Abdominal Pain,Hypertension
Blurred Vision,Fever,Loss of Smell,Sore Throat,Ear Pain,Low Blood Pressure,Difficulty Swallowing,Unknown
Low Blood Pressure,Abdominal Pain,Dizziness,Loss of Smell,Joint Pain,Loss of Taste,Skin Redness,Unknown
Low Blood Pressure,Diarrhea,Rapid Heart Rate,Dizziness,Sweating,Cough,Difficulty Swallowing,Unknown
Chest Pain,Rapid Heart Rate,Diarrhea,Low Blood Pressure,Chills,Cough,Loss of Smell,Unknown
Low Blood Pressure,Runny Nose,Swollen Lymph Nodes,Chills,Fever,Rash,Shortness of Breath,Unknown
Rapid Heart Rate,Nausea,Loss of Smell,Blurred Vision,Ear Pain,Rash,Joint Pain,Unknown
Loss of Taste,Joint Pain,Shortness of Breath,Headache,Skin Redness,Blurred Vision,Nausea,Migraine
Chest Pain,Joint Pain,Blurred Vision,Loss of Appetite,Muscle Pain,Low Blood Pressure,Skin Redness,COVID-19
Loss of Appetite,Low Blood Pressure,Ear Pain,Chest Pain,Chills,Diarrhea,Skin Redness,Unknown
Sweating,Low Blood Pressure,Confusion,Diarrhea,Blurred Vision,Abdominal Pain,Loss of Smell,Unknown
Runny Nose,Low Blood Pressure,Shortness of Breath,Fever,Loss of Taste,Ear Pain,Chills,Typhoid
Skin Redness,Sore Throat,Rapid Heart Rate,Headache,Loss of Appetite,Dizziness,Fatigue,Flu
Headache,Fatigue,Confusion,Sore Throat,Nausea,Fever,Vomiting,Typhoid
Chills,Blurred Vision,Loss of Appetite,Skin Redness,Skin Peeling,Fatigue,Muscle Pain,Scarlet Fever
Shortness of Breath,Dizziness,Loss of Appetite,Loss of Taste,Confusion,Runny Nose,Diarrhea,Meningitis
Difficulty Swallowing,Muscle Pain,High Blood Pressure,Chills,Fatigue,Abdominal Pain,Rapid Heart Rate,Unknown
Chills,Skin Redness,Ear Pain,Diarrhea,Dizziness,Rash,Nausea,Hypotension
Swollen Lymph Nodes,Headache,Weakness,Loss of Smell,Rash,Loss of Appetite,Loss of Taste,Meningitis
Sore Throat,Weakness,Fatigue,Headache,Muscle Pain,Loss of Taste,Cough,Strep Throat
Loss of Appetite,Headache,Cough,Rash,Muscle Pain,Sweating,Fatigue,Unknown
Loss of Taste,Swollen Lymph Nodes,Weakness,Low Blood Pressure,Dizziness,Vomiting,Abdominal Pain,Strep Throat
Runny Nose,Shortness of Breath,Headache,Loss of Taste,Abdominal Pain,Fatigue,Fever,Unknown
Dizziness,Loss of Appetite,Cough,Shortness of Breath,Chest Pain,Diarrhea,Fever,Cold
Low Blood Pressure,Loss of Appetite,Sore Throat,Vomiting,Dizziness,Muscle Pain,Weakness,Strep Throat
Runny Nose,Difficulty Swallowing,Swollen Lymph Nodes,Vomiting,Ear Pain,Diarrhea,Sore Throat,Unknown
Fever,Joint Pain,Shortness of Breath,Rash,Blurred Vision,Difficulty Swallowing,Muscle Pain,Unknown
Swollen Lymph Nodes,Vomiting,Rash,Weakness,Chills,Fatigue,Skin Redness,Flu
Fatigue,Loss of Taste,Joint Pain,Low Blood Pressure,Cough,Weakness,Chills,Dengue
Joint Pain,Loss of Smell,Runny Nose,Swollen Lymph Nodes,Low Blood Pressure,Difficulty Swallowing,Headache,Unknown
Difficulty Swallowing,Rash,Dizziness,Loss of Appetite,Runny Nose,Fever,Blurred Vision,Dengue
Headache,Muscle Pain,Vomiting,Fatigue,Skin Redness,Loss of Appetite,Rapid Heart Rate,Flu
Joint Pain,Skin Peeling,Runny Nose,Sore Throat,Chest Pain,Loss of Appetite,Nausea,Flu
Fatigue,Weakness,High Blood Pressure,Low Blood Pressure,Cough,Rapid Heart Rate,Sweating,Pneumonia
Low Blood Pressure,Rash,Vomiting,Fatigue,Skin Peeling,Chills,Ear Pain,Hypotension
Vomiting,Ear Pain,Skin Peeling,Chills,Loss of Appetite,Difficulty Swallowing,Loss of Smell,Strep Throat
Blurred Vision,Low Blood Pressure,Fever,Loss of Taste,Headache,Dizziness,Rash,Typhoid
High Blood Pressure,Loss of Appetite,Diarrhea,Skin Redness,Confusion,Skin Peeling,Weakness,Malaria
Difficulty Swallowing,Loss of Smell,Loss of Taste,Confusion,Fever,Sweating,Headache,Pneumonia
Loss of Taste,Weakness,Runny Nose,Fatigue,Dizziness,Joint Pain,Muscle Pain,Dengue
Diarrhea,Skin Redness,Confusion,Low Blood Pressure,Cough,Fever,Weakness,Dengue
Cough,Confusion,Headache,Nausea,Shortness of Breath,High Blood Pressure,Sore Throat,Hypertension
Headache,Joint Pain,Weakness,Rapid Heart Rate,Skin Peeling,Shortness of Breath,Nausea,Typhoid
Fever,Weakness,Confusion,Sweating,Joint Pain,Vomiting,Nausea,Strep Throat
Muscle Pain,Sweating,Rash,Rapid Heart Rate,Headache,Ear Pain,Skin Redness,Unknown
Confusion,Chills,Sore Throat,Vomiting,Fever,Chest Pain,Runny Nose,Malaria
Loss of Appetite,High Blood Pressure,Skin Peeling,Loss of Smell,Fatigue,Skin Redness,Shortness of Breath,Unknown
Sweating,Abdominal Pain,Diarrhea,Rapid Heart Rate,Nausea,Fatigue,Rash,Malaria
Cough,Diarrhea,High Blood Pressure,Nausea,Low Blood Pressure,Ear Pain,Rapid Heart Rate,Unknown
Fever,Sweating,High Blood Pressure,Skin Redness,Cough,Headache,Loss of Smell,Unknown
Loss of Appetite,Diarrhea,Low Blood Pressure,Joint Pain,Loss of Smell,Confusion,High Blood Pressure,Food Poisoning
Chills,Vomiting,Rapid Heart Rate,Blurred Vision,Loss of Taste,Cough,Difficulty Swallowing,Food Poisoning
Blurred Vision,Skin Peeling,Sore Throat,Headache,Ear Pain,Low Blood Pressure,Sweating,Scarlet Fever
Headache,Chest Pain,Sweating,Blurred Vision,Rapid Heart Rate,Dizziness,Low Blood Pressure,Hypertension
Shortness of Breath,Sweating,Chest Pain,Loss of Taste,Nausea,Swollen Lymph Nodes,Joint Pain,Migraine
Low Blood Pressure,Abdominal Pain,Skin Redness,Cough,High Blood Pressure,Chest Pain,Rash,Hypertension
Sore Throat,Joint Pain,Abdominal Pain,Shortness of Breath,Weakness,Loss of Taste,Dizziness,Hypotension
Swollen Lymph Nodes,Skin Redness,Diarrhea,Sore Throat,Runny Nose,Abdominal Pain,Low Blood Pressure,Unknown
Shortness of Breath,Skin Redness,Weakness,Nausea,Vomiting,Diarrhea,Rapid Heart Rate,Hypotension
Ear Pain,Sweating,Difficulty Swallowing,Runny Nose,Vomiting,Joint Pain,Skin Redness,Unknown
Headache,Dizziness,Fever,Weakness,Low Blood Pressure,Fatigue,Joint Pain,Hypotension
Chills,High Blood Pressure,Vomiting,Shortness of Breath,Sore Throat,Runny Nose,Rash,Unknown
Diarrhea,Cough,Abdominal Pain,Weakness,Confusion,Skin Peeling,Dizziness,Flu
Sweating,Loss of Taste,Loss of Smell,Shortness of Breath,Joint Pain,Rash,Cough,Unknown
Fatigue,Chest Pain,Chills,Runny Nose,Muscle Pain,Sore Throat,Sweating,COVID-19
Fever,Loss of Taste,Dizziness,Swollen Lymph Nodes,Sore Throat,Headache,Skin Peeling,Ear Infection
Chills,Ear Pain,Abdominal Pain,High Blood Pressure,Nausea,Loss of Smell,Rash,COVID-19
Nausea,Fatigue,Chest Pain,Weakness,Dizziness,Confusion,Headache,Migraine
Blurred Vision,Difficulty Swallowing,Confusion,Abdominal Pain,High Blood Pressure,Shortness of Breath,Skin Peeling,Typhoid
Skin Peeling,Diarrhea,Weakness,High Blood Pressure,Vomiting,Headache,Joint Pain,Unknown
Headache,Rash,Low Blood Pressure,Fatigue,Muscle Pain,Dizziness,Chills,Flu
Cough,Diarrhea,Rash,High Blood Pressure,Skin Peeling,Sweating,Sore Throat,Unknown
Cough,Chills,Skin Redness,Vomiting,Swollen Lymph Nodes,Sweating,Fatigue,Food Poisoning
Loss of Taste,Diarrhea,Fever,Confusion,Low Blood Pressure,Joint Pain,Rapid Heart Rate,Pneumonia
Loss of Smell,Nausea,Headache,Fever,Ear Pain,Joint Pain,Diarrhea,Malaria
Shortness of Breath,Chest Pain,Headache,Rash,Sweating,Ear Pain,Skin Redness,Migraine
Confusion,Joint Pain,Muscle Pain,Blurred Vision,Cough,Ear Pain,High Blood Pressure,Unknown
Skin Peeling,Headache,Loss of Smell,Muscle Pain,Fatigue,Ear Pain,Low Blood Pressure,Food Poisoning
Weakness,Vomiting,Skin Redness,Sore Throat,Low Blood Pressure,Ear Pain,Headache,Food Poisoning
Vomiting,Shortness of Breath,Rapid Heart Rate,Confusion,Nausea,Fever,High Blood Pressure,Meningitis
Skin Redness,Dizziness,Fever,Sweating,Difficulty Swallowing,Nausea,Fatigue,Hypotension
Chills,Ear Pain,Loss of Appetite,Abdominal Pain,Difficulty Swallowing,Runny Nose,Cough,Malaria
Dizziness,Fever,Loss of Appetite,High Blood Pressure,Difficulty Swallowing,Ear Pain,Weakness,Dengue
Chills,Ear Pain,Shortness of Breath,Sore Throat,Fever,Diarrhea,Runny Nose,Pneumonia
Rapid Heart Rate,Chest Pain,Confusion,Low Blood Pressure,Sore Throat,Skin Peeling,Difficulty Swallowing,Unknown
Sweating,Difficulty Swallowing,Abdominal Pain,Vomiting,Low Blood Pressure,Skin Peeling,Weakness,Ear Infection
Ear Pain,Rapid Heart Rate,Sore Throat,Chest Pain,Low Blood Pressure,Muscle Pain,Chills,Pneumonia
Vomiting,Cough,Difficulty Swallowing,Swollen Lymph Nodes,Loss of Smell,Weakness,Sweating,Typhoid
Blurred Vision,Chest Pain,Low Blood Pressure,Swollen Lymph Nodes,Dizziness,Cough,Confusion,Cold
Abdominal Pain,Skin Peeling,Swollen Lymph Nodes,Muscle Pain,Loss of Taste,High Blood Pressure,Loss of Smell,COVID-19
Runny Nose,Rash,Fever,Confusion,Skin Peeling,Diarrhea,Muscle Pain,Typhoid
Confusion,Runny Nose,Loss of Taste,Chest Pain,Fever,Diarrhea,Rapid Heart Rate,Unknown
Low Blood Pressure,Diarrhea,Nausea,Fatigue,Cough,Sore Throat,Difficulty Swallowing,Ear Infection
Ear Pain,High Blood Pressure,Shortness of Breath,Loss of Appetite,Difficulty Swallowing,Headache,Rash,Malaria
Sweating,Swollen Lymph Nodes,Vomiting,Runny Nose,Ear Pain,Skin Redness,Confusion,Unknown
Fever,Chills,Cough,Rash,Weakness,Loss of Appetite,Fatigue,Dengue
Fever,Skin Peeling,Loss of Smell,Dizziness,Chills,Muscle Pain,Loss of Appetite,Unknown
Muscle Pain,Runny Nose,Headache,Weakness,Chills,Chest Pain,Abdominal Pain,Typhoid
Diarrhea,Blurred Vision,Sweating,Loss of Appetite,Rash,Nausea,Rapid Heart Rate,Unknown
Cough,Rapid Heart Rate,Swollen Lymph Nodes,Joint Pain,Difficulty Swallowing,Muscle Pain,Nausea,Strep Throat
Confusion,Rash,Loss of Smell,Diarrhea,Dizziness,Loss of Appetite,Fatigue,Unknown
Dizziness,Low Blood Pressure,Sore Throat,Blurred Vision,Rapid Heart Rate,Ear Pain,Confusion,Cold
Vomiting,Skin Redness,Chills,Runny Nose,Shortness of Breath,Fever,Rapid Heart Rate,Hypotension
Rapid Heart Rate,Sore Throat,Vomiting,Chills,Blurred Vision,Muscle Pain,Chest Pain,Flu
Diarrhea,Vomiting,Sore Throat,Rapid Heart Rate,Dizziness,Loss of Appetite,High Blood Pressure,Migraine
Muscle Pain,Diarrhea,Rapid Heart Rate,Fever,Headache,Loss of Taste,Sore Throat,Malaria
Rapid Heart Rate,Fever,Loss of Smell,Cough,Blurred Vision,Diarrhea,Difficulty Swallowing,Strep Throat
Headache,Blurred Vision,Loss of Smell,Fatigue,Vomiting,Fever,Loss of Taste,Malaria
Loss of Smell,Dizziness,Headache,Chest Pain,Rash,Vomiting,Confusion,Flu
Skin Peeling,Chest Pain,Sweating,Runny Nose,Vomiting,Cough,Chills,Unknown
Swollen Lymph Nodes,Nausea,Abdominal Pain,Ear Pain,Cough,Skin Redness,Confusion,Cold
Vomiting,Muscle Pain,Blurred Vision,Shortness of Breath,Sweating,Sore Throat,Abdominal Pain,Dengue
Runny Nose,Rapid Heart Rate,Confusion,Nausea,Ear Pain,Blurred Vision,Sweating,Unknown
Joint Pain,Runny Nose,Sweating,Shortness of Breath,Skin Peeling,Abdominal Pain,Chills,Unknown
Blurred Vision,Difficulty Swallowing,Rash,Loss of Appetite,Sweating,High Blood Pressure,Runny Nose,Ear Infection
Muscle Pain,Confusion,Rash,Diarrhea,Skin Peeling,Low Blood Pressure,Joint Pain,Dengue
Dizziness,Fever,Blurred Vision,High Blood Pressure,Loss of Appetite,Swollen Lymph Nodes,Weakness,Malaria
Loss of Appetite,Diarrhea,Low Blood Pressure,Chills,Sweating,Headache,Weakness,Food Poisoning
Swollen Lymph Nodes,Joint Pain,Ear Pain,Nausea,Chills,Skin Redness,Sweating,Unknown
Swollen Lymph Nodes,Cough,Fatigue,Chest Pain,Nausea,Low Blood Pressure,Rash,Dengue
Rapid Heart Rate,Fever,Rash,Loss of Taste,Headache,Chills,Shortness of Breath,COVID-19
Vomiting,Swollen Lymph Nodes,Rash,Ear Pain,Muscle Pain,Sore Throat,Weakness,Food Poisoning
Chest Pain,Shortness of Breath,Headache,Swollen Lymph Nodes,Confusion,Blurred Vision,Joint Pain,Hypertension
Chills,Skin Redness,Rapid Heart Rate,Muscle Pain,High Blood Pressure,Cough,Difficulty Swallowing,COVID-19
Rash,Runny Nose,Loss of Smell,Skin Redness,Sore Throat,Cough,Chest Pain,Unknown
Difficulty Swallowing,Joint Pain,Shortness of Breath,Diarrhea,Skin Redness,Muscle Pain,Rash,Unknown
Confusion,Weakness,Loss of Appetite,Fatigue,Ear Pain,Swollen Lymph Nodes,Fever,Pneumonia
Chest Pain,Loss of Appetite,Swollen Lymph Nodes,Fatigue,Runny Nose,Diarrhea,Muscle Pain,COVID-19
Skin Redness,Rash,Swollen Lymph Nodes,Vomiting,Joint Pain,Chest Pain,Skin Peeling,Unknown
Rash,Nausea,Sore Throat,Difficulty Swallowing,Chills,Headache,Low Blood Pressure,Unknown
Cough,Weakness,Chest Pain,Runny Nose,Loss of Appetite,Swollen Lymph Nodes,Sore Throat,Unknown
Chills,Dizziness,Blurred Vision,Rapid Heart Rate,Weakness,Abdominal Pain,Diarrhea,Food Poisoning
Chest Pain,Fatigue,Joint Pain,Blurred Vision,Chills,High Blood Pressure,Loss of Appetite,Unknown
Low Blood Pressure,Dizziness,Ear Pain,Shortness of Breath,High Blood Pressure,Skin Redness,Weakness,Malaria
Blurred Vision,Shortness of Breath,Chills,Nausea,Joint Pain,Confusion,Skin Redness,Unknown
Swollen Lymph Nodes,Sweating,Skin Redness,Loss of Appetite,Nausea,Loss of Smell,Cough,Unknown
Confusion,Skin Peeling,Weakness,Joint Pain,Loss of Appetite,Swollen Lymph Nodes,Headache,Hypertension
Cough,Sore Throat,Rapid Heart Rate,Blurred Vision,Diarrhea,Confusion,Skin Redness,COVID-19
Shortness of Breath,Diarrhea,Vomiting,Swollen Lymph Nodes,Nausea,Confusion,Weakness,Unknown
Muscle Pain,Nausea,Skin Peeling,Abdominal Pain,Cough,Sore Throat,Confusion,Unknown
Dizziness,Sweating,Shortness of Breath,Runny Nose,Sore Throat,Weakness,Cough,Unknown
Blurred Vision,Swollen Lymph Nodes,Sore Throat,Low Blood Pressure,Cough,Loss of Taste,Weakness,Hypotension
Difficulty Swallowing,Joint Pain,Fatigue,Blurred Vision,Chest Pain,Chills,Cough,Unknown
Loss of Smell,Blurred Vision,Low Blood Pressure,Muscle Pain,Sweating,Loss of Taste,Rash,Unknown
Runny Nose,Weakness,Headache,Ear Pain,Rash,Chest Pain,Loss of Taste,Typhoid
Shortness of Breath,Rash,Rapid Heart Rate,High Blood Pressure,Diarrhea,Chills,Vomiting,Food Poisoning
Blurred Vision,Muscle Pain,Skin Redness,Skin Peeling,Weakness,Rash,Difficulty Swallowing,Unknown
Vomiting,Skin Redness,Ear Pain,Fatigue,Sore Throat,Shortness of Breath,Confusion,Strep Throat
Abdominal Pain,Blurred Vision,Difficulty Swallowing,Weakness,Dizziness,Shortness of Breath,High Blood Pressure,Unknown
Loss of Smell,Dizziness,Sweating,Rapid Heart Rate,Chills,Confusion,Sore Throat,Unknown
Blurred Vision,Cough,Chest Pain,Sweating,High Blood Pressure,Abdominal Pain,Loss of Smell,Typhoid
Fatigue,Vomiting,Skin Peeling,Chills,Dizziness,Low Blood Pressure,Muscle Pain,Malaria
Headache,Fever,Ear Pain,Vomiting,Abdominal Pain,Low Blood Pressure,Dizziness,Strep Throat
Loss of Smell,Rapid Heart Rate,Fever,Skin Peeling,Low Blood Pressure,Dizziness,Swollen Lymph Nodes,Ear Infection
Loss of Smell,Muscle Pain,Nausea,Skin Redness,Shortness of Breath,Rash,Loss of Appetite,Meningitis
Cough,Loss of Taste,Sore Throat,Abdominal Pain,Fever,Shortness of Breath,Nausea,Migraine
Skin Redness,High Blood Pressure,Rash,Dizziness,Shortness of Breath,Joint Pain,Weakness,Dengue
Loss of Taste,Sweating,Ear Pain,Low Blood Pressure,Dizziness,Shortness of Breath,Runny Nose,Ear Infection
Dizziness,Rash,Runny Nose,Skin Peeling,Headache,Vomiting,Difficulty Swallowing,Flu
Blurred Vision,Difficulty Swallowing,Confusion,Nausea,Loss of Smell,Sore Throat,Cough,Unknown
Cough,Fatigue,Skin Peeling,Shortness of Breath,Skin Redness,Headache,Loss of Taste,COVID-19
Headache,Loss of Smell,Confusion,Loss of Taste,Chills,Rapid Heart Rate,Vomiting,Malaria
Blurred Vision,Shortness of Breath,Sweating,Sore Throat,Joint Pain,Muscle Pain,Fever,Unknown
Difficulty Swallowing,Loss of Smell,High Blood Pressure,Blurred Vision,Chest Pain,Loss of Appetite,Low Blood Pressure,Hypotension
Blurred Vision,Chills,Joint Pain,Ear Pain,Cough,Diarrhea,Abdominal Pain,Flu
Confusion,Fever,Blurred Vision,Difficulty Swallowing,Chills,Loss of Taste,Nausea,Malaria
Shortness of Breath,Runny Nose,Vomiting,Diarrhea,Low Blood Pressure,Sore Throat,Swollen Lymph Nodes,Unknown
Joint Pain,Dizziness,Difficulty Swallowing,Skin Peeling,Blurred Vision,Confusion,Ear Pain,Strep Throat
Headache,Confusion,Muscle Pain,Shortness of Breath,Diarrhea,Chills,Rash,Food Poisoning
Weakness,Sore Throat,Chills,Shortness of Breath,Low Blood Pressure,Fatigue,High Blood Pressure,Scarlet Fever
Joint Pain,Ear Pain,Dizziness,Low Blood Pressure,High Blood Pressure,Swollen Lymph Nodes,Loss of Appetite,Hypotension
Sore Throat,Dizziness,Sweating,Chills,Nausea,Weakness,Skin Redness,Flu
Difficulty Swallowing,Rapid Heart Rate,Shortness of Breath,Muscle Pain,High Blood Pressure,Headache,Joint Pain,Unknown
Diarrhea,Skin Redness,Skin Peeling,Vomiting,Dizziness,Difficulty Swallowing,Confusion,Scarlet Fever
Chills,Fatigue,Cough,Shortness of Breath,Ear Pain,Blurred Vision,Loss of Appetite,Food Poisoning
Difficulty Swallowing,Abdominal Pain,Fever,Diarrhea,Shortness of Breath,High Blood Pressure,Muscle Pain,Pneumonia
Fatigue,Low Blood Pressure,Chills,Dizziness,Sore Throat,Ear Pain,Skin Redness,COVID-19
Rash,Loss of Appetite,Vomiting,Nausea,Sore Throat,Low Blood Pressure,Dizziness,Strep Throat
Rash,Rapid Heart Rate,Fatigue,Blurred Vision,Loss of Taste,Sore Throat,Abdominal Pain,Hypotension
Skin Redness,Shortness of Breath,Muscle Pain,Rapid Heart Rate,Swollen Lymph Nodes,Nausea,Sweating,Meningitis
Shortness of Breath,Chills,Skin Redness,Low Blood Pressure,Diarrhea,Confusion,Chest Pain,Unknown
Sweating,Skin Peeling,Sore Throat,Swollen Lymph Nodes,Fever,Fatigue,Shortness of Breath,Unknown
Rapid Heart Rate,Vomiting,Chest Pain,Cough,Joint Pain,Skin Peeling,Abdominal Pain,Flu
Runny Nose,Weakness,Loss of Smell,Low Blood Pressure,Cough,Rapid Heart Rate,Sweating,Pneumonia
Chills,Loss of Smell,Swollen Lymph Nodes,Fever,Joint Pain,Cough,Skin Peeling,Unknown
Fever,High Blood Pressure,Joint Pain,Chills,Headache,Vomiting,Muscle Pain,Food Poisoning
Skin Peeling,Loss of Appetite,Rapid Heart Rate,Vomiting,Shortness of Breath,Confusion,Dizziness,Hypertension
Weakness,Shortness of Breath,Cough,Difficulty Swallowing,Vomiting,Runny Nose,Loss of Taste,Ear Infection
High Blood Pressure,Swollen Lymph Nodes,Joint Pain,Skin Peeling,Sore Throat,Cough,Difficulty Swallowing,Unknown
Shortness of Breath,Diarrhea,Fever,Muscle Pain,Ear Pain,Chest Pain,Cough,Unknown
Loss of Appetite,High Blood Pressure,Muscle Pain,Loss of Taste,Fever,Rash,Sore Throat,Unknown
Diarrhea,Chills,Loss of Smell,Difficulty Swallowing,Weakness,Ear Pain,High Blood Pressure,Malaria
Abdominal Pain,Ear Pain,Sore Throat,Weakness,Rapid Heart Rate,Shortness of Breath,Dizziness,Cold
Fever,Headache,Confusion,Nausea,Abdominal Pain,Ear Pain,Chest Pain,Scarlet Fever
Blurred Vision,Shortness of Breath,Skin Peeling,Nausea,Muscle Pain,Low Blood Pressure,Loss of Smell,Unknown
Rapid Heart Rate,Ear Pain,Diarrhea,High Blood Pressure,Chest Pain,Sore Throat,Muscle Pain,Pneumonia
High Blood Pressure,Rapid Heart Rate,Difficulty Swallowing,Low Blood Pressure,Loss of Smell,Rash,Sore Throat,Dengue
Headache,Muscle Pain,Rash,Runny Nose,Cough,Chills,Skin Peeling,Unknown
Abdominal Pain,Headache,Confusion,Loss of Taste,Difficulty Swallowing,Loss of Smell,Weakness,Unknown
Low Blood Pressure,Loss of Appetite,Diarrhea,Vomiting,High Blood Pressure,Rash,Chest Pain,Hypertension
Skin Peeling,Weakness,Vomiting,Loss of Smell,Runny Nose,Fever,Chills,Unknown
Cough,Difficulty Swallowing,Muscle Pain,Diarrhea,Blurred Vision,Shortness of Breath,Chest Pain,Cold
Vomiting,Cough,High Blood Pressure,Headache,Fever,Joint Pain,Ear Pain,Typhoid
Vomiting,Ear Pain,Loss of Taste,Fever,Dizziness,Loss of Smell,Sweating,Malaria
Fatigue,Rash,Rapid Heart Rate,Abdominal Pain,Swollen Lymph Nodes,Joint Pain,Skin Redness,COVID-19
Chills,Chest Pain,Skin Redness,Abdominal Pain,Dizziness,Low Blood Pressure,Weakness,Scarlet Fever
Fever,Sweating,Abdominal Pain,Loss of Smell,Runny Nose,Loss of Taste,Loss of Appetite,COVID-19
Muscle Pain,Headache,Vomiting,Swollen Lymph Nodes,Loss of Taste,Fever,High Blood Pressure,Meningitis
Muscle Pain,Skin Redness,Ear Pain,Sweating,Difficulty Swallowing,Loss of Appetite,Shortness of Breath,Malaria
Confusion,Loss of Appetite,Skin Redness,Sweating,Shortness of Breath,Chills,Blurred Vision,Migraine
Skin Redness,Shortness of Breath,Abdominal Pain,Diarrhea,Blurred Vision,Low Blood Pressure,Joint Pain,Typhoid
Loss of Taste,Low Blood Pressure,Nausea,Rapid Heart Rate,Sore Throat,Fever,Joint Pain,Malaria
Joint Pain,Rapid Heart Rate,Loss of Smell,Blurred Vision,Sore Throat,Dizziness,Chills,Strep Throat
Diarrhea,Low Blood Pressure,Sweating,Confusion,Loss of Appetite,Dizziness,High Blood Pressure,Unknown
Muscle Pain,Loss of Appetite,Difficulty Swallowing,Sweating,Runny Nose,Loss of Smell,Chills,Unknown
Swollen Lymph Nodes,High Blood Pressure,Weakness,Muscle Pain,Blurred Vision,Rapid Heart Rate,Difficulty Swallowing,Strep Throat
Low Blood Pressure,Loss of Smell,Diarrhea,Loss of Appetite,High Blood Pressure,Difficulty Swallowing,Skin Redness,Unknown
Muscle Pain,Loss of Smell,Chest Pain,Dizziness,Rash,Skin Redness,Loss of Appetite,Unknown
Confusion,Chills,Fever,Headache,Loss of Appetite,Cough,High Blood Pressure,Malaria
Diarrhea,Headache,Dizziness,Blurred Vision,Loss of Taste,Nausea,Shortness of Breath,Food Poisoning
Shortness of Breath,Difficulty Swallowing,Chest Pain,Fever,Joint Pain,Nausea,Loss of Appetite,Scarlet Fever
Difficulty Swallowing,Skin Peeling,Joint Pain,Shortness of Breath,Nausea,Fatigue,Chills,Cold
High Blood Pressure,Skin Redness,Cough,Chest Pain,Ear Pain,Joint Pain,Difficulty Swallowing,Strep Throat
Swollen Lymph Nodes,Sweating,Confusion,Muscle Pain,Skin Redness,Vomiting,Rash,Malaria
Skin Redness,Fatigue,Sweating,Loss of Smell,Dizziness,Weakness,Chills,Food Poisoning
Sweating,Weakness,Abdominal Pain,Loss of Appetite,Difficulty Swallowing,Joint Pain,Sore Throat,Unknown
Dizziness,Sore Throat,Rapid Heart Rate,Muscle Pain,Vomiting,Confusion,Diarrhea,Scarlet Fever
Chest Pain,Diarrhea,Cough,Sore Throat,Swollen Lymph Nodes,Blurred Vision,Ear Pain,COVID-19
Chest Pain,Difficulty Swallowing,Cough,Headache,Loss of Taste,Weakness,Swollen Lymph Nodes,Meningitis
Fatigue,Nausea,Chest Pain,Abdominal Pain,Fever,Joint Pain,Sore Throat,COVID-19
Swollen Lymph Nodes,Weakness,Sweating,Dizziness,Loss of Appetite,Blurred Vision,Chills,Unknown
Cough,Muscle Pain,High Blood Pressure,Rash,Vomiting,Sore Throat,Chest Pain,Unknown
Cough,Dizziness,Loss of Taste,High Blood Pressure,Rash,Weakness,Blurred Vision,Cold
Fatigue,Abdominal Pain,Fever,Muscle Pain,Headache,Joint Pain,Dizziness,COVID-19
Rash,Fatigue,Abdominal Pain,Chest Pain,Rapid Heart Rate,Cough,Muscle Pain,Hypotension
Sore Throat,Skin Redness,Chills,Muscle Pain,Vomiting,Blurred Vision,Shortness of Breath,Unknown
Weakness,Rash,Fatigue,Loss of Smell,Cough,Diarrhea,Low Blood Pressure,Unknown
Muscle Pain,Low Blood Pressure,Joint Pain,Weakness,High Blood Pressure,Difficulty Swallowing,Blurred Vision,Unknown
Abdominal Pain,Diarrhea,Sweating,Chills,Fever,Runny Nose,Sore Throat,Flu
Skin Peeling,Abdominal Pain,Sore Throat,Loss of Smell,Dizziness,Headache,Swollen Lymph Nodes,COVID-19
Skin Redness,Dizziness,Rash,Ear Pain,Sore Throat,Diarrhea,Confusion,Strep Throat
Skin Redness,Shortness of Breath,Nausea,Loss of Appetite,Sweating,Abdominal Pain,Cough,Cold
Skin Peeling,Diarrhea,Blurred Vision,Confusion,Nausea,High Blood Pressure,Chills,Unknown
Confusion,Blurred Vision,Loss of Appetite,Cough,Vomiting,Runny Nose,Nausea,Typhoid
Chest Pain,High Blood Pressure,Confusion,Skin Peeling,Dizziness,Loss of Taste,Ear Pain,Hypertension
Dizziness,Fever,Nausea,Muscle Pain,Shortness of Breath,Diarrhea,Difficulty Swallowing,Ear Infection
Abdominal Pain,Swollen Lymph Nodes,Loss of Taste,Sweating,Rapid Heart Rate,Skin Redness,Dizziness,Unknown
Abdominal Pain,Diarrhea,Low Blood Pressure,Skin Redness,Dizziness,Joint Pain,Loss of Appetite,Typhoid
Nausea,Ear Pain,Difficulty Swallowing,Vomiting,Fatigue,High Blood Pressure,Joint Pain,Typhoid
Chest Pain,Difficulty Swallowing,Chills,Muscle Pain,Shortness of Breath,Runny Nose,Sore Throat,Unknown
Sore Throat,Difficulty Swallowing,Loss of Taste,Ear Pain,Fatigue,Dizziness,Rash,Typhoid
High Blood Pressure,Confusion,Sweating,Nausea,Weakness,Chest Pain,Dizziness,Unknown
Abdominal Pain,Skin Redness,Loss of Appetite,Rapid Heart Rate,Shortness of Breath,Nausea,Blurred Vision,Hypotension
Shortness of Breath,Low Blood Pressure,Abdominal Pain,High Blood Pressure,Skin Peeling,Fatigue,Sweating,Unknown
Chest Pain,Low Blood Pressure,Runny Nose,Abdominal Pain,Difficulty Swallowing,Swollen Lymph Nodes,Ear Pain,Unknown
Joint Pain,Ear Pain,Diarrhea,Cough,Vomiting,Sweating,Chest Pain,Dengue
Dizziness,Difficulty Swallowing,Loss of Smell,High Blood Pressure,Weakness,Chest Pain,Shortness of Breath,Strep Throat
Vomiting,Cough,Ear Pain,Abdominal Pain,Loss of Appetite,High Blood Pressure,Fever,Pneumonia
Loss of Appetite,Headache,Rash,Shortness of Breath,Loss of Taste,Skin Peeling,Nausea,Migraine
Weakness,Blurred Vision,Difficulty Swallowing,Skin Redness,Diarrhea,Chest Pain,Runny Nose,Unknown
Loss of Appetite,Confusion,Diarrhea,Runny Nose,Loss of Smell,Nausea,Abdominal Pain,Unknown
Skin Redness,Chest Pain,Fatigue,Difficulty Swallowing,Abdominal Pain,Sore Throat,Diarrhea,Flu
Diarrhea,Runny Nose,High Blood Pressure,Abdominal Pain,Nausea,Skin Peeling,Joint Pain,Dengue
Swollen Lymph Nodes,Rash,Rapid Heart Rate,Muscle Pain,Loss of Taste,Abdominal Pain,Chest Pain,Typhoid
Shortness of Breath,Dizziness,Muscle Pain,Runny Nose,Diarrhea,Rash,Rapid Heart Rate,Unknown
Loss of Smell,Blurred Vision,Low Blood Pressure,Fatigue,Runny Nose,Shortness of Breath,Rash,Food Poisoning
Confusion,Chest Pain,Difficulty Swallowing,Fatigue,Rapid Heart Rate,Low Blood Pressure,Loss of Smell,Cold
Dizziness,Skin Peeling,Abdominal Pain,Low Blood Pressure,Loss of Smell,Shortness of Breath,Nausea,Migraine
Rash,Skin Redness,Weakness,Fatigue,Headache,Joint Pain,Sore Throat,Meningitis
Blurred Vision,Joint Pain,Skin Peeling,Sore Throat,Headache,Abdominal Pain,High Blood Pressure,Meningitis
Ear Pain,Skin Peeling,Rapid Heart Rate,Weakness,Loss of Smell,Joint Pain,Dizziness,Typhoid
Diarrhea,Chills,Skin Peeling,Rapid Heart Rate,Shortness of Breath,Fever,High Blood Pressure,Malaria
Swollen Lymph Nodes,Rash,Loss of Appetite,Dizziness,Chest Pain,Muscle Pain,Skin Peeling,Pneumonia
Rapid Heart Rate,Cough,Swollen Lymph Nodes,Weakness,Diarrhea,Dizziness,Loss of Appetite,Food Poisoning
Rash,Loss of Appetite,Confusion,Joint Pain,Vomiting,Headache,Nausea,Unknown
Rapid Heart Rate,Dizziness,Blurred Vision,Difficulty Swallowing,Loss of Taste,Headache,Vomiting,Unknown
Loss of Smell,Sweating,Shortness of Breath,Skin Redness,High Blood Pressure,Headache,Low Blood Pressure,Flu
Swollen Lymph Nodes,Fever,Runny Nose,Joint Pain,Skin Redness,Sweating,Blurred Vision,Malaria
Sweating,Headache,Vomiting,Abdominal Pain,Muscle Pain,Rapid Heart Rate,Cough,Typhoid
Rash,Skin Peeling,Ear Pain,Loss of Appetite,Difficulty Swallowing,Loss of Smell,Chills,Unknown
Fever,Confusion,Fatigue,Chills,Skin Peeling,Runny Nose,Sore Throat,COVID-19
Skin Redness,Weakness,Sore Throat,Difficulty Swallowing,Headache,Sweating,Muscle Pain,Hypertension
Chills,Cough,Skin Peeling,Rapid Heart Rate,Confusion,Difficulty Swallowing,Rash,Cold
Loss of Appetite,Confusion,Ear Pain,Fatigue,Difficulty Swallowing,Chest Pain,Diarrhea,Unknown
Blurred Vision,High Blood Pressure,Loss of Appetite,Muscle Pain,Diarrhea,Cough,Skin Redness,Unknown
Skin Peeling,Loss of Appetite,Chills,Headache,Ear Pain,Nausea,Sweating,Meningitis
Fatigue,Vomiting,Chills,Confusion,Skin Redness,Sweating,Blurred Vision,Unknown
Vomiting,Confusion,Fatigue,High Blood Pressure,Skin Redness,Shortness of Breath,Chills,Unknown
Sweating,Headache,High Blood Pressure,Chills,Confusion,Runny Nose,Dizziness,Cold
Vomiting,Abdominal Pain,Joint Pain,Headache,Skin Peeling,Diarrhea,Chills,Migraine
Sore Throat,Shortness of Breath,Chills,Fever,Abdominal Pain,Ear Pain,Skin Redness,COVID-19
Blurred Vision,Abdominal Pain,Fever,Confusion,Cough,Runny Nose,Sore Throat,Unknown
Swollen Lymph Nodes,Muscle Pain,Skin Redness,Weakness,Chills,Abdominal Pain,Chest Pain,Unknown
Blurred Vision,Cough,Weakness,Sore Throat,Low Blood Pressure,Runny Nose,Vomiting,Flu
Fatigue,Nausea,Confusion,Shortness of Breath,Loss of Smell,Skin Redness,Vomiting,Flu
Diarrhea,Vomiting,Sore Throat,Muscle Pain,Joint Pain,Difficulty Swallowing,Loss of Taste,Unknown
Runny Nose,Headache,Skin Peeling,Fatigue,Muscle Pain,Blurred Vision,Nausea,Hypertension
High Blood Pressure,Rash,Cough,Fatigue,Muscle Pain,Fever,Swollen Lymph Nodes,Hypertension
Sore Throat,Cough,Ear Pain,Fever,Rash,Blurred Vision,Vomiting,Pneumonia
Low Blood Pressure,Ear Pain,Diarrhea,Headache,Chills,Dizziness,Confusion,Unknown
Skin Redness,Joint Pain,Swollen Lymph Nodes,Rash,Chills,Skin Peeling,Sore Throat,Unknown
Loss of Smell,Difficulty Swallowing,Diarrhea,Sore Throat,High Blood Pressure,Rash,Joint Pain,Hypertension
Fever,Loss of Smell,Ear Pain,Difficulty Swallowing,Muscle Pain,Abdominal Pain,Blurred Vision,Unknown
Rash,Blurred Vision,Low Blood Pressure,Weakness,Difficulty Swallowing,Ear Pain,Skin Redness,Hypotension
Skin Redness,Headache,Dizziness,Confusion,Nausea,Joint Pain,Shortness of Breath,Unknown
Ear Pain,Joint Pain,Headache,Rash,Confusion,Cough,High Blood Pressure,Malaria
Confusion,High Blood Pressure,Diarrhea,Weakness,Dizziness,Skin Peeling,Joint Pain,Malaria
Joint Pain,Fever,Skin Redness,Muscle Pain,Fatigue,Loss of Appetite,Ear Pain,Ear Infection
Confusion,Joint Pain,Dizziness,Swollen Lymph Nodes,Muscle Pain,Abdominal Pain,Rapid Heart Rate,Typhoid
Blurred Vision,Joint Pain,Fever,Difficulty Swallowing,High Blood Pressure,Chills,Loss of Smell,Migraine
Blurred Vision,Loss of Appetite,Low Blood Pressure,Cough,Fatigue,Chills,Rapid Heart Rate,COVID-19
Difficulty Swallowing,High Blood Pressure,Muscle Pain,Shortness of Breath,Rapid Heart Rate,Chest Pain,Fatigue,Hypertension
Shortness of Breath,Rash,Nausea,Fatigue,Swollen Lymph Nodes,Skin Redness,Headache,Cold
Low Blood Pressure,Cough,Loss of Smell,Sore Throat,Rapid Heart Rate,Weakness,Fever,Scarlet Fever
Nausea,Loss of Smell,Shortness of Breath,Dizziness,Skin Redness,Fever,High Blood Pressure,Unknown
Sweating,Blurred Vision,Confusion,Loss of Taste,Headache,Abdominal Pain,Shortness of Breath,Hypertension
Loss of Appetite,Vomiting,Muscle Pain,Fatigue,Sweating,Nausea,Chills,Unknown
Swollen Lymph Nodes,Vomiting,Chest Pain,Chills,Rash,Skin Peeling,Low Blood Pressure,Unknown
Loss of Appetite,Loss of Taste,Headache,Fever,Fatigue,Skin Peeling,Chills,Cold
Abdominal Pain,Muscle Pain,Fever,Diarrhea,Skin Redness,Fatigue,Confusion,Unknown
Muscle Pain,High Blood Pressure,Vomiting,Rash,Loss of Appetite,Runny Nose,Skin Peeling,Dengue
Nausea,Blurred Vision,Weakness,Fatigue,Low Blood Pressure,Cough,Shortness of Breath,Unknown
Fatigue,Joint Pain,Loss of Appetite,Skin Redness,Difficulty Swallowing,Dizziness,Vomiting,Hypertension
Loss of Smell,Skin Redness,Shortness of Breath,Fever,Loss of Appetite,Abdominal Pain,Confusion,Typhoid
Weakness,Chest Pain,Runny Nose,Vomiting,Rash,Low Blood Pressure,Confusion,Unknown
High Blood Pressure,Dizziness,Diarrhea,Sweating,Skin Peeling,Shortness of Breath,Nausea,Scarlet Fever
Loss of Appetite,Loss of Smell,Shortness of Breath,Fatigue,Diarrhea,Chest Pain,Nausea,Cold
Fever,Blurred Vision,Joint Pain,Fatigue,Swollen Lymph Nodes,Rash,Weakness,Flu
Loss of Appetite,Vomiting,Joint Pain,Blurred Vision,High Blood Pressure,Low Blood Pressure,Abdominal Pain,Typhoid
Blurred Vision,Sweating,Skin Peeling,Chest Pain,Diarrhea,Dizziness,Abdominal Pain,Malaria
Loss of Appetite,Rapid Heart Rate,Nausea,Low Blood Pressure,Chills,Weakness,Headache,COVID-19
Joint Pain,Weakness,Blurred Vision,Loss of Smell,Vomiting,High Blood Pressure,Swollen Lymph Nodes,Strep Throat
Skin Peeling,Sore Throat,Blurred Vision,Loss of Taste,Shortness of Breath,Abdominal Pain,Muscle Pain,Unknown
Swollen Lymph Nodes,Chest Pain,Blurred Vision,Skin Peeling,Ear Pain,Abdominal Pain,Rapid Heart Rate,Typhoid
Loss of Taste,Sore Throat,Runny Nose,Diarrhea,Chills,Skin Peeling,Headache,Hypertension
Rash,Rapid Heart Rate,Sweating,Fever,Skin Redness,Muscle Pain,Shortness of Breath,COVID-19
Low Blood Pressure,Rash,Diarrhea,Skin Redness,Rapid Heart Rate,Loss of Smell,Muscle Pain,Unknown
Weakness,Vomiting,Chest Pain,Headache,Joint Pain,Diarrhea,Difficulty Swallowing,Food Poisoning
Loss of Taste,Dizziness,Fever,Rapid Heart Rate,Diarrhea,Difficulty Swallowing,Muscle Pain,Meningitis
High Blood Pressure,Cough,Low Blood Pressure,Confusion,Abdominal Pain,Difficulty Swallowing,Shortness of Breath,Unknown
Headache,Skin Peeling,Rash,Runny Nose,Difficulty Swallowing,Loss of Taste,Abdominal Pain,Dengue
Skin Redness,Low Blood Pressure,Blurred Vision,Fever,Fatigue,Difficulty Swallowing,Chills,Flu
Nausea,Weakness,Fever,Headache,Swollen Lymph Nodes,Diarrhea,Muscle Pain,Meningitis
Chills,Nausea,Fatigue,Weakness,Dizziness,Joint Pain,Fever,Flu
Difficulty Swallowing,Sweating,Fever,Headache,Ear Pain,Skin Redness,Vomiting,Hypertension
Skin Peeling,Abdominal Pain,Fatigue,Runny Nose,Dizziness,Chills,Shortness of Breath,Food Poisoning
Skin Redness,Swollen Lymph Nodes,Blurred Vision,Cough,Rash,Vomiting,Weakness,Dengue
Difficulty Swallowing,Skin Peeling,Loss of Smell,Skin Redness,Nausea,Ear Pain,Rapid Heart Rate,Migraine
Difficulty Swallowing,Ear Pain,Chills,Vomiting,Rapid Heart Rate,Runny Nose,Low Blood Pressure,Unknown
Swollen Lymph Nodes,Sweating,High Blood Pressure,Headache,Skin Peeling,Loss of Taste,Blurred Vision,Ear Infection
Muscle Pain,Rash,Fatigue,Low Blood Pressure,Loss of Smell,Swollen Lymph Nodes,Difficulty Swallowing,Typhoid
Loss of Taste,Cough,Fever,Chills,Vomiting,Fatigue,Skin Redness,Scarlet Fever
Muscle Pain,Chills,Confusion,Fatigue,Headache,Fever,Ear Pain,Dengue
Fatigue,Muscle Pain,Difficulty Swallowing,Low Blood Pressure,Skin Redness,Rash,Sore Throat,Unknown
Diarrhea,Loss of Smell,Rash,Fever,Vomiting,Runny Nose,Low Blood Pressure,Unknown
High Blood Pressure,Rash,Chest Pain,Shortness of Breath,Weakness,Fatigue,Low Blood Pressure,Unknown
Diarrhea,High Blood Pressure,Fatigue,Low Blood Pressure,Difficulty Swallowing,Dizziness,Abdominal Pain,Typhoid
Skin Redness,Vomiting,Rash,Weakness,Headache,Shortness of Breath,Loss of Appetite,Typhoid
Sweating,Skin Redness,Loss of Taste,Skin Peeling,Vomiting,Chest Pain,Difficulty Swallowing,Unknown
Weakness,Vomiting,Nausea,Cough,Loss of Smell,Swollen Lymph Nodes,Rapid Heart Rate,Meningitis
Confusion,Loss of Taste,Abdominal Pain,Rash,Rapid Heart Rate,Joint Pain,Chest Pain,Food Poisoning
Joint Pain,Headache,Rapid Heart Rate,Shortness of Breath,Skin Peeling,Blurred Vision,Diarrhea,Meningitis
Difficulty Swallowing,Chest Pain,Chills,Rapid Heart Rate,Loss of Appetite,Runny Nose,Swollen Lymph Nodes,Hypotension
Fever,Loss of Taste,Swollen Lymph Nodes,Chills,Sweating,Cough,Rapid Heart Rate,Typhoid
Headache,Sweating,Cough,Blurred Vision,Muscle Pain,Difficulty Swallowing,Low Blood Pressure,Dengue
Difficulty Swallowing,High Blood Pressure,Muscle Pain,Loss of Smell,Blurred Vision,Swollen Lymph Nodes,Diarrhea,Dengue
Runny Nose,Cough,Low Blood Pressure,Ear Pain,Rash,Diarrhea,Skin Redness,COVID-19
Rapid Heart Rate,Chills,Runny Nose,Skin Redness,Sore Throat,Shortness of Breath,Blurred Vision,Unknown
Diarrhea,Joint Pain,Swollen Lymph Nodes,Weakness,Muscle Pain,Chills,Blurred Vision,Unknown
Shortness of Breath,Low Blood Pressure,Headache,Muscle Pain,High Blood Pressure,Skin Redness,Diarrhea,Scarlet Fever
Vomiting,Loss of Smell,Rapid Heart Rate,Skin Redness,Muscle Pain,Weakness,Chills,Unknown
Confusion,Abdominal Pain,Blurred Vision,Low Blood Pressure,Difficulty Swallowing,Vomiting,Ear Pain,Migraine
Ear Pain,Vomiting,Sweating,Difficulty Swallowing,Loss of Appetite,Headache,Runny Nose,Strep Throat
Abdominal Pain,Loss of Taste,Loss of Smell,Swollen Lymph Nodes,Loss of Appetite,Fever,Skin Redness,Pneumonia
Loss of Taste,Abdominal Pain,Cough,Weakness,Fever,Sore Throat,Swollen Lymph Nodes,Scarlet Fever
Fever,Abdominal Pain,Chest Pain,Difficulty Swallowing,Muscle Pain,Nausea,High Blood Pressure,Typhoid
Ear Pain,Chills,Sweating,Shortness of Breath,Abdominal Pain,Vomiting,Diarrhea,Unknown
Shortness of Breath,Headache,Low Blood Pressure,Loss of Smell,Loss of Appetite,Loss of Taste,Blurred Vision,Unknown
Loss of Taste,Chest Pain,Weakness,Shortness of Breath,Skin Redness,Difficulty Swallowing,Skin Peeling,Hypotension
Vomiting,Difficulty Swallowing,Abdominal Pain,Sweating,Runny Nose,Rash,Blurred Vision,Unknown
Swollen Lymph Nodes,Confusion,Abdominal Pain,Sore Throat,Runny Nose,Joint Pain,Dizziness,Food Poisoning
Weakness,Vomiting,High Blood Pressure,Nausea,Skin Peeling,Dizziness,Shortness of Breath,Hypertension
Headache,Muscle Pain,Loss of Appetite,Sweating,Confusion,Rapid Heart Rate,Dizziness,Malaria
Skin Peeling,Diarrhea,Fever,Rapid Heart Rate,Blurred Vision,Dizziness,Loss of Taste,Flu
Loss of Taste,Cough,Ear Pain,Confusion,Skin Peeling,Shortness of Breath,Sweating,Unknown
Chills,Ear Pain,Cough,Fatigue,Chest Pain,Skin Peeling,Runny Nose,Unknown
Diarrhea,Abdominal Pain,Chills,Sore Throat,Loss of Smell,Ear Pain,Skin Peeling,Scarlet Fever
Shortness of Breath,Dizziness,Skin Redness,Chills,Rapid Heart Rate,Nausea,High Blood Pressure,Food Poisoning
Ear Pain,Runny Nose,Rash,Loss of Appetite,Vomiting,Muscle Pain,Headache,Unknown
Joint Pain,Cough,Difficulty Swallowing,Low Blood Pressure,Loss of Appetite,Ear Pain,Shortness of Breath,Cold
Shortness of Breath,Muscle Pain,Runny Nose,Loss of Appetite,Fatigue,Sore Throat,Vomiting,Hypertension
Skin Peeling,Rash,Joint Pain,Low Blood Pressure,Loss of Appetite,Loss of Smell,Skin Redness,Unknown
Headache,Low Blood Pressure,Nausea,Swollen Lymph Nodes,Blurred Vision,Loss of Taste,Difficulty Swallowing,Flu
Sore Throat,Abdominal Pain,Diarrhea,Headache,Runny Nose,Chest Pain,Rapid Heart Rate,Unknown
Fever,Abdominal Pain,Skin Peeling,Rapid Heart Rate,High Blood Pressure,Ear Pain,Fatigue,Cold
Dizziness,Sweating,Abdominal Pain,Fatigue,Headache,Nausea,Diarrhea,Ear Infection
Muscle Pain,Skin Redness,Cough,Nausea,Fatigue,Skin Peeling,Sore Throat,Food Poisoning
Nausea,Skin Redness,Loss of Taste,Confusion,Diarrhea,Swollen Lymph Nodes,Rash,Food Poisoning
Runny Nose,Difficulty Swallowing,Muscle Pain,Chills,Sweating,Nausea,Rapid Heart Rate,Dengue
Muscle Pain,Low Blood Pressure,Rash,Diarrhea,Joint Pain,Difficulty Swallowing,Loss of Taste,Unknown
Loss of Taste,High Blood Pressure,Fever,Headache,Blurred Vision,Fatigue,Rash,COVID-19
Diarrhea,Skin Peeling,Rash,Confusion,Fatigue,Shortness of Breath,Rapid Heart Rate,Hypertension
High Blood Pressure,Nausea,Sore Throat,Ear Pain,Fever,Headache,Chills,Ear Infection
Chest Pain,Dizziness,Diarrhea,Fever,Shortness of Breath,Skin Redness,Loss of Taste,Malaria
Joint Pain,Loss of Taste,Skin Redness,Skin Peeling,Runny Nose,Low Blood Pressure,Cough,Scarlet Fever
Nausea,Fever,Headache,Fatigue,Loss of Taste,Rash,Muscle Pain,Hypertension
Runny Nose,Chest Pain,Muscle Pain,Ear Pain,Loss of Smell,Confusion,Weakness,Pneumonia
Skin Peeling,Shortness of Breath,Muscle Pain,Fever,Loss of Smell,Nausea,Confusion,Unknown
Swollen Lymph Nodes,Sweating,Shortness of Breath,Vomiting,Abdominal Pain,Joint Pain,Chest Pain,Unknown
Cough,Vomiting,Weakness,Nausea,High Blood Pressure,Loss of Appetite,Abdominal Pain,Malaria
Blurred Vision,Difficulty Swallowing,Loss of Smell,Nausea,Diarrhea,Muscle Pain,Shortness of Breath,Unknown
Sore Throat,Runny Nose,Confusion,Cough,Muscle Pain,Swollen Lymph Nodes,Shortness of Breath,Flu
Blurred Vision,Fatigue,Joint Pain,Shortness of Breath,Muscle Pain,Sweating,Skin Peeling,Scarlet Fever
Loss of Appetite,Sore Throat,Headache,Ear Pain,Cough,Confusion,Chills,Malaria
Fatigue,Chest Pain,Blurred Vision,Shortness of Breath,Runny Nose,Abdominal Pain,Skin Redness,Pneumonia
Shortness of Breath,Sweating,Rapid Heart Rate,Low Blood Pressure,Loss of Smell,Skin Peeling,Blurred Vision,Hypotension
Weakness,Low Blood Pressure,Loss of Appetite,Diarrhea,Sore Throat,Nausea,Fever,COVID-19
Skin Peeling,Cough,Weakness,Vomiting,Shortness of Breath,Joint Pain,Skin Redness,COVID-19
Abdominal Pain,Skin Redness,Muscle Pain,Swollen Lymph Nodes,Difficulty Swallowing,Vomiting,Diarrhea,Unknown
Chills,Low Blood Pressure,Loss of Taste,Runny Nose,Nausea,Ear Pain,Muscle Pain,Dengue
Rapid Heart Rate,Diarrhea,Dizziness,Swollen Lymph Nodes,Skin Redness,Runny Nose,Shortness of Breath,Unknown
Joint Pain,Fever,Sore Throat,Cough,Low Blood Pressure,Sweating,Shortness of Breath,Flu
Blurred Vision,Low Blood Pressure,Vomiting,Weakness,Chills,Headache,Confusion,Hypotension
Runny Nose,Muscle Pain,Sore Throat,Rash,Loss of Smell,Shortness of Breath,Confusion,Flu
Nausea,Skin Peeling,Muscle Pain,Vomiting,Skin Redness,Rapid Heart Rate,Sore Throat,Strep Throat
Fatigue,Sore Throat,Muscle Pain,Abdominal Pain,Swollen Lymph Nodes,Diarrhea,Runny Nose,Unknown
Vomiting,Cough,Difficulty Swallowing,Dizziness,Muscle Pain,Shortness of Breath,Swollen Lymph Nodes,Pneumonia
Swollen Lymph Nodes,Dizziness,Chest Pain,Rapid Heart Rate,Fatigue,Difficulty Swallowing,Joint Pain,Pneumonia
Muscle Pain,Confusion,Vomiting,Abdominal Pain,Weakness,Skin Redness,Dizziness,Typhoid
Difficulty Swallowing,Skin Redness,Dizziness,Loss of Taste,Fatigue,Swollen Lymph Nodes,Abdominal Pain,Strep Throat
Rapid Heart Rate,Vomiting,Muscle Pain,Blurred Vision,Dizziness,Fever,Chest Pain,Unknown
Fatigue,Cough,Headache,Fever,High Blood Pressure,Loss of Smell,Blurred Vision,Cold
Rapid Heart Rate,Sore Throat,Fatigue,Skin Redness,Ear Pain,Loss of Smell,Runny Nose,Unknown
Sore Throat,Dizziness,High Blood Pressure,Runny Nose,Low Blood Pressure,Loss of Taste,Cough,Hypotension
Abdominal Pain,Sweating,Joint Pain,Swollen Lymph Nodes,Skin Peeling,Shortness of Breath,Confusion,Strep Throat
Low Blood Pressure,Sore Throat,Skin Redness,Vomiting,Loss of Taste,Fever,Joint Pain,Hypotension
Cough,Ear Pain,Muscle Pain,Loss of Appetite,Weakness,Low Blood Pressure,Rapid Heart Rate,Malaria
Runny Nose,Fatigue,Dizziness,Joint Pain,Rapid Heart Rate,Headache,Cough,Malaria
Shortness of Breath,Fatigue,Abdominal Pain,Sweating,Skin Redness,Rapid Heart Rate,Runny Nose,Scarlet Fever
Loss of Taste,Skin Peeling,Chills,Ear Pain,Difficulty Swallowing,Abdominal Pain,Dizziness,Unknown
Ear Pain,Confusion,Loss of Smell,Loss of Appetite,Low Blood Pressure,Chills,Cough,Unknown
Abdominal Pain,Fatigue,Vomiting,Swollen Lymph Nodes,Weakness,Sore Throat,Chills,Unknown
Chills,High Blood Pressure,Fatigue,Rash,Skin Redness,Fever,Weakness,Scarlet Fever
Weakness,Chills,Skin Redness,Dizziness,Rash,Sore Throat,Joint Pain,Flu
Rash,Rapid Heart Rate,Weakness,Shortness of Breath,Loss of Appetite,Sore Throat,Skin Peeling,Strep Throat
Chest Pain,Loss of Taste,Joint Pain,Rash,Confusion,Fever,High Blood Pressure,Flu
Chest Pain,Runny Nose,Dizziness,Nausea,Abdominal Pain,Sore Throat,Fatigue,Hypertension
Loss of Taste,Diarrhea,Cough,Skin Peeling,Low Blood Pressure,Loss of Appetite,Rapid Heart Rate,Cold
Chills,Skin Redness,Abdominal Pain,Low Blood Pressure,Swollen Lymph Nodes,Rapid Heart Rate,Confusion,Hypotension
High Blood Pressure,Fever,Skin Redness,Diarrhea,Dizziness,Cough,Headache,Ear Infection
Fatigue,Confusion,Chest Pain,Skin Peeling,Ear Pain,Difficulty Swallowing,High Blood Pressure,Typhoid
Dizziness,Loss of Appetite,Joint Pain,Rapid Heart Rate,Cough,Nausea,Confusion,Hypertension
Skin Peeling,Abdominal Pain,Ear Pain,Headache,Muscle Pain,Shortness of Breath,Rapid Heart Rate,Food Poisoning
Sweating,Loss of Appetite,Abdominal Pain,Loss of Taste,Muscle Pain,Blurred Vision,Headache,COVID-19
Sore Throat,Diarrhea,Chest Pain,Loss of Taste,Blurred Vision,Joint Pain,Swollen Lymph Nodes,Unknown
Loss of Taste,Fever,Chills,Rash,Cough,Weakness,Runny Nose,Typhoid
Skin Redness,Weakness,Swollen Lymph Nodes,High Blood Pressure,Rash,Loss of Taste,Blurred Vision,Hypotension
Abdominal Pain,Sweating,Runny Nose,Swollen Lymph Nodes,Loss of Taste,Weakness,Nausea,Unknown
Sweating,Sore Throat,Cough,Diarrhea,Muscle Pain,Swollen Lymph Nodes,Rash,Unknown
Chills,Rapid Heart Rate,Skin Peeling,Ear Pain,Loss of Smell,Sweating,Weakness,Unknown
Loss of Taste,Muscle Pain,Ear Pain,Difficulty Swallowing,Confusion,Skin Redness,Rash,Unknown
Vomiting,Fever,Difficulty Swallowing,Rash,Muscle Pain,Skin Peeling,Nausea,Food Poisoning
Weakness,Skin Peeling,Sore Throat,Loss of Taste,Dizziness,Sweating,Blurred Vision,Scarlet Fever
Sweating,Shortness of Breath,Weakness,Fatigue,Loss of Taste,Loss of Smell,Difficulty Swallowing,Cold
Nausea,Loss of Appetite,Vomiting,Skin Redness,High Blood Pressure,Diarrhea,Runny Nose,Unknown
Chills,Runny Nose,Dizziness,High Blood Pressure,Low Blood Pressure,Rapid Heart Rate,Difficulty Swallowing,Unknown
Fatigue,Diarrhea,Muscle Pain,Blurred Vision,Difficulty Swallowing,Vomiting,Chest Pain,Unknown
Abdominal Pain,Chest Pain,Cough,Rash,Loss of Appetite,Skin Redness,Loss of Smell,Dengue
Ear Pain,Fever,Rash,Diarrhea,Skin Redness,Runny Nose,High Blood Pressure,Pneumonia
Shortness of Breath,Skin Peeling,Skin Redness,Weakness,High Blood Pressure,Loss of Smell,Rapid Heart Rate,Unknown
Diarrhea,Shortness of Breath,Cough,Vomiting,Difficulty Swallowing,Weakness,Skin Peeling,COVID-19
Skin Peeling,Low Blood Pressure,Runny Nose,Abdominal Pain,Cough,Diarrhea,Difficulty Swallowing,Food Poisoning
Low Blood Pressure,Joint Pain,Dizziness,Weakness,Blurred Vision,Rapid Heart Rate,Shortness of Breath,Unknown
Loss of Smell,Chills,Sore Throat,Diarrhea,Skin Redness,Rash,Rapid Heart Rate,Hypotension
Rapid Heart Rate,Vomiting,Weakness,Abdominal Pain,Chest Pain,Loss of Taste,Sweating,Unknown
Fever,Joint Pain,Low Blood Pressure,Fatigue,Abdominal Pain,Diarrhea,Runny Nose,Cold
Chills,Headache,Fever,Loss of Taste,Dizziness,Skin Redness,Confusion,Malaria
Difficulty Swallowing,Swollen Lymph Nodes,Sore Throat,Muscle Pain,Runny Nose,Weakness,Nausea,Dengue
Abdominal Pain,Diarrhea,Confusion,Skin Redness,Dizziness,Muscle Pain,Fatigue,Hypotension
Muscle Pain,Dizziness,Swollen Lymph Nodes,Abdominal Pain,Chest Pain,Headache,Nausea,Flu
Headache,Chest Pain,Low Blood Pressure,Loss of Appetite,Runny Nose,Difficulty Swallowing,Muscle Pain,Strep Throat
Fatigue,Rapid Heart Rate,Chest Pain,Runny Nose,Muscle Pain,Dizziness,Diarrhea,Cold
Weakness,Skin Redness,Difficulty Swallowing,Runny Nose,Loss of Taste,Headache,Chills,Cold
Chills,Fever,Dizziness,Muscle Pain,Rapid Heart Rate,Rash,Shortness of Breath,Flu
Headache,Nausea,Fatigue,Runny Nose,Loss of Smell,Ear Pain,Sweating,Food Poisoning
Rapid Heart Rate,Nausea,Shortness of Breath,Vomiting,Low Blood Pressure,Weakness,Sweating,Unknown
Shortness of Breath,Loss of Taste,Abdominal Pain,Ear Pain,Sore Throat,Blurred Vision,Swollen Lymph Nodes,Ear Infection
Vomiting,Low Blood Pressure,Diarrhea,High Blood Pressure,Ear Pain,Swollen Lymph Nodes,Nausea,Food Poisoning
Loss of Smell,Runny Nose,Swollen Lymph Nodes,Muscle Pain,Sore Throat,Skin Redness,Vomiting,COVID-19
High Blood Pressure,Muscle Pain,Fever,Weakness,Difficulty Swallowing,Swollen Lymph Nodes,Fatigue,Cold
Chills,Runny Nose,Rapid Heart Rate,Low Blood Pressure,Nausea,Shortness of Breath,Vomiting,Unknown
Fever,Chills,Sore Throat,Diarrhea,Rapid Heart Rate,Blurred Vision,Skin Redness,Food Poisoning
Sore Throat,Headache,Chest Pain,Rash,Chills,Loss of Appetite,Dizziness,Cold
Fever,Loss of Smell,Runny Nose,Dizziness,Confusion,Skin Peeling,High Blood Pressure,Meningitis
Swollen Lymph Nodes,Chills,Sore Throat,Diarrhea,Fever,Headache,Rash,Scarlet Fever
Joint Pain,Shortness of Breath,Skin Redness,Diarrhea,Sweating,Headache,Runny Nose,Food Poisoning
Nausea,Rash,Fatigue,Weakness,Rapid Heart Rate,Chills,Vomiting,Hypotension
Rapid Heart Rate,Loss of Appetite,Dizziness,Swollen Lymph Nodes,Abdominal Pain,Sore Throat,Low Blood Pressure,Unknown
Headache,Abdominal Pain,High Blood Pressure,Chest Pain,Fever,Difficulty Swallowing,Muscle Pain,Scarlet Fever
Chills,Fever,Shortness of Breath,High Blood Pressure,Vomiting,Rapid Heart Rate,Diarrhea,Scarlet Fever
Sore Throat,Skin Peeling,Confusion,High Blood Pressure,Rapid Heart Rate,Swollen Lymph Nodes,Vomiting,Cold
Nausea,Vomiting,Diarrhea,Joint Pain,Loss of Taste,Swollen Lymph Nodes,Skin Peeling,Dengue
Headache,Joint Pain,Chills,Rapid Heart Rate,Dizziness,Diarrhea,Fatigue,Ear Infection
Vomiting,Skin Peeling,Fever,Sweating,High Blood Pressure,Diarrhea,Ear Pain,COVID-19
Rapid Heart Rate,Diarrhea,Vomiting,Loss of Taste,Swollen Lymph Nodes,High Blood Pressure,Muscle Pain,Food Poisoning
Blurred Vision,Swollen Lymph Nodes,Loss of Smell,Runny Nose,Dizziness,Fatigue,Sweating,Unknown
Rapid Heart Rate,Sweating,Nausea,Diarrhea,Confusion,Loss of Taste,Vomiting,COVID-19
Diarrhea,Skin Peeling,Loss of Smell,Swollen Lymph Nodes,Blurred Vision,Runny Nose,Difficulty Swallowing,Ear Infection
Confusion,Cough,Diarrhea,Dizziness,Rash,Rapid Heart Rate,Headache,Hypertension
Joint Pain,Loss of Smell,Skin Peeling,Sweating,Skin Redness,Fatigue,High Blood Pressure,Unknown
Fatigue,Rash,Joint Pain,Headache,Vomiting,Chest Pain,Nausea,Food Poisoning
High Blood Pressure,Skin Redness,Chest Pain,Skin Peeling,Joint Pain,Loss of Smell,Muscle Pain,Unknown
Weakness,Confusion,Rash,Swollen Lymph Nodes,Chest Pain,Rapid Heart Rate,Skin Peeling,Typhoid
Dizziness,Weakness,Joint Pain,Fatigue,Ear Pain,Rapid Heart Rate,Abdominal Pain,Malaria
Loss of Taste,Ear Pain,Blurred Vision,Dizziness,Difficulty Swallowing,Nausea,Loss of Smell,Hypertension
Loss of Appetite,Loss of Smell,Sweating,Low Blood Pressure,Difficulty Swallowing,Blurred Vision,Abdominal Pain,Unknown
Difficulty Swallowing,Fatigue,High Blood Pressure,Blurred Vision,Fever,Low Blood Pressure,Sore Throat,Hypertension
Shortness of Breath,Loss of Taste,Fever,Difficulty Swallowing,Chest Pain,Rapid Heart Rate,Loss of Appetite,Unknown
Joint Pain,Rash,Loss of Taste,Confusion,Loss of Smell,Chest Pain,Runny Nose,Meningitis
Muscle Pain,Vomiting,Nausea,Sore Throat,Joint Pain,Blurred Vision,Diarrhea,Unknown
Sore Throat,Muscle Pain,Difficulty Swallowing,Loss of Taste,Joint Pain,Low Blood Pressure,Dizziness,COVID-19
Low Blood Pressure,Ear Pain,Nausea,Swollen Lymph Nodes,Abdominal Pain,Runny Nose,Confusion,Unknown
Shortness of Breath,Abdominal Pain,Runny Nose,Loss of Smell,Weakness,Chills,Skin Peeling,Scarlet Fever
Diarrhea,Chills,Muscle Pain,Nausea,Ear Pain,Cough,Weakness,COVID-19
Vomiting,Abdominal Pain,Loss of Taste,Muscle Pain,Swollen Lymph Nodes,Headache,Rapid Heart Rate,Typhoid
Fever,Diarrhea,Blurred Vision,Low Blood Pressure,Sweating,Sore Throat,Shortness of Breath,Scarlet Fever
Muscle Pain,Weakness,Blurred Vision,Diarrhea,Nausea,Sore Throat,Abdominal Pain,Food Poisoning
Rapid Heart Rate,Blurred Vision,Cough,Dizziness,Weakness,Chills,Fever,Dengue
Joint Pain,Headache,Diarrhea,Dizziness,Fever,Weakness,Runny Nose,Hypertension
Chills,Runny Nose,Joint Pain,Muscle Pain,Confusion,Swollen Lymph Nodes,Skin Peeling,Unknown
Swollen Lymph Nodes,Vomiting,Skin Redness,Sore Throat,Cough,Fever,Sweating,Meningitis
Chills,Chest Pain,Diarrhea,Difficulty Swallowing,Loss of Appetite,Sore Throat,Muscle Pain,Unknown
Nausea,Sore Throat,Cough,High Blood Pressure,Confusion,Dizziness,Ear Pain,Strep Throat
Ear Pain,Dizziness,Runny Nose,Swollen Lymph Nodes,Cough,Fatigue,Sore Throat,Cold
Abdominal Pain,Cough,Fever,Loss of Taste,Sore Throat,Muscle Pain,Dizziness,COVID-19
Joint Pain,Blurred Vision,Abdominal Pain,Chills,Skin Redness,Fever,Skin Peeling,Meningitis
Fever,Vomiting,Joint Pain,Headache,Runny Nose,Chest Pain,Weakness,Pneumonia
Blurred Vision,Sweating,Vomiting,Abdominal Pain,Fatigue,Chills,Weakness,Unknown
Ear Pain,Muscle Pain,Loss of Smell,Difficulty Swallowing,Sore Throat,Cough,Headache,Meningitis
Loss of Smell,Cough,Runny Nose,Blurred Vision,Joint Pain,Sore Throat,Diarrhea,Unknown
Rash,Muscle Pain,Loss of Smell,Ear Pain,Confusion,Sweating,Cough,Pneumonia
Chest Pain,Nausea,Fever,Chills,Ear Pain,Sweating,Skin Peeling,Strep Throat
Skin Peeling,Confusion,Vomiting,Dizziness,Shortness of Breath,Rash,Loss of Appetite,Migraine
Chills,Weakness,Runny Nose,Loss of Smell,Low Blood Pressure,Loss of Appetite,Swollen Lymph Nodes,Cold
Skin Peeling,Loss of Appetite,Blurred Vision,Low Blood Pressure,Chest Pain,Fatigue,Vomiting,Migraine
Rash,Dizziness,Chest Pain,Swollen Lymph Nodes,Sore Throat,Loss of Taste,Skin Peeling,Scarlet Fever
Fatigue,Shortness of Breath,Loss of Appetite,Headache,Joint Pain,Runny Nose,Difficulty Swallowing,Unknown
Shortness of Breath,Nausea,Fever,Chest Pain,High Blood Pressure,Headache,Rapid Heart Rate,Strep Throat
Diarrhea,Joint Pain,High Blood Pressure,Loss of Appetite,Rash,Loss of Taste,Skin Peeling,Unknown
Chills,Blurred Vision,Ear Pain,Joint Pain,Sore Throat,Skin Peeling,Dizziness,Unknown
Skin Redness,Chills,Loss of Appetite,Loss of Smell,Fever,Skin Peeling,Difficulty Swallowing,Unknown
Dizziness,Weakness,Fatigue,Chest Pain,Low Blood Pressure,Blurred Vision,Sore Throat,Hypotension
Rash,Ear Pain,Dizziness,Loss of Smell,Loss of Taste,Vomiting,Chest Pain,Unknown
Swollen Lymph Nodes,Vomiting,Ear Pain,Skin Redness,Nausea,Loss of Taste,Loss of Appetite,Scarlet Fever
Fever,Loss of Smell,Sweating,Confusion,Nausea,Weakness,Headache,Typhoid
Nausea,Weakness,Swollen Lymph Nodes,Difficulty Swallowing,Fatigue,Low Blood Pressure,Sore Throat,Typhoid
Cough,Difficulty Swallowing,Loss of Appetite,Rapid Heart Rate,Shortness of Breath,Chest Pain,Low Blood Pressure,Unknown
Chills,Confusion,Low Blood Pressure,Ear Pain,High Blood Pressure,Abdominal Pain,Sore Throat,Unknown
Chills,Runny Nose,Swollen Lymph Nodes,Low Blood Pressure,Loss of Taste,Shortness of Breath,Chest Pain,Strep Throat
Confusion,Loss of Taste,Runny Nose,Skin Peeling,Shortness of Breath,Fever,Joint Pain,Pneumonia
Swollen Lymph Nodes,Chest Pain,Chills,Ear Pain,Dizziness,Diarrhea,Nausea,Unknown
Sweating,Sore Throat,Dizziness,Weakness,Skin Redness,Fatigue,Joint Pain,Hypotension
Loss of Smell,Vomiting,Cough,Rapid Heart Rate,Diarrhea,Nausea,Chills,Cold
Cough,High Blood Pressure,Rash,Confusion,Sweating,Fatigue,Abdominal Pain,Pneumonia
Confusion,Ear Pain,Diarrhea,Difficulty Swallowing,Joint Pain,Rapid Heart Rate,Nausea,Unknown
Rapid Heart Rate,Joint Pain,Blurred Vision,Skin Redness,Low Blood Pressure,Chills,Dizziness,Unknown
Loss of Appetite,Swollen Lymph Nodes,Sore Throat,Shortness of Breath,Blurred Vision,Low Blood Pressure,Dizziness,Migraine
Fever,Blurred Vision,Rapid Heart Rate,High Blood Pressure,Cough,Fatigue,Low Blood Pressure,Dengue
Rash,Blurred Vision,Abdominal Pain,Runny Nose,Joint Pain,Swollen Lymph Nodes,Dizziness,Food Poisoning
Cough,Rapid Heart Rate,Runny Nose,Fatigue,Fever,Skin Peeling,Confusion,Unknown
Loss of Smell,Runny Nose,Weakness,Abdominal Pain,Difficulty Swallowing,High Blood Pressure,Muscle Pain,Unknown
Chills,Ear Pain,Muscle Pain,Blurred Vision,Vomiting,Chest Pain,Rapid Heart Rate,Unknown
Muscle Pain,Fever,Loss of Appetite,Nausea,Loss of Taste,High Blood Pressure,Sore Throat,Unknown
Weakness,Skin Redness,Chills,Loss of Taste,Vomiting,Fatigue,High Blood Pressure,Scarlet Fever
Cough,Ear Pain,Vomiting,Weakness,Muscle Pain,Sore Throat,Headache,Ear Infection
Abdominal Pain,Loss of Taste,Shortness of Breath,Blurred Vision,Runny Nose,Confusion,Fever,Meningitis
Sore Throat,Rash,Loss of Smell,Nausea,Cough,Ear Pain,Headache,Malaria
Rash,Loss of Smell,Rapid Heart Rate,Chills,Muscle Pain,Skin Redness,Swollen Lymph Nodes,Unknown
Loss of Taste,Runny Nose,Muscle Pain,Rash,Difficulty Swallowing,Skin Redness,Headache,Hypertension
Joint Pain,Blurred Vision,Cough,Fatigue,Confusion,Rash,Skin Redness,Flu
Joint Pain,Fever,Blurred Vision,Nausea,Skin Redness,Shortness of Breath,Ear Pain,Flu
Cough,Runny Nose,Vomiting,Confusion,Fatigue,Loss of Smell,Diarrhea,COVID-19
Loss of Smell,Loss of Appetite,Abdominal Pain,Headache,Rash,Difficulty Swallowing,Weakness,Migraine
Sweating,Muscle Pain,Abdominal Pain,Chest Pain,Diarrhea,Cough,Headache,Meningitis
Loss of Appetite,Muscle Pain,Blurred Vision,Rash,Ear Pain,Headache,Swollen Lymph Nodes,COVID-19
Abdominal Pain,Vomiting,Confusion,Difficulty Swallowing,Sore Throat,Joint Pain,High Blood Pressure,Unknown
Sweating,Rash,Joint Pain,High Blood Pressure,Chest Pain,Dizziness,Loss of Smell,Unknown
Chills,High Blood Pressure,Rapid Heart Rate,Fatigue,Rash,Difficulty Swallowing,Muscle Pain,Unknown
Abdominal Pain,Confusion,Headache,Sore Throat,Skin Peeling,High Blood Pressure,Rash,Scarlet Fever
Blurred Vision,Difficulty Swallowing,Loss of Appetite,Fatigue,Swollen Lymph Nodes,Chills,Diarrhea,Cold
Ear Pain,Vomiting,Fever,Fatigue,Loss of Appetite,Shortness of Breath,Weakness,COVID-19
Runny Nose,Diarrhea,Fatigue,Joint Pain,Rapid Heart Rate,Skin Redness,Chills,Food Poisoning
Abdominal Pain,Ear Pain,Swollen Lymph Nodes,Chest Pain,Skin Peeling,Vomiting,Difficulty Swallowing,Unknown
Difficulty Swallowing,Loss of Smell,Chills,Nausea,Low Blood Pressure,Ear Pain,Rash,Malaria
Dizziness,Diarrhea,Runny Nose,Sweating,Headache,Skin Peeling,Sore Throat,Migraine
Diarrhea,Chills,Skin Redness,Fever,Shortness of Breath,Rapid Heart Rate,Loss of Appetite,Strep Throat
Runny Nose,Skin Redness,Headache,Low Blood Pressure,Sweating,Abdominal Pain,Loss of Smell,Cold
High Blood Pressure,Loss of Taste,Shortness of Breath,Fatigue,Joint Pain,Loss of Appetite,Chills,Unknown
Shortness of Breath,Rash,Rapid Heart Rate,Chest Pain,Loss of Taste,Dizziness,Difficulty Swallowing,Unknown
Chills,Difficulty Swallowing,Chest Pain,Abdominal Pain,Low Blood Pressure,Cough,Sweating,Cold
Runny Nose,Weakness,Rash,Skin Redness,Dizziness,Skin Peeling,Swollen Lymph Nodes,Unknown
Rash,Blurred Vision,Weakness,Nausea,Runny Nose,Shortness of Breath,Skin Redness,COVID-19
Rapid Heart Rate,Runny Nose,Fever,Nausea,Diarrhea,Blurred Vision,Shortness of Breath,Unknown
Chills,Chest Pain,Low Blood Pressure,Loss of Smell,Sore Throat,Muscle Pain,High Blood Pressure,Cold
Rash,High Blood Pressure,Skin Redness,Low Blood Pressure,Swollen Lymph Nodes,Rapid Heart Rate,Muscle Pain,Strep Throat
Swollen Lymph Nodes,Ear Pain,Fatigue,Dizziness,Cough,Sore Throat,Diarrhea,Scarlet Fever
Swollen Lymph Nodes,Nausea,Cough,Low Blood Pressure,Headache,Vomiting,Sore Throat,Cold
Dizziness,Muscle Pain,Diarrhea,Fatigue,Blurred Vision,Loss of Appetite,Difficulty Swallowing,Cold
Chest Pain,Cough,Loss of Smell,High Blood Pressure,Low Blood Pressure,Confusion,Nausea,Unknown
Chills,Rapid Heart Rate,Sweating,Abdominal Pain,Rash,Low Blood Pressure,Sore Throat,Unknown
Sore Throat,Muscle Pain,Rapid Heart Rate,Fatigue,Loss of Appetite,High Blood Pressure,Loss of Taste,Typhoid
Fatigue,Ear Pain,Sweating,Shortness of Breath,Chills,Weakness,Confusion,Unknown
Skin Peeling,Diarrhea,Ear Pain,Swollen Lymph Nodes,Headache,Rash,Nausea,Ear Infection
Vomiting,Swollen Lymph Nodes,Loss of Appetite,High Blood Pressure,Loss of Taste,Nausea,Chest Pain,Hypertension
Weakness,Skin Peeling,Rapid Heart Rate,Loss of Smell,Nausea,Difficulty Swallowing,Chills,Unknown
Loss of Taste,Dizziness,Rash,Weakness,Rapid Heart Rate,Sore Throat,Nausea,Dengue
Difficulty Swallowing,Chest Pain,Low Blood Pressure,Skin Peeling,Dizziness,Vomiting,Loss of Taste,Food Poisoning
Sweating,Nausea,Low Blood Pressure,Rapid Heart Rate,Chills,Shortness of Breath,Skin Redness,Food Poisoning
Headache,Runny Nose,Chills,Sweating,Confusion,Blurred Vision,Skin Peeling,Unknown
Loss of Taste,Dizziness,Fever,Chest Pain,Headache,Skin Peeling,Weakness,Meningitis
Ear Pain,Shortness of Breath,Skin Peeling,Diarrhea,Fatigue,Chills,Cough,Hypertension
Swollen Lymph Nodes,Cough,Sore Throat,Loss of Smell,Chest Pain,Muscle Pain,Diarrhea,Unknown
Cough,Loss of Smell,Runny Nose,Abdominal Pain,Loss of Taste,Dizziness,Sore Throat,Hypotension
Blurred Vision,Loss of Appetite,Cough,Rash,Skin Peeling,Dizziness,Sweating,Malaria
Skin Peeling,Vomiting,Nausea,Muscle Pain,Loss of Appetite,Ear Pain,Rapid Heart Rate,Hypotension
Nausea,Confusion,Chills,Diarrhea,Sore Throat,Sweating,Loss of Appetite,Food Poisoning
Confusion,Skin Peeling,High Blood Pressure,Low Blood Pressure,Chest Pain,Nausea,Diarrhea,Migraine
Skin Redness,Rash,Low Blood Pressure,High Blood Pressure,Cough,Loss of Smell,Nausea,Scarlet Fever
Weakness,Diarrhea,Sweating,High Blood Pressure,Cough,Blurred Vision,Low Blood Pressure,Unknown
Chills,Rash,Loss of Taste,Loss of Smell,Swollen Lymph Nodes,Ear Pain,Rapid Heart Rate,Strep Throat
Skin Peeling,Nausea,Sore Throat,Runny Nose,Vomiting,Chills,Swollen Lymph Nodes,Scarlet Fever
Diarrhea,Fever,Chills,Headache,Skin Peeling,Fatigue,Loss of Smell,Strep Throat
Abdominal Pain,Ear Pain,Sore Throat,Headache,Skin Redness,Skin Peeling,Fever,Malaria
Weakness,Runny Nose,Loss of Smell,Difficulty Swallowing,Muscle Pain,Chest Pain,Chills,Unknown
High Blood Pressure,Diarrhea,Ear Pain,Abdominal Pain,Sweating,Rapid Heart Rate,Fever,Hypotension
Fever,Vomiting,Shortness of Breath,Abdominal Pain,Skin Peeling,Rash,Diarrhea,Meningitis
Loss of Appetite,Muscle Pain,Vomiting,High Blood Pressure,Skin Peeling,Loss of Taste,Swollen Lymph Nodes,Strep Throat
Loss of Smell,Swollen Lymph Nodes,Nausea,High Blood Pressure,Vomiting,Joint Pain,Diarrhea,Food Poisoning
Rash,Rapid Heart Rate,Loss of Smell,Chest Pain,Muscle Pain,Runny Nose,Chills,Cold
Fatigue,Loss of Appetite,Rapid Heart Rate,Chills,Confusion,Diarrhea,Skin Redness,Unknown
Fever,Loss of Smell,Nausea,Fatigue,Chest Pain,Sweating,Headache,Unknown
Dizziness,Cough,Sweating,Blurred Vision,Weakness,Nausea,Shortness of Breath,Hypertension
Fatigue,Swollen Lymph Nodes,Abdominal Pain,Chest Pain,Runny Nose,Diarrhea,Low Blood Pressure,COVID-19
Chills,Muscle Pain,Rapid Heart Rate,Fatigue,Weakness,Dizziness,Skin Redness,Food Poisoning
Nausea,Weakness,Chest Pain,Swollen Lymph Nodes,Skin Redness,Shortness of Breath,Difficulty Swallowing,Scarlet Fever
Fever,Low Blood Pressure,Vomiting,Joint Pain,High Blood Pressure,Skin Peeling,Loss of Taste,COVID-19
Fever,Shortness of Breath,Chills,Loss of Smell,Loss of Taste,Rapid Heart Rate,Vomiting,Flu
Shortness of Breath,Muscle Pain,Confusion,Loss of Taste,Diarrhea,Blurred Vision,Nausea,Unknown
Confusion,Fever,Abdominal Pain,Loss of Taste,Rapid Heart Rate,Fatigue,Ear Pain,Strep Throat
Muscle Pain,High Blood Pressure,Abdominal Pain,Swollen Lymph Nodes,Diarrhea,Skin Redness,Fever,Strep Throat
Skin Redness,Low Blood Pressure,Nausea,Dizziness,Vomiting,Sweating,Skin Peeling,Food Poisoning
Swollen Lymph Nodes,Rash,Difficulty Swallowing,Loss of Taste,Nausea,Weakness,Chills,Unknown
Vomiting,Runny Nose,Blurred Vision,Loss of Smell,Diarrhea,Weakness,Chest Pain,Unknown
Headache,Vomiting,Rapid Heart Rate,Loss of Appetite,Sore Throat,Sweating,Diarrhea,Flu
Sweating,Shortness of Breath,Swollen Lymph Nodes,Difficulty Swallowing,Low Blood Pressure,Cough,Confusion,Unknown
Cough,Swollen Lymph Nodes,Weakness,Chest Pain,Sweating,Sore Throat,Loss of Appetite,Typhoid
Runny Nose,Dizziness,Weakness,Chest Pain,Low Blood Pressure,Cough,Joint Pain,Hypotension
Loss of Smell,Dizziness,Rapid Heart Rate,Abdominal Pain,Ear Pain,Joint Pain,Loss of Appetite,Unknown
Weakness,Blurred Vision,Joint Pain,Difficulty Swallowing,Headache,Swollen Lymph Nodes,Sore Throat,Malaria
Diarrhea,Joint Pain,Swollen Lymph Nodes,Ear Pain,Chest Pain,Cough,Muscle Pain,Unknown
Fever,Abdominal Pain,Muscle Pain,Vomiting,Runny Nose,Skin Peeling,Shortness of Breath,Flu
Loss of Taste,Abdominal Pain,Ear Pain,High Blood Pressure,Joint Pain,Fever,Blurred Vision,Flu
Swollen Lymph Nodes,High Blood Pressure,Confusion,Headache,Blurred Vision,Weakness,Nausea,Meningitis
Headache,Difficulty Swallowing,Fever,Joint Pain,Confusion,Blurred Vision,Rapid Heart Rate,COVID-19
Loss of Taste,Shortness of Breath,Difficulty Swallowing,Low Blood Pressure,Loss of Smell,Loss of Appetite,Skin Redness,Strep Throat
Swollen Lymph Nodes,Abdominal Pain,Loss of Appetite,Fever,Loss of Smell,Joint Pain,Shortness of Breath,Food Poisoning
Chest Pain,High Blood Pressure,Swollen Lymph Nodes,Dizziness,Rapid Heart Rate,Joint Pain,Abdominal Pain,Unknown
Muscle Pain,Loss of Appetite,Weakness,Low Blood Pressure,Ear Pain,Blurred Vision,Headache,Dengue
Fatigue,Loss of Taste,Shortness of Breath,Muscle Pain,Dizziness,Rash,Abdominal Pain,Hypotension
Headache,Skin Redness,Dizziness,Confusion,Cough,Joint Pain,Sweating,Malaria
Nausea,Shortness of Breath,Vomiting,Loss of Smell,Loss of Taste,Blurred Vision,Runny Nose,Unknown
Loss of Smell,Swollen Lymph Nodes,Dizziness,Cough,Confusion,Fever,Vomiting,Hypotension
Nausea,Shortness of Breath,Fever,Loss of Smell,Fatigue,Cough,Diarrhea,COVID-19
Shortness of Breath,Chills,Ear Pain,Low Blood Pressure,Nausea,Blurred Vision,Confusion,Meningitis
Diarrhea,Shortness of Breath,Loss of Taste,Muscle Pain,Low Blood Pressure,Blurred Vision,Abdominal Pain,Unknown
Weakness,Fatigue,Swollen Lymph Nodes,Loss of Smell,Abdominal Pain,Vomiting,Loss of Taste,Malaria
Rapid Heart Rate,High Blood Pressure,Diarrhea,Ear Pain,Skin Peeling,Nausea,Sweating,Migraine
Weakness,High Blood Pressure,Loss of Appetite,Headache,Muscle Pain,Blurred Vision,Loss of Smell,Hypotension
Skin Redness,Diarrhea,Sweating,Cough,High Blood Pressure,Runny Nose,Fever,Meningitis
Skin Redness,Cough,Shortness of Breath,Swollen Lymph Nodes,Dizziness,Sore Throat,Chills,Flu
Shortness of Breath,Headache,Nausea,Abdominal Pain,Fever,Runny Nose,Skin Redness,Malaria
Dizziness,Sweating,Shortness of Breath,Difficulty Swallowing,Chills,Loss of Taste,Abdominal Pain,Pneumonia
Loss of Appetite,Nausea,Ear Pain,Muscle Pain,High Blood Pressure,Sore Throat,Abdominal Pain,COVID-19
Loss of Smell,Cough,Chills,Low Blood Pressure,Weakness,Dizziness,Fever,Typhoid
Loss of Smell,Rash,Loss of Taste,Diarrhea,Difficulty Swallowing,Confusion,Swollen Lymph Nodes,Ear Infection
Confusion,Low Blood Pressure,Dizziness,Cough,Rash,Loss of Smell,Fatigue,Pneumonia
Fatigue,Skin Redness,Skin Peeling,Confusion,Headache,Blurred Vision,Diarrhea,Meningitis
Low Blood Pressure,Loss of Taste,Muscle Pain,High Blood Pressure,Runny Nose,Cough,Skin Peeling,Pneumonia
Loss of Taste,Loss of Appetite,Abdominal Pain,Blurred Vision,Swollen Lymph Nodes,Chest Pain,Fever,Pneumonia
Low Blood Pressure,Fatigue,Cough,Joint Pain,Sweating,Runny Nose,Rapid Heart Rate,Unknown
Blurred Vision,Dizziness,Chills,Nausea,Confusion,Joint Pain,Chest Pain,Hypertension
Skin Redness,Difficulty Swallowing,Abdominal Pain,Loss of Smell,Weakness,Muscle Pain,High Blood Pressure,Hypotension
Abdominal Pain,Chest Pain,Chills,Skin Peeling,Fatigue,Shortness of Breath,Weakness,Flu
Loss of Smell,Rash,Headache,Swollen Lymph Nodes,Skin Redness,Sweating,Difficulty Swallowing,Migraine
Low Blood Pressure,Chills,Fever,Nausea,Rash,Runny Nose,Swollen Lymph Nodes,Ear Infection
Headache,Shortness of Breath,Skin Peeling,Ear Pain,Loss of Smell,Sore Throat,Chills,Flu
Abdominal Pain,Nausea,Loss of Appetite,Loss of Taste,Runny Nose,Loss of Smell,Rapid Heart Rate,COVID-19
Abdominal Pain,Swollen Lymph Nodes,Dizziness,Loss of Appetite,Loss of Taste,Chest Pain,Headache,Flu
Vomiting,Loss of Smell,Chest Pain,Difficulty Swallowing,Rapid Heart Rate,Low Blood Pressure,Sore Throat,Unknown
High Blood Pressure,Ear Pain,Cough,Weakness,Fatigue,Vomiting,Sweating,Hypotension
Vomiting,Low Blood Pressure,Nausea,Shortness of Breath,Muscle Pain,Fever,Swollen Lymph Nodes,Food Poisoning
Ear Pain,Fever,Fatigue,Vomiting,Skin Redness,Loss of Appetite,Dizziness,Meningitis
Blurred Vision,Rapid Heart Rate,Sweating,Runny Nose,Cough,Confusion,Vomiting,COVID-19
Skin Redness,Rapid Heart Rate,Loss of Appetite,Difficulty Swallowing,Cough,Sweating,Loss of Taste,Ear Infection
Swollen Lymph Nodes,Skin Redness,Blurred Vision,Loss of Taste,Difficulty Swallowing,Runny Nose,Rash,Unknown
Chills,Confusion,Difficulty Swallowing,Chest Pain,Low Blood Pressure,Rash,Loss of Taste,Unknown
Swollen Lymph Nodes,Diarrhea,Headache,Rapid Heart Rate,Loss of Smell,Loss of Taste,Skin Redness,Dengue
Skin Redness,Loss of Appetite,Loss of Taste,Rash,Chest Pain,Fever,Runny Nose,Flu
Shortness of Breath,Difficulty Swallowing,Vomiting,Chills,Joint Pain,Cough,Confusion,COVID-19
Swollen Lymph Nodes,Rash,Dizziness,Rapid Heart Rate,Loss of Smell,Muscle Pain,Loss of Appetite,Unknown
Loss of Smell,Sore Throat,Fever,Cough,Skin Peeling,Confusion,Diarrhea,Flu
Skin Peeling,Fatigue,Abdominal Pain,Headache,Weakness,Rapid Heart Rate,Sweating,Food Poisoning
Rapid Heart Rate,Runny Nose,Abdominal Pain,Muscle Pain,Cough,Sweating,Skin Peeling,Malaria
Muscle Pain,Dizziness,High Blood Pressure,Loss of Appetite,Sweating,Sore Throat,Shortness of Breath,Unknown
High Blood Pressure,Chest Pain,Diarrhea,Chills,Dizziness,Fever,Weakness,Flu
Dizziness,Chest Pain,Blurred Vision,Rash,Sore Throat,Runny Nose,Difficulty Swallowing,Strep Throat
Fatigue,Dizziness,Difficulty Swallowing,Rapid Heart Rate,Swollen Lymph Nodes,Abdominal Pain,Ear Pain,Food Poisoning
Ear Pain,Low Blood Pressure,Blurred Vision,Muscle Pain,Cough,Loss of Taste,Shortness of Breath,Dengue
High Blood Pressure,Shortness of Breath,Chest Pain,Rash,Rapid Heart Rate,Fever,Abdominal Pain,Hypertension
Joint Pain,Ear Pain,Fatigue,Cough,Loss of Smell,Rash,Abdominal Pain,Pneumonia
Fever,Vomiting,Chills,Difficulty Swallowing,Muscle Pain,Ear Pain,Chest Pain,Unknown
Skin Redness,Diarrhea,Chest Pain,Headache,Ear Pain,Fatigue,Rash,Typhoid
Fatigue,Chills,Difficulty Swallowing,Fever,Confusion,Loss of Smell,Vomiting,Meningitis
Nausea,Rash,Fever,Loss of Smell,Weakness,Low Blood Pressure,Abdominal Pain,Scarlet Fever
Sore Throat,Skin Redness,Swollen Lymph Nodes,Headache,Chills,Joint Pain,Sweating,Unknown
Sore Throat,High Blood Pressure,Abdominal Pain,Sweating,Dizziness,Loss of Taste,Difficulty Swallowing,COVID-19
Nausea,Muscle Pain,Rapid Heart Rate,Loss of Smell,Skin Redness,Rash,Ear Pain,Unknown
Fatigue,Sore Throat,Skin Peeling,Difficulty Swallowing,Cough,Loss of Appetite,Abdominal Pain,Flu
Blurred Vision,Joint Pain,Dizziness,Chest Pain,Abdominal Pain,Loss of Taste,Loss of Smell,Unknown
Chest Pain,Confusion,Loss of Smell,Dizziness,Cough,Shortness of Breath,Sweating,Migraine
Weakness,Rash,Skin Redness,Joint Pain,Runny Nose,Blurred Vision,Loss of Appetite,Hypotension
Low Blood Pressure,Sore Throat,Loss of Taste,High Blood Pressure,Diarrhea,Loss of Smell,Ear Pain,Unknown
Abdominal Pain,Vomiting,Low Blood Pressure,Headache,Ear Pain,Skin Redness,Fatigue,Hypertension
Rapid Heart Rate,Sweating,Chills,Fatigue,Joint Pain,Chest Pain,Skin Redness,Hypertension
Shortness of Breath,Low Blood Pressure,Chills,Fever,Headache,Skin Redness,Rapid Heart Rate,Scarlet Fever
Ear Pain,Loss of Appetite,Runny Nose,Difficulty Swallowing,Vomiting,Loss of Smell,Confusion,Unknown
Runny Nose,Weakness,Chest Pain,Rapid Heart Rate,Joint Pain,Confusion,Headache,Migraine
Dizziness,Abdominal Pain,Ear Pain,Loss of Appetite,Chest Pain,Rash,Shortness of Breath,Ear Infection
Blurred Vision,Swollen Lymph Nodes,Chest Pain,Rash,Runny Nose,Shortness of Breath,Chills,Strep Throat
Swollen Lymph Nodes,Diarrhea,Rash,Chills,Chest Pain,Headache,Skin Peeling,Dengue
Blurred Vision,High Blood Pressure,Runny Nose,Sweating,Fatigue,Fever,Muscle Pain,Meningitis
Loss of Smell,Confusion,Shortness of Breath,Skin Peeling,Blurred Vision,Low Blood Pressure,Rapid Heart Rate,Scarlet Fever
High Blood Pressure,Skin Peeling,Nausea,Swollen Lymph Nodes,Runny Nose,Difficulty Swallowing,Weakness,Unknown
Confusion,Shortness of Breath,Rapid Heart Rate,Loss of Appetite,Dizziness,Vomiting,Cough,Unknown
Runny Nose,Diarrhea,Headache,Confusion,Swollen Lymph Nodes,High Blood Pressure,Low Blood Pressure,Hypotension
Muscle Pain,Shortness of Breath,Blurred Vision,Chest Pain,Loss of Smell,Loss of Taste,Skin Peeling,Unknown
Vomiting,Fever,Abdominal Pain,Difficulty Swallowing,Dizziness,Loss of Appetite,Chills,Meningitis
Skin Redness,Shortness of Breath,Blurred Vision,Diarrhea,Fever,Dizziness,Sweating,Pneumonia
Runny Nose,Vomiting,Swollen Lymph Nodes,Chest Pain,Fever,Ear Pain,Chills,Unknown
Joint Pain,Cough,Nausea,Diarrhea,Chest Pain,Loss of Taste,Fatigue,Unknown
Rapid Heart Rate,Loss of Smell,Blurred Vision,Weakness,Rash,Sweating,Cough,Dengue
Rash,Chills,Loss of Smell,Sore Throat,Weakness,Skin Redness,Fever,Flu
Sore Throat,Rapid Heart Rate,Sweating,Loss of Smell,Blurred Vision,Diarrhea,Fatigue,Typhoid
Loss of Taste,Diarrhea,Blurred Vision,Sore Throat,Dizziness,Low Blood Pressure,Headache,Strep Throat
High Blood Pressure,Sweating,Sore Throat,Muscle Pain,Dizziness,Cough,Skin Peeling,Strep Throat
Fatigue,Diarrhea,Joint Pain,Low Blood Pressure,Sore Throat,Loss of Taste,Chest Pain,Flu
Rash,Vomiting,Sore Throat,Weakness,Skin Peeling,Joint Pain,Chest Pain,Scarlet Fever
Weakness,Loss of Appetite,Joint Pain,Loss of Taste,Muscle Pain,Rash,Ear Pain,Unknown
Chest Pain,Swollen Lymph Nodes,Difficulty Swallowing,Chills,Joint Pain,Runny Nose,Nausea,Pneumonia
Sore Throat,Fatigue,Vomiting,Shortness of Breath,Dizziness,Joint Pain,Abdominal Pain,Hypotension
Runny Nose,Sore Throat,Diarrhea,Ear Pain,Loss of Smell,Nausea,Skin Peeling,Unknown
Low Blood Pressure,Weakness,Diarrhea,Vomiting,Headache,Runny Nose,Cough,Hypertension
Nausea,Loss of Appetite,Joint Pain,Fever,Dizziness,Weakness,Rapid Heart Rate,Food Poisoning
Confusion,Chest Pain,Chills,Loss of Taste,Blurred Vision,Muscle Pain,Loss of Smell,Unknown
Sweating,Loss of Taste,Loss of Appetite,Skin Peeling,Shortness of Breath,Nausea,Chills,Unknown
Ear Pain,Chest Pain,Nausea,Fatigue,Abdominal Pain,Chills,Loss of Appetite,Unknown
Ear Pain,Vomiting,Skin Peeling,Fever,Weakness,Rash,Loss of Appetite,Pneumonia
Chest Pain,Skin Redness,Ear Pain,Shortness of Breath,Loss of Appetite,High Blood Pressure,Rapid Heart Rate,Hypertension
Abdominal Pain,Runny Nose,Loss of Appetite,Nausea,Diarrhea,Weakness,Shortness of Breath,Food Poisoning
Runny Nose,Difficulty Swallowing,Confusion,Joint Pain,Rapid Heart Rate,Blurred Vision,Headache,Meningitis
Low Blood Pressure,Rash,Sweating,Runny Nose,Muscle Pain,Swollen Lymph Nodes,Ear Pain,Unknown
Skin Peeling,Runny Nose,Ear Pain,Blurred Vision,Muscle Pain,Cough,Dizziness,Migraine
Loss of Taste,Sore Throat,Blurred Vision,Nausea,Low Blood Pressure,Skin Redness,Diarrhea,COVID-19
Confusion,Difficulty Swallowing,Chest Pain,Muscle Pain,Low Blood Pressure,Loss of Smell,Nausea,Hypotension
Rash,Swollen Lymph Nodes,Vomiting,Fatigue,Fever,Dizziness,Skin Peeling,Pneumonia
Loss of Smell,Skin Peeling,Sweating,Confusion,Chills,Headache,Loss of Taste,Scarlet Fever
Loss of Smell,Abdominal Pain,Sore Throat,Weakness,Ear Pain,Difficulty Swallowing,Loss of Appetite,Unknown
Confusion,Weakness,Sore Throat,Loss of Smell,Loss of Taste,Swollen Lymph Nodes,Fatigue,Strep Throat
Chills,Abdominal Pain,Loss of Taste,Ear Pain,Rapid Heart Rate,Confusion,Cough,Unknown
Loss of Appetite,Chest Pain,Joint Pain,Diarrhea,Ear Pain,Loss of Smell,Chills,Pneumonia
Skin Redness,Ear Pain,Loss of Taste,Nausea,Sore Throat,Muscle Pain,Fever,Migraine
Headache,Cough,Loss of Smell,High Blood Pressure,Abdominal Pain,Fever,Difficulty Swallowing,Flu
Difficulty Swallowing,Abdominal Pain,Skin Peeling,Vomiting,Diarrhea,Muscle Pain,Shortness of Breath,Dengue
Sore Throat,Sweating,Skin Peeling,Skin Redness,Fever,Shortness of Breath,Runny Nose,COVID-19
Dizziness,Skin Redness,Headache,Loss of Appetite,Ear Pain,Skin Peeling,Weakness,COVID-19
Skin Redness,Confusion,Chills,Cough,Loss of Appetite,Loss of Taste,Swollen Lymph Nodes,Unknown
Runny Nose,Rapid Heart Rate,Shortness of Breath,High Blood Pressure,Chest Pain,Fatigue,Diarrhea,Unknown
Dizziness,Sore Throat,Diarrhea,Sweating,Loss of Appetite,Confusion,Weakness,Cold
Abdominal Pain,Rash,Confusion,Fatigue,Weakness,Loss of Smell,Low Blood Pressure,Hypotension
Low Blood Pressure,Diarrhea,Skin Redness,Fever,Skin Peeling,Difficulty Swallowing,Rapid Heart Rate,Unknown
Chills,Ear Pain,Difficulty Swallowing,Confusion,Nausea,Headache,Swollen Lymph Nodes,Unknown
Nausea,Fever,Fatigue,Loss of Appetite,Sweating,Confusion,Rash,Pneumonia
Confusion,Swollen Lymph Nodes,Fever,Low Blood Pressure,Diarrhea,Shortness of Breath,Fatigue,Meningitis
Weakness,Ear Pain,Low Blood Pressure,Skin Peeling,Rapid Heart Rate,Diarrhea,Loss of Taste,Unknown
Weakness,Rash,Runny Nose,Loss of Taste,Cough,Chills,Ear Pain,COVID-19
Swollen Lymph Nodes,Weakness,Loss of Smell,Loss of Appetite,Confusion,Runny Nose,Joint Pain,COVID-19
Shortness of Breath,Swollen Lymph Nodes,Sweating,Skin Peeling,Loss of Smell,Dizziness,Chest Pain,Unknown
Sore Throat,Low Blood Pressure,Loss of Smell,Vomiting,Weakness,Sweating,Ear Pain,Unknown
High Blood Pressure,Sore Throat,Loss of Taste,Shortness of Breath,Loss of Smell,Skin Redness,Abdominal Pain,Unknown
Runny Nose,Chills,Weakness,Nausea,High Blood Pressure,Abdominal Pain,Low Blood Pressure,Hypotension
Low Blood Pressure,Rapid Heart Rate,Swollen Lymph Nodes,Sore Throat,Difficulty Swallowing,Loss of Taste,Diarrhea,Unknown
Ear Pain,Vomiting,Blurred Vision,Sweating,Chills,Fever,Sore Throat,Meningitis
Shortness of Breath,Sweating,Chills,Headache,Blurred Vision,Runny Nose,Low Blood Pressure,Dengue
Abdominal Pain,Loss of Appetite,Cough,Confusion,Diarrhea,Skin Peeling,Rash,Unknown
Loss of Smell,Sweating,Shortness of Breath,Sore Throat,Loss of Taste,Runny Nose,Difficulty Swallowing,Malaria
Loss of Taste,Headache,Abdominal Pain,Skin Peeling,Loss of Appetite,Rash,Loss of Smell,COVID-19
Swollen Lymph Nodes,Blurred Vision,Joint Pain,Dizziness,Sweating,Rapid Heart Rate,Runny Nose,Dengue
Dizziness,Loss of Smell,Nausea,Confusion,Loss of Appetite,Chills,Skin Peeling,Hypotension
Headache,Skin Redness,Difficulty Swallowing,Diarrhea,Abdominal Pain,Rapid Heart Rate,Vomiting,Migraine
Abdominal Pain,Fever,Shortness of Breath,Ear Pain,Vomiting,Nausea,Runny Nose,Unknown
Vomiting,Difficulty Swallowing,Fever,Sweating,Nausea,Rash,Cough,Ear Infection
Sweating,Rash,Weakness,Blurred Vision,Ear Pain,Shortness of Breath,Swollen Lymph Nodes,Unknown
Shortness of Breath,Sweating,Weakness,High Blood Pressure,Blurred Vision,Ear Pain,Difficulty Swallowing,Strep Throat
Confusion,Swollen Lymph Nodes,Fever,Sweating,Skin Peeling,Difficulty Swallowing,Rapid Heart Rate,Strep Throat
Loss of Appetite,Blurred Vision,Low Blood Pressure,Skin Peeling,Ear Pain,Nausea,Abdominal Pain,Unknown
Skin Peeling,Fever,Vomiting,Loss of Taste,Blurred Vision,Swollen Lymph Nodes,Loss of Appetite,Food Poisoning
Headache,Confusion,Fever,Blurred Vision,Vomiting,Shortness of Breath,Chest Pain,Meningitis
Chest Pain,Skin Peeling,Chills,Skin Redness,Rash,Muscle Pain,Swollen Lymph Nodes,Strep Throat
Diarrhea,Skin Redness,Shortness of Breath,Swollen Lymph Nodes,Rapid Heart Rate,Dizziness,Vomiting,Unknown
Nausea,Sweating,Rash,Abdominal Pain,Confusion,Weakness,Loss of Appetite,Typhoid
Swollen Lymph Nodes,Low Blood Pressure,Difficulty Swallowing,Sweating,High Blood Pressure,Joint Pain,Skin Redness,Unknown
Muscle Pain,Joint Pain,Abdominal Pain,Ear Pain,Blurred Vision,Dizziness,Weakness,Typhoid
Dizziness,Abdominal Pain,Blurred Vision,Ear Pain,Runny Nose,Rash,Muscle Pain,Hypertension
Fever,Loss of Taste,Sweating,Blurred Vision,Loss of Smell,Diarrhea,Weakness,Typhoid
Low Blood Pressure,Weakness,Fever,Runny Nose,Ear Pain,Loss of Smell,Loss of Taste,Unknown
Skin Redness,Weakness,Cough,Fever,Skin Peeling,Swollen Lymph Nodes,Shortness of Breath,Pneumonia
Sweating,Nausea,Headache,Blurred Vision,Chills,Abdominal Pain,Loss of Appetite,Meningitis
Muscle Pain,Loss of Smell,High Blood Pressure,Skin Peeling,Nausea,Chest Pain,Weakness,COVID-19
Ear Pain,Cough,Blurred Vision,Chest Pain,Muscle Pain,Headache,Fever,Pneumonia
Shortness of Breath,Confusion,Abdominal Pain,Joint Pain,Fatigue,Runny Nose,Low Blood Pressure,Hypotension
Rapid Heart Rate,Sweating,Blurred Vision,Sore Throat,Chills,Loss of Taste,High Blood Pressure,Strep Throat
Abdominal Pain,Difficulty Swallowing,Chest Pain,Loss of Taste,Muscle Pain,Blurred Vision,Headache,Food Poisoning
Joint Pain,Sweating,Difficulty Swallowing,Nausea,Rapid Heart Rate,Ear Pain,Rash,Malaria
High Blood Pressure,Loss of Smell,Skin Redness,Difficulty Swallowing,Shortness of Breath,Diarrhea,Rash,Unknown
Headache,Swollen Lymph Nodes,Loss of Appetite,Weakness,Skin Redness,Loss of Smell,Sweating,Meningitis
Blurred Vision,Rapid Heart Rate,Chest Pain,Confusion,Loss of Smell,Fever,Swollen Lymph Nodes,Pneumonia
Weakness,Muscle Pain,Fatigue,Headache,Swollen Lymph Nodes,High Blood Pressure,Abdominal Pain,Flu
High Blood Pressure,Cough,Vomiting,Fever,Headache,Joint Pain,Rash,Flu
Loss of Taste,Sweating,Fever,Low Blood Pressure,Muscle Pain,Vomiting,Joint Pain,Pneumonia
Vomiting,Muscle Pain,Fatigue,Weakness,Cough,Loss of Smell,Fever,Strep Throat
Headache,Abdominal Pain,Loss of Appetite,Loss of Smell,Cough,Dizziness,Fever,Strep Throat
Nausea,Loss of Taste,Sore Throat,Loss of Appetite,Weakness,Rash,Chest Pain,Malaria
Low Blood Pressure,Abdominal Pain,Nausea,Vomiting,Weakness,Fatigue,Muscle Pain,Food Poisoning
Swollen Lymph Nodes,Runny Nose,Rash,Headache,Joint Pain,Sore Throat,Sweating,Unknown
Nausea,Skin Redness,Blurred Vision,Loss of Appetite,Confusion,Loss of Smell,Shortness of Breath,COVID-19
Dizziness,Weakness,Loss of Taste,Shortness of Breath,Loss of Appetite,Skin Redness,Loss of Smell,Migraine
Skin Peeling,Loss of Smell,Chest Pain,Cough,Muscle Pain,Fatigue,Swollen Lymph Nodes,Unknown
Headache,Chills,Sore Throat,Abdominal Pain,Ear Pain,Loss of Appetite,High Blood Pressure,Unknown
Loss of Smell,Fever,Rapid Heart Rate,Runny Nose,Fatigue,Chills,Muscle Pain,Cold
Ear Pain,Swollen Lymph Nodes,Loss of Taste,Sweating,Low Blood Pressure,Fever,Loss of Appetite,Strep Throat
Chills,Vomiting,Shortness of Breath,Low Blood Pressure,Muscle Pain,Runny Nose,Loss of Smell,Cold
Diarrhea,Rash,Chills,Nausea,Ear Pain,Joint Pain,Weakness,Unknown
Blurred Vision,Vomiting,Sore Throat,Abdominal Pain,Weakness,Low Blood Pressure,Fatigue,Hypertension
Difficulty Swallowing,Abdominal Pain,Rash,Joint Pain,Dizziness,Skin Peeling,Diarrhea,Food Poisoning
Skin Peeling,Chills,Vomiting,Abdominal Pain,Skin Redness,Rash,Cough,Unknown
Shortness of Breath,Nausea,Fatigue,Vomiting,Ear Pain,Difficulty Swallowing,Loss of Appetite,Unknown
Diarrhea,Headache,Blurred Vision,Loss of Smell,Skin Redness,High Blood Pressure,Swollen Lymph Nodes,Scarlet Fever
Weakness,Vomiting,Sweating,Fever,Shortness of Breath,Chills,Skin Peeling,Unknown
Muscle Pain,Ear Pain,Low Blood Pressure,Sore Throat,Chest Pain,Loss of Smell,Nausea,Migraine
Loss of Appetite,Loss of Taste,Cough,Confusion,Dizziness,Difficulty Swallowing,Abdominal Pain,Unknown
Chest Pain,Skin Redness,Dizziness,Skin Peeling,Difficulty Swallowing,Rash,Headache,Unknown
Ear Pain,Abdominal Pain,Loss of Smell,Sore Throat,Dizziness,Sweating,Loss of Taste,COVID-19
Sore Throat,Low Blood Pressure,Skin Peeling,Loss of Appetite,Ear Pain,Fatigue,Runny Nose,Flu
Fatigue,Dizziness,Weakness,Joint Pain,Chills,Skin Peeling,Fever,Dengue
Runny Nose,Muscle Pain,Confusion,Joint Pain,Cough,Low Blood Pressure,Swollen Lymph Nodes,Pneumonia
Diarrhea,Difficulty Swallowing,Sore Throat,Fatigue,Runny Nose,Cough,High Blood Pressure,Hypertension
Headache,Loss of Appetite,Abdominal Pain,Swollen Lymph Nodes,Runny Nose,Difficulty Swallowing,Dizziness,Hypotension
Loss of Taste,Abdominal Pain,Weakness,Difficulty Swallowing,Vomiting,Sweating,Runny Nose,Typhoid
Swollen Lymph Nodes,Cough,Chills,Nausea,Low Blood Pressure,Vomiting,Difficulty Swallowing,Cold
Loss of Taste,Weakness,Headache,Fever,Muscle Pain,Swollen Lymph Nodes,Chills,Pneumonia
Headache,Swollen Lymph Nodes,Low Blood Pressure,Runny Nose,Rapid Heart Rate,Shortness of Breath,Rash,Dengue
Nausea,Difficulty Swallowing,Confusion,Vomiting,Abdominal Pain,Loss of Taste,Blurred Vision,Strep Throat
Runny Nose,Rash,Shortness of Breath,Low Blood Pressure,Weakness,Skin Peeling,Abdominal Pain,Unknown
Ear Pain,Headache,Fatigue,Chills,Skin Peeling,Diarrhea,Swollen Lymph Nodes,COVID-19
Loss of Smell,Skin Peeling,Rapid Heart Rate,Low Blood Pressure,Sore Throat,Dizziness,Headache,Unknown
Loss of Smell,High Blood Pressure,Loss of Taste,Diarrhea,Skin Redness,Low Blood Pressure,Joint Pain,Unknown
Low Blood Pressure,Skin Redness,Fatigue,Nausea,Blurred Vision,Skin Peeling,Loss of Appetite,Unknown
Swollen Lymph Nodes,Loss of Appetite,High Blood Pressure,Blurred Vision,Difficulty Swallowing,Shortness of Breath,Nausea,Unknown
Rapid Heart Rate,Fatigue,Low Blood Pressure,Cough,Sweating,Weakness,Nausea,Unknown
Low Blood Pressure,Shortness of Breath,Abdominal Pain,Loss of Taste,Ear Pain,Chest Pain,Nausea,Unknown
Runny Nose,Loss of Appetite,Low Blood Pressure,Confusion,Nausea,Loss of Taste,Rash,Unknown
Cough,Skin Redness,Rash,Joint Pain,Chest Pain,Nausea,Low Blood Pressure,Scarlet Fever
Weakness,Chest Pain,Dizziness,Rapid Heart Rate,Chills,Sweating,Blurred Vision,Malaria
Headache,Joint Pain,Weakness,Rapid Heart Rate,Skin Redness,Rash,Sweating,Flu
Ear Pain,Cough,Sweating,Headache,Confusion,High Blood Pressure,Skin Redness,Cold
Runny Nose,Skin Peeling,Rapid Heart Rate,Weakness,Nausea,Ear Pain,Sore Throat,Unknown
Runny Nose,Cough,Abdominal Pain,Shortness of Breath,Skin Redness,Diarrhea,Headache,Pneumonia
Skin Peeling,Loss of Taste,Blurred Vision,Skin Redness,Diarrhea,Difficulty Swallowing,Weakness,Food Poisoning
Vomiting,Loss of Appetite,Diarrhea,Dizziness,Blurred Vision,Confusion,Chills,Unknown
Rash,Skin Redness,Abdominal Pain,Diarrhea,Loss of Smell,Confusion,Joint Pain,Unknown
Runny Nose,Chest Pain,Loss of Taste,Fatigue,Chills,Weakness,Loss of Smell,Food Poisoning
Skin Redness,Chills,Headache,Vomiting,Cough,Runny Nose,Muscle Pain,Unknown
Low Blood Pressure,Weakness,Rapid Heart Rate,Skin Peeling,High Blood Pressure,Muscle Pain,Loss of Taste,Typhoid
Dizziness,Fatigue,Skin Peeling,Loss of Appetite,Weakness,Rapid Heart Rate,Shortness of Breath,Scarlet Fever
Sore Throat,Swollen Lymph Nodes,Skin Peeling,Fever,Fatigue,Rapid Heart Rate,Chest Pain,Flu
Weakness,Diarrhea,Fever,Dizziness,Rash,Blurred Vision,Swollen Lymph Nodes,Unknown
Joint Pain,Loss of Appetite,Confusion,Diarrhea,Vomiting,Chest Pain,Rapid Heart Rate,Unknown
Fever,Loss of Taste,Blurred Vision,Joint Pain,Swollen Lymph Nodes,Rash,Abdominal Pain,Meningitis
Muscle Pain,Blurred Vision,Confusion,Weakness,Runny Nose,Loss of Appetite,Abdominal Pain,Unknown
Confusion,Rash,High Blood Pressure,Diarrhea,Chills,Sore Throat,Sweating,Strep Throat
Fatigue,Joint Pain,Blurred Vision,Shortness of Breath,Ear Pain,Sore Throat,Rapid Heart Rate,Hypotension
Chest Pain,Skin Peeling,Joint Pain,Chills,Sore Throat,Loss of Smell,Weakness,Unknown
Fatigue,Loss of Appetite,Sore Throat,Nausea,Difficulty Swallowing,Swollen Lymph Nodes,Headache,Typhoid
Vomiting,Confusion,Headache,Shortness of Breath,Nausea,High Blood Pressure,Dizziness,Ear Infection
Nausea,Rash,Muscle Pain,Dizziness,Headache,Skin Redness,Chest Pain,Dengue
Skin Peeling,Cough,Rash,Vomiting,Blurred Vision,Shortness of Breath,Difficulty Swallowing,Unknown
Chest Pain,Blurred Vision,Rapid Heart Rate,Abdominal Pain,Muscle Pain,Headache,Chills,Migraine
Headache,Rapid Heart Rate,Skin Redness,Runny Nose,Diarrhea,High Blood Pressure,Loss of Smell,Cold
Abdominal Pain,Chills,Chest Pain,Loss of Taste,Runny Nose,Skin Peeling,Headache,Typhoid
Nausea,Difficulty Swallowing,Confusion,Runny Nose,Fatigue,Chest Pain,Joint Pain,Migraine
Chills,Sore Throat,Shortness of Breath,Abdominal Pain,Fever,Skin Redness,Loss of Appetite,Malaria
Loss of Appetite,Nausea,Abdominal Pain,Sore Throat,Headache,Swollen Lymph Nodes,Confusion,Hypertension
High Blood Pressure,Diarrhea,Abdominal Pain,Swollen Lymph Nodes,Headache,Chest Pain,Fatigue,Food Poisoning
Weakness,Cough,Fever,Runny Nose,Headache,Sweating,Chest Pain,Hypotension
Abdominal Pain,Fever,Loss of Appetite,Vomiting,Nausea,Joint Pain,Cough,Flu
Skin Redness,High Blood Pressure,Loss of Taste,Chest Pain,Confusion,Sweating,Joint Pain,COVID-19
Abdominal Pain,Sweating,Nausea,Skin Redness,Swollen Lymph Nodes,Difficulty Swallowing,Rapid Heart Rate,Hypotension
Vomiting,Chills,Rash,Skin Peeling,Headache,Sweating,Weakness,Dengue
Skin Redness,Chest Pain,Low Blood Pressure,High Blood Pressure,Shortness of Breath,Loss of Taste,Headache,Flu
Ear Pain,Weakness,Difficulty Swallowing,Joint Pain,Skin Peeling,Blurred Vision,Low Blood Pressure,Ear Infection
Fever,Difficulty Swallowing,Diarrhea,Joint Pain,Runny Nose,High Blood Pressure,Dizziness,Hypertension
Loss of Appetite,Skin Peeling,Runny Nose,Diarrhea,Shortness of Breath,Dizziness,Blurred Vision,Food Poisoning
Difficulty Swallowing,Loss of Taste,Skin Redness,Vomiting,Shortness of Breath,Abdominal Pain,Headache,Dengue
Fatigue,Rash,Chest Pain,Difficulty Swallowing,Weakness,Blurred Vision,Loss of Smell,Flu
Confusion,Blurred Vision,Sweating,Ear Pain,Low Blood Pressure,Rash,High Blood Pressure,Unknown
Loss of Smell,Loss of Appetite,Abdominal Pain,Weakness,Skin Redness,Rapid Heart Rate,Shortness of Breath,Pneumonia
Difficulty Swallowing,Shortness of Breath,Confusion,Sweating,Rash,Fatigue,Muscle Pain,Typhoid
Cough,Headache,Fever,Nausea,Loss of Taste,Muscle Pain,Low Blood Pressure,Strep Throat
Sore Throat,Loss of Taste,Joint Pain,Skin Peeling,Difficulty Swallowing,Blurred Vision,Fever,Malaria
Rash,Vomiting,Muscle Pain,Chest Pain,Chills,Fatigue,Ear Pain,Unknown
Sweating,Rapid Heart Rate,Skin Redness,Headache,Confusion,Cough,Vomiting,Ear Infection
Chills,Headache,Ear Pain,Loss of Taste,Skin Peeling,Vomiting,Skin Redness,Malaria
Difficulty Swallowing,Fatigue,Skin Peeling,Confusion,Weakness,Headache,Sore Throat,Migraine
High Blood Pressure,Sore Throat,Loss of Smell,Vomiting,Cough,Loss of Appetite,Abdominal Pain,Unknown
Dizziness,Low Blood Pressure,Difficulty Swallowing,Runny Nose,Loss of Appetite,Loss of Taste,Chills,Migraine
Weakness,Confusion,Rapid Heart Rate,Rash,Diarrhea,Shortness of Breath,Nausea,Food Poisoning
Low Blood Pressure,Abdominal Pain,High Blood Pressure,Blurred Vision,Chills,Sweating,Ear Pain,Unknown
Weakness,Shortness of Breath,Difficulty Swallowing,Confusion,Swollen Lymph Nodes,Chest Pain,Fatigue,Strep Throat
Skin Redness,Abdominal Pain,Confusion,Sweating,Chills,Fatigue,Difficulty Swallowing,Unknown
Sweating,Diarrhea,Skin Peeling,Loss of Appetite,Loss of Smell,Confusion,Weakness,Unknown
Weakness,Rash,Chills,Loss of Taste,Cough,Ear Pain,Sore Throat,Unknown
Vomiting,Swollen Lymph Nodes,Abdominal Pain,Ear Pain,Cough,Runny Nose,Chills,Strep Throat
Fever,Shortness of Breath,Loss of Appetite,Abdominal Pain,Headache,Ear Pain,Swollen Lymph Nodes,Pneumonia
Sore Throat,Vomiting,Weakness,Muscle Pain,Fatigue,Chills,Loss of Appetite,Hypertension
Rapid Heart Rate,High Blood Pressure,Swollen Lymph Nodes,Nausea,Joint Pain,Diarrhea,Cough,Meningitis
Nausea,Rash,Difficulty Swallowing,Loss of Taste,Cough,Rapid Heart Rate,Swollen Lymph Nodes,Unknown
High Blood Pressure,Dizziness,Chest Pain,Nausea,Fatigue,Abdominal Pain,Rapid Heart Rate,Migraine
High Blood Pressure,Joint Pain,Loss of Taste,Low Blood Pressure,Skin Peeling,Skin Redness,Abdominal Pain,Hypotension
Muscle Pain,Abdominal Pain,Chills,Joint Pain,Loss of Smell,Skin Redness,Weakness,COVID-19
Skin Peeling,Dizziness,Loss of Appetite,Rash,Low Blood Pressure,Joint Pain,Muscle Pain,Dengue
Loss of Appetite,Diarrhea,Runny Nose,Chills,Loss of Taste,Shortness of Breath,Difficulty Swallowing,Pneumonia
Rash,Ear Pain,Shortness of Breath,Low Blood Pressure,Dizziness,Difficulty Swallowing,Diarrhea,Unknown
Chest Pain,Cough,Diarrhea,Fatigue,Weakness,Shortness of Breath,Nausea,Unknown
Dizziness,Blurred Vision,Rash,Ear Pain,Skin Peeling,Weakness,Loss of Smell,Unknown
Weakness,Nausea,Swollen Lymph Nodes,Loss of Appetite,Rapid Heart Rate,Fatigue,Cough,Unknown
Swollen Lymph Nodes,Fever,Cough,Confusion,Vomiting,Sweating,Muscle Pain,Malaria
Blurred Vision,High Blood Pressure,Nausea,Fatigue,Sore Throat,Skin Peeling,Joint Pain,Unknown
Rash,Chills,Low Blood Pressure,Swollen Lymph Nodes,Ear Pain,Dizziness,Skin Redness,Dengue
Fatigue,Cough,High Blood Pressure,Runny Nose,Confusion,Ear Pain,Rash,Hypertension
Blurred Vision,Abdominal Pain,Sweating,High Blood Pressure,Fever,Cough,Skin Peeling,Flu
Low Blood Pressure,Loss of Taste,Diarrhea,Confusion,Loss of Smell,Abdominal Pain,Shortness of Breath,Unknown
Vomiting,Dizziness,Fever,Difficulty Swallowing,High Blood Pressure,Weakness,Nausea,Typhoid
Shortness of Breath,Low Blood Pressure,Loss of Smell,Swollen Lymph Nodes,Sore Throat,High Blood Pressure,Fever,Ear Infection
Vomiting,Shortness of Breath,Sore Throat,Ear Pain,Confusion,Muscle Pain,Fever,Malaria
Weakness,Headache,Sore Throat,Difficulty Swallowing,Skin Redness,Joint Pain,Confusion,Hypotension
Muscle Pain,Swollen Lymph Nodes,Loss of Appetite,Ear Pain,Diarrhea,Cough,Runny Nose,Unknown
Vomiting,Skin Redness,Loss of Smell,Loss of Taste,Rapid Heart Rate,Weakness,Difficulty Swallowing,Strep Throat
Skin Redness,Rapid Heart Rate,Confusion,Chest Pain,Blurred Vision,Abdominal Pain,Shortness of Breath,Pneumonia
Confusion,Skin Peeling,Skin Redness,Joint Pain,Headache,Loss of Appetite,Diarrhea,Typhoid
Nausea,Skin Redness,Sweating,Joint Pain,High Blood Pressure,Blurred Vision,Rash,Scarlet Fever
Loss of Smell,Low Blood Pressure,Sweating,Ear Pain,Loss of Appetite,Runny Nose,Joint Pain,COVID-19
Blurred Vision,High Blood Pressure,Chills,Swollen Lymph Nodes,Nausea,Muscle Pain,Runny Nose,Unknown
Joint Pain,Chest Pain,Headache,Shortness of Breath,Blurred Vision,Loss of Smell,Diarrhea,Meningitis
Weakness,Low Blood Pressure,Chills,Skin Peeling,Loss of Appetite,Sweating,Skin Redness,Unknown
Difficulty Swallowing,Skin Peeling,Fever,High Blood Pressure,Confusion,Vomiting,Muscle Pain,Scarlet Fever
Skin Redness,Rapid Heart Rate,Headache,High Blood Pressure,Vomiting,Swollen Lymph Nodes,Shortness of Breath,Pneumonia
Loss of Taste,Loss of Smell,Rapid Heart Rate,Nausea,Cough,Sweating,Dizziness,Food Poisoning
Weakness,Cough,Low Blood Pressure,Skin Peeling,Muscle Pain,Ear Pain,Loss of Smell,Unknown
Vomiting,Skin Redness,Headache,Muscle Pain,Cough,Weakness,Rash,Malaria
Vomiting,Skin Redness,Loss of Taste,Loss of Appetite,High Blood Pressure,Confusion,Blurred Vision,Unknown
Loss of Smell,Skin Redness,Sore Throat,Chest Pain,Rash,Weakness,Vomiting,Typhoid
High Blood Pressure,Rash,Rapid Heart Rate,Low Blood Pressure,Joint Pain,Loss of Taste,Confusion,Unknown
Muscle Pain,Loss of Appetite,Weakness,Abdominal Pain,Blurred Vision,Diarrhea,Nausea,Typhoid
Shortness of Breath,Nausea,Low Blood Pressure,Chills,Confusion,Skin Redness,Cough,Pneumonia
High Blood Pressure,Abdominal Pain,Headache,Diarrhea,Dizziness,Low Blood Pressure,Rapid Heart Rate,Ear Infection
Abdominal Pain,Swollen Lymph Nodes,Sweating,Rapid Heart Rate,Chest Pain,Runny Nose,Muscle Pain,Food Poisoning
Difficulty Swallowing,Loss of Appetite,Skin Peeling,Chest Pain,Sweating,Rash,Runny Nose,Ear Infection
Shortness of Breath,Cough,Runny Nose,Chills,Rapid Heart Rate,Sweating,Loss of Appetite,Unknown
Blurred Vision,Fatigue,Chest Pain,Dizziness,Swollen Lymph Nodes,Rapid Heart Rate,Difficulty Swallowing,Food Poisoning
Difficulty Swallowing,Loss of Appetite,Headache,Blurred Vision,Joint Pain,Rapid Heart Rate,Nausea,Unknown
Difficulty Swallowing,Ear Pain,Dizziness,Fever,Weakness,Rapid Heart Rate,Confusion,Unknown
Nausea,Ear Pain,Chills,Rapid Heart Rate,Dizziness,Abdominal Pain,Swollen Lymph Nodes,Unknown
Chest Pain,Fever,Fatigue,Rash,Weakness,Swollen Lymph Nodes,Sore Throat,Strep Throat
Shortness of Breath,Difficulty Swallowing,Swollen Lymph Nodes,Sore Throat,Skin Redness,Loss of Taste,Abdominal Pain,Food Poisoning
Loss of Taste,Sore Throat,Low Blood Pressure,Runny Nose,Dizziness,Abdominal Pain,Shortness of Breath,Migraine
Runny Nose,Loss of Smell,Diarrhea,Loss of Appetite,Difficulty Swallowing,Sore Throat,Blurred Vision,Ear Infection
Headache,Swollen Lymph Nodes,Joint Pain,Sore Throat,High Blood Pressure,Weakness,Fatigue,Migraine
Headache,Loss of Appetite,Rapid Heart Rate,Sweating,Rash,Abdominal Pain,Sore Throat,COVID-19
Vomiting,Swollen Lymph Nodes,Weakness,Loss of Smell,Rapid Heart Rate,Ear Pain,Runny Nose,Food Poisoning
Skin Peeling,Headache,Diarrhea,Swollen Lymph Nodes,Vomiting,Nausea,Low Blood Pressure,Migraine
Muscle Pain,Weakness,Swollen Lymph Nodes,Rash,Shortness of Breath,Nausea,Diarrhea,Food Poisoning
Sweating,Muscle Pain,Nausea,Diarrhea,Chills,Cough,Difficulty Swallowing,Dengue
Chills,Low Blood Pressure,Nausea,Skin Peeling,Diarrhea,Abdominal Pain,Chest Pain,Unknown
Skin Peeling,Swollen Lymph Nodes,Ear Pain,High Blood Pressure,Sore Throat,Confusion,Loss of Taste,Cold
Rash,Skin Redness,Rapid Heart Rate,Diarrhea,Fever,Dizziness,Fatigue,Ear Infection
Sore Throat,Skin Redness,Rapid Heart Rate,Confusion,Swollen Lymph Nodes,Dizziness,Loss of Taste,Unknown
Shortness of Breath,Chills,Loss of Taste,Weakness,Confusion,Low Blood Pressure,Diarrhea,Unknown
Loss of Smell,Ear Pain,Vomiting,Loss of Taste,Chest Pain,Fever,Sore Throat,Strep Throat
Weakness,Loss of Appetite,Rapid Heart Rate,Shortness of Breath,Skin Peeling,Cough,Skin Redness,Malaria
Dizziness,Runny Nose,Loss of Smell,Abdominal Pain,Swollen Lymph Nodes,Blurred Vision,Chest Pain,Unknown
Chest Pain,Rapid Heart Rate,Swollen Lymph Nodes,Confusion,Muscle Pain,Skin Redness,Runny Nose,Strep Throat
Joint Pain,Fever,Dizziness,Headache,Skin Redness,Sweating,Sore Throat,Strep Throat
Cough,High Blood Pressure,Confusion,Dizziness,Loss of Smell,Muscle Pain,Sweating,Unknown
Nausea,Fatigue,Cough,Vomiting,Rash,Loss of Smell,Difficulty Swallowing,Meningitis
Shortness of Breath,Cough,Rapid Heart Rate,High Blood Pressure,Nausea,Confusion,Dizziness,Food Poisoning
Sweating,Nausea,Weakness,Blurred Vision,Skin Peeling,Sore Throat,Chills,Unknown
Sore Throat,Blurred Vision,Muscle Pain,Ear Pain,Chills,Chest Pain,Rash,Unknown
Loss of Smell,Blurred Vision,Difficulty Swallowing,Low Blood Pressure,Loss of Appetite,Nausea,Runny Nose,Unknown
Loss of Smell,Confusion,Low Blood Pressure,Headache,Runny Nose,Vomiting,Sore Throat,Hypotension
Weakness,Dizziness,Fever,Ear Pain,Loss of Taste,Headache,Runny Nose,Dengue
Loss of Appetite,Headache,Skin Peeling,Confusion,Cough,Skin Redness,Runny Nose,Scarlet Fever
Loss of Appetite,Weakness,Loss of Smell,Rapid Heart Rate,Joint Pain,Sore Throat,High Blood Pressure,Dengue
Skin Peeling,Fever,Skin Redness,Swollen Lymph Nodes,Shortness of Breath,Rash,Nausea,Pneumonia
Muscle Pain,Chest Pain,Rash,Sweating,Fever,Diarrhea,Confusion,Flu
Abdominal Pain,Joint Pain,Fatigue,Skin Redness,Loss of Appetite,Sore Throat,Headache,Strep Throat
Headache,Joint Pain,Confusion,Chills,Nausea,Loss of Appetite,Runny Nose,Ear Infection
Ear Pain,Cough,Chest Pain,Skin Redness,Rapid Heart Rate,Diarrhea,Vomiting,Unknown
Difficulty Swallowing,Low Blood Pressure,Headache,Runny Nose,Abdominal Pain,Loss of Appetite,Shortness of Breath,Hypotension
Loss of Smell,Cough,Swollen Lymph Nodes,High Blood Pressure,Skin Redness,Difficulty Swallowing,Fatigue,Scarlet Fever
Skin Peeling,Blurred Vision,High Blood Pressure,Joint Pain,Cough,Vomiting,Abdominal Pain,Typhoid
Rash,Shortness of Breath,Joint Pain,Abdominal Pain,Chills,Fatigue,Difficulty Swallowing,Flu
Diarrhea,Vomiting,Rash,Shortness of Breath,Abdominal Pain,Joint Pain,Loss of Taste,Unknown
Sore Throat,Difficulty Swallowing,Fatigue,Joint Pain,Confusion,Dizziness,Blurred Vision,Typhoid
High Blood Pressure,Joint Pain,Difficulty Swallowing,Chest Pain,Cough,Skin Redness,Loss of Smell,Unknown
Difficulty Swallowing,Skin Peeling,Diarrhea,Cough,Dizziness,Chills,Weakness,Strep Throat
Swollen Lymph Nodes,Weakness,Joint Pain,Runny Nose,Abdominal Pain,Ear Pain,Chest Pain,Food Poisoning
Vomiting,Chills,Loss of Appetite,Difficulty Swallowing,Muscle Pain,High Blood Pressure,Joint Pain,Ear Infection
Loss of Smell,Dizziness,Weakness,Confusion,Fatigue,Sweating,Blurred Vision,Hypertension
Sore Throat,Rash,Confusion,Loss of Smell,Dizziness,Blurred Vision,Headache,Unknown
Vomiting,Difficulty Swallowing,Joint Pain,Low Blood Pressure,Loss of Appetite,Dizziness,Chills,Typhoid
Rapid Heart Rate,Muscle Pain,Headache,Joint Pain,Sore Throat,Nausea,Skin Redness,Unknown
Muscle Pain,High Blood Pressure,Cough,Chest Pain,Shortness of Breath,Confusion,Fever,Scarlet Fever
Chest Pain,Sweating,Skin Redness,Chills,Loss of Appetite,Loss of Smell,Weakness,Unknown
Loss of Taste,Skin Peeling,Low Blood Pressure,Vomiting,Sore Throat,Diarrhea,Nausea,Cold
Rash,Fever,Low Blood Pressure,Runny Nose,Skin Peeling,Chills,Ear Pain,COVID-19
Blurred Vision,High Blood Pressure,Chest Pain,Nausea,Shortness of Breath,Sore Throat,Loss of Smell,Migraine
Fatigue,Joint Pain,Loss of Taste,Dizziness,Low Blood Pressure,Muscle Pain,Confusion,Dengue
Joint Pain,Chest Pain,Confusion,Vomiting,Loss of Taste,Sore Throat,Loss of Smell,Dengue
Blurred Vision,Skin Redness,Swollen Lymph Nodes,Shortness of Breath,Ear Pain,Low Blood Pressure,Skin Peeling,Migraine
Joint Pain,Fever,Dizziness,Rapid Heart Rate,Cough,Skin Peeling,Ear Pain,Meningitis
Shortness of Breath,Chest Pain,Loss of Taste,Nausea,Rapid Heart Rate,Diarrhea,Muscle Pain,Unknown
Skin Redness,Loss of Appetite,Confusion,Sweating,Loss of Taste,Sore Throat,Cough,Pneumonia
Low Blood Pressure,Chest Pain,Rash,Sore Throat,Nausea,Cough,Skin Peeling,Unknown
High Blood Pressure,Abdominal Pain,Headache,Diarrhea,Skin Peeling,Rapid Heart Rate,Chills,Ear Infection
Low Blood Pressure,Muscle Pain,Loss of Appetite,Nausea,Dizziness,Rash,Confusion,Food Poisoning
Sweating,High Blood Pressure,Weakness,Muscle Pain,Skin Redness,Low Blood Pressure,Loss of Appetite,Dengue
Abdominal Pain,Cough,Swollen Lymph Nodes,Dizziness,Difficulty Swallowing,Loss of Taste,Headache,Cold
Abdominal Pain,Rapid Heart Rate,Loss of Appetite,Shortness of Breath,Nausea,Diarrhea,Confusion,Hypotension
Confusion,Muscle Pain,Vomiting,Abdominal Pain,Loss of Appetite,Rapid Heart Rate,Chills,Food Poisoning
Shortness of Breath,Weakness,Dizziness,Blurred Vision,Diarrhea,Loss of Appetite,Rash,Unknown
Runny Nose,Shortness of Breath,Weakness,Diarrhea,Joint Pain,Fever,Sore Throat,COVID-19
Rapid Heart Rate,Sweating,Chest Pain,High Blood Pressure,Muscle Pain,Rash,Difficulty Swallowing,Unknown
Diarrhea,Swollen Lymph Nodes,Rash,Ear Pain,Fever,Dizziness,Loss of Smell,Scarlet Fever
Chest Pain,Shortness of Breath,Weakness,Muscle Pain,Low Blood Pressure,Sore Throat,Vomiting,Unknown
Confusion,Joint Pain,Chest Pain,Nausea,Fatigue,Difficulty Swallowing,Vomiting,COVID-19
Skin Redness,Loss of Appetite,Rash,Shortness of Breath,Dizziness,High Blood Pressure,Difficulty Swallowing,Unknown
Ear Pain,Sweating,Low Blood Pressure,Rapid Heart Rate,Weakness,Shortness of Breath,Loss of Taste,COVID-19
Low Blood Pressure,Ear Pain,Muscle Pain,Skin Peeling,Loss of Taste,Runny Nose,Loss of Appetite,Hypotension
Abdominal Pain,Sore Throat,Joint Pain,Confusion,Loss of Taste,Weakness,Loss of Smell,Unknown
Difficulty Swallowing,Loss of Appetite,Low Blood Pressure,Cough,Chills,Nausea,Headache,Cold
Muscle Pain,Nausea,Sweating,Shortness of Breath,Chest Pain,Fatigue,Runny Nose,Migraine
Cough,High Blood Pressure,Chills,Joint Pain,Sore Throat,Skin Redness,Dizziness,Cold
Loss of Smell,Rash,Fever,Joint Pain,Shortness of Breath,Nausea,Low Blood Pressure,Meningitis
Dizziness,Fever,Fatigue,Headache,Blurred Vision,Abdominal Pain,Rash,Hypotension
Runny Nose,Joint Pain,Loss of Smell,Low Blood Pressure,Dizziness,Weakness,Chest Pain,Malaria
Muscle Pain,Joint Pain,Loss of Appetite,Shortness of Breath,Diarrhea,Skin Redness,Difficulty Swallowing,Dengue
Loss of Appetite,Swollen Lymph Nodes,Ear Pain,Fatigue,Sore Throat,Runny Nose,Chills,Flu
Confusion,Cough,Dizziness,Skin Redness,Ear Pain,Runny Nose,Rapid Heart Rate,Unknown
Rash,Abdominal Pain,Sweating,Ear Pain,Weakness,Muscle Pain,Skin Peeling,Unknown
Chills,Skin Redness,Loss of Smell,Swollen Lymph Nodes,Blurred Vision,Abdominal Pain,Skin Peeling,Malaria
Abdominal Pain,Vomiting,Joint Pain,Chest Pain,Blurred Vision,Nausea,Chills,Unknown
Low Blood Pressure,Fever,Abdominal Pain,Chills,Loss of Appetite,Sore Throat,Dizziness,Strep Throat
High Blood Pressure,Fatigue,Weakness,Joint Pain,Nausea,Confusion,Shortness of Breath,Unknown
Dizziness,Vomiting,Joint Pain,Skin Redness,Headache,Loss of Appetite,Difficulty Swallowing,Dengue
Cough,Fatigue,Nausea,Weakness,Chest Pain,Vomiting,Difficulty Swallowing,Typhoid
Loss of Taste,Cough,Swollen Lymph Nodes,Fatigue,Low Blood Pressure,Chills,Headache,COVID-19
Weakness,Cough,Headache,Rapid Heart Rate,Runny Nose,Shortness of Breath,Chills,Hypertension
Vomiting,Blurred Vision,Dizziness,Shortness of Breath,Rapid Heart Rate,Loss of Smell,Weakness,Unknown
Blurred Vision,Low Blood Pressure,Nausea,Fatigue,Dizziness,Loss of Taste,Diarrhea,Food Poisoning
Low Blood Pressure,Rapid Heart Rate,Joint Pain,Ear Pain,Blurred Vision,Headache,Runny Nose,Ear Infection
Headache,Difficulty Swallowing,Chest Pain,High Blood Pressure,Weakness,Joint Pain,Loss of Appetite,Hypotension
Fever,Headache,Loss of Smell,Joint Pain,Diarrhea,Loss of Appetite,Sore Throat,Cold
Cough,Blurred Vision,Runny Nose,Rapid Heart Rate,Skin Peeling,Weakness,Sore Throat,Unknown
Fatigue,Loss of Taste,Vomiting,Muscle Pain,Abdominal Pain,Skin Peeling,Skin Redness,Dengue
Low Blood Pressure,Skin Peeling,Rapid Heart Rate,High Blood Pressure,Nausea,Chest Pain,Shortness of Breath,Unknown
Skin Redness,High Blood Pressure,Nausea,Fatigue,Loss of Smell,Blurred Vision,Diarrhea,Cold
Loss of Taste,Abdominal Pain,Shortness of Breath,Ear Pain,Fatigue,Joint Pain,Cough,Dengue
Sore Throat,Blurred Vision,Skin Peeling,Nausea,Vomiting,Chills,Loss of Taste,Unknown
Dizziness,High Blood Pressure,Ear Pain,Headache,Nausea,Fever,Blurred Vision,Meningitis
Cough,Shortness of Breath,Chest Pain,Swollen Lymph Nodes,Dizziness,Confusion,Skin Redness,COVID-19
Loss of Appetite,Headache,Diarrhea,High Blood Pressure,Skin Peeling,Runny Nose,Loss of Taste,Malaria
Loss of Appetite,Low Blood Pressure,Chills,Diarrhea,Fatigue,Loss of Taste,Difficulty Swallowing,Unknown
High Blood Pressure,Difficulty Swallowing,Confusion,Loss of Taste,Sweating,Rash,Rapid Heart Rate,Unknown
High Blood Pressure,Runny Nose,Sweating,Muscle Pain,Fever,Swollen Lymph Nodes,Confusion,Scarlet Fever
Weakness,Skin Peeling,Vomiting,Abdominal Pain,High Blood Pressure,Loss of Appetite,Ear Pain,Unknown
Loss of Appetite,Skin Peeling,Headache,Low Blood Pressure,Runny Nose,Vomiting,Nausea,Cold
Skin Peeling,Loss of Taste,Low Blood Pressure,Runny Nose,Sore Throat,Rapid Heart Rate,Headache,Hypotension
Skin Redness,Shortness of Breath,Difficulty Swallowing,Loss of Appetite,Joint Pain,Abdominal Pain,Nausea,Unknown
Ear Pain,Weakness,Sore Throat,Diarrhea,Skin Peeling,High Blood Pressure,Fatigue,Unknown
High Blood Pressure,Ear Pain,Low Blood Pressure,Muscle Pain,Blurred Vision,Headache,Rapid Heart Rate,Migraine
Loss of Smell,Chills,Sore Throat,Sweating,Confusion,Skin Peeling,Dizziness,Hypotension
High Blood Pressure,Confusion,Rash,Sore Throat,Cough,Difficulty Swallowing,Sweating,Scarlet Fever
Blurred Vision,Muscle Pain,Cough,Runny Nose,Sweating,Fatigue,Chest Pain,Migraine
Blurred Vision,Ear Pain,Confusion,Muscle Pain,Cough,Difficulty Swallowing,Chills,Malaria
Chest Pain,Low Blood Pressure,Rash,Sore Throat,Chills,Abdominal Pain,Ear Pain,Strep Throat
Confusion,Loss of Appetite,Blurred Vision,Headache,High Blood Pressure,Low Blood Pressure,Abdominal Pain,Hypertension
Loss of Smell,Weakness,Fatigue,Runny Nose,Sore Throat,Loss of Appetite,Muscle Pain,Unknown
Swollen Lymph Nodes,Vomiting,Loss of Taste,Rapid Heart Rate,Sweating,Muscle Pain,Dizziness,Malaria
Loss of Taste,Nausea,Chest Pain,Cough,Runny Nose,Fatigue,Low Blood Pressure,Hypertension
Shortness of Breath,Fever,Loss of Appetite,Sweating,Joint Pain,Difficulty Swallowing,Chills,Unknown
Weakness,Fever,Skin Peeling,Difficulty Swallowing,Shortness of Breath,Joint Pain,Low Blood Pressure,Ear Infection
Loss of Taste,Weakness,Low Blood Pressure,Shortness of Breath,Vomiting,Rapid Heart Rate,Ear Pain,Typhoid
Rapid Heart Rate,Dizziness,Low Blood Pressure,Fever,Shortness of Breath,Headache,Muscle Pain,Unknown
Loss of Taste,Sore Throat,Swollen Lymph Nodes,Low Blood Pressure,Joint Pain,Shortness of Breath,Confusion,Hypotension
Skin Peeling,Joint Pain,Weakness,Ear Pain,Sweating,Fever,Loss of Appetite,Unknown
Runny Nose,Fever,Blurred Vision,Sweating,Muscle Pain,Sore Throat,Fatigue,Pneumonia
Ear Pain,Chest Pain,Fatigue,High Blood Pressure,Sweating,Rapid Heart Rate,Confusion,Unknown
Skin Peeling,Dizziness,Fatigue,Diarrhea,Abdominal Pain,Weakness,Low Blood Pressure,Unknown
Swollen Lymph Nodes,Abdominal Pain,Cough,Confusion,Loss of Appetite,Chest Pain,Joint Pain,Typhoid
High Blood Pressure,Difficulty Swallowing,Shortness of Breath,Nausea,Runny Nose,Skin Redness,Loss of Smell,Meningitis
Nausea,Cough,Rapid Heart Rate,Loss of Appetite,Sweating,Weakness,Diarrhea,Food Poisoning
Skin Peeling,Skin Redness,Dizziness,Chills,Blurred Vision,Nausea,Ear Pain,Unknown
Muscle Pain,Abdominal Pain,Chest Pain,Joint Pain,Difficulty Swallowing,Skin Peeling,Diarrhea,Strep Throat
Loss of Taste,Ear Pain,Rash,Joint Pain,Swollen Lymph Nodes,Rapid Heart Rate,Loss of Appetite,Dengue
Headache,Runny Nose,Blurred Vision,Joint Pain,High Blood Pressure,Low Blood Pressure,Diarrhea,Unknown
Skin Peeling,Ear Pain,Headache,Rapid Heart Rate,Shortness of Breath,Weakness,Confusion,Pneumonia
Chills,Skin Peeling,Headache,Dizziness,Nausea,Ear Pain,Fatigue,Malaria
Swollen Lymph Nodes,Rash,Vomiting,Nausea,Blurred Vision,Abdominal Pain,Difficulty Swallowing,Unknown
Confusion,Sore Throat,High Blood Pressure,Chills,Low Blood Pressure,Difficulty Swallowing,Swollen Lymph Nodes,Flu
Fever,Rash,Blurred Vision,Weakness,Joint Pain,Runny Nose,Low Blood Pressure,Unknown
High Blood Pressure,Vomiting,Cough,Fatigue,Diarrhea,Swollen Lymph Nodes,Abdominal Pain,Pneumonia
Vomiting,Rapid Heart Rate,Low Blood Pressure,Dizziness,Chills,Loss of Taste,Shortness of Breath,Migraine
Cough,Low Blood Pressure,Vomiting,Ear Pain,Loss of Appetite,Joint Pain,Skin Peeling,Unknown
Shortness of Breath,Ear Pain,Sweating,Fatigue,Runny Nose,Loss of Taste,Nausea,Malaria
Difficulty Swallowing,Low Blood Pressure,Headache,Skin Peeling,Fever,Skin Redness,Joint Pain,Dengue
Vomiting,Skin Redness,Runny Nose,Weakness,Low Blood Pressure,Headache,Sweating,Malaria
Vomiting,Confusion,Skin Peeling,Weakness,Fever,Loss of Taste,Headache,Food Poisoning
Blurred Vision,Fatigue,Dizziness,Sweating,Vomiting,Joint Pain,Skin Peeling,Flu
Rash,Weakness,Nausea,Cough,Sore Throat,Ear Pain,Confusion,Ear Infection
Confusion,Low Blood Pressure,Rapid Heart Rate,Blurred Vision,High Blood Pressure,Rash,Weakness,Malaria
Weakness,Blurred Vision,Ear Pain,Shortness of Breath,Rapid Heart Rate,Muscle Pain,Loss of Appetite,Unknown
Dizziness,Low Blood Pressure,Rapid Heart Rate,Weakness,Blurred Vision,Muscle Pain,Swollen Lymph Nodes,Unknown
Blurred Vision,Swollen Lymph Nodes,Abdominal Pain,Rash,High Blood Pressure,Rapid Heart Rate,Muscle Pain,Migraine
Sweating,Abdominal Pain,High Blood Pressure,Chest Pain,Joint Pain,Weakness,Confusion,Dengue
Loss of Smell,Vomiting,Chills,Sweating,Difficulty Swallowing,Sore Throat,Muscle Pain,Malaria
High Blood Pressure,Weakness,Fatigue,Skin Redness,Fever,Nausea,Loss of Taste,Meningitis
Fatigue,Dizziness,Sore Throat,Chills,Shortness of Breath,Skin Peeling,Blurred Vision,Unknown
Blurred Vision,Sore Throat,Abdominal Pain,Joint Pain,Swollen Lymph Nodes,Rash,Shortness of Breath,Unknown
Sweating,Loss of Smell,Confusion,Sore Throat,Diarrhea,Shortness of Breath,Difficulty Swallowing,Unknown
Fatigue,High Blood Pressure,Low Blood Pressure,Rash,Fever,Blurred Vision,Confusion,Hypertension
Headache,Loss of Taste,Ear Pain,Vomiting,Skin Peeling,Fatigue,Runny Nose,Scarlet Fever
Ear Pain,Headache,Nausea,Skin Redness,Vomiting,Skin Peeling,Chest Pain,Unknown
Loss of Smell,Chills,High Blood Pressure,Fatigue,Sore Throat,Cough,Diarrhea,COVID-19
Abdominal Pain,Difficulty Swallowing,Loss of Taste,Low Blood Pressure,Skin Redness,Loss of Smell,Chills,Unknown
Dizziness,Vomiting,Confusion,Muscle Pain,Blurred Vision,Cough,Abdominal Pain,Unknown
Chills,Loss of Smell,Diarrhea,Muscle Pain,Cough,Abdominal Pain,Difficulty Swallowing,Typhoid
Low Blood Pressure,Chest Pain,Weakness,Chills,Confusion,Swollen Lymph Nodes,Headache,Malaria
Diarrhea,Confusion,Chest Pain,Sore Throat,Chills,High Blood Pressure,Fatigue,Typhoid
Loss of Appetite,Loss of Taste,Skin Redness,Sweating,Fatigue,Loss of Smell,Runny Nose,Unknown
Swollen Lymph Nodes,Loss of Taste,Rapid Heart Rate,High Blood Pressure,Loss of Appetite,Chest Pain,Runny Nose,COVID-19
Confusion,Loss of Taste,Blurred Vision,Difficulty Swallowing,Rapid Heart Rate,Rash,Low Blood Pressure,Ear Infection
Difficulty Swallowing,Runny Nose,Skin Peeling,Sweating,Chest Pain,Headache,Ear Pain,Unknown
Swollen Lymph Nodes,Confusion,Sore Throat,Diarrhea,Blurred Vision,Cough,Rapid Heart Rate,Pneumonia
Sweating,Dizziness,Headache,Rapid Heart Rate,Nausea,Joint Pain,Shortness of Breath,Migraine
Weakness,Vomiting,Ear Pain,Nausea,Dizziness,Difficulty Swallowing,Shortness of Breath,Unknown
Abdominal Pain,Muscle Pain,Loss of Taste,Runny Nose,Weakness,High Blood Pressure,Fatigue,Typhoid
Skin Peeling,Confusion,Fever,Chest Pain,Fatigue,Sweating,Joint Pain,Strep Throat
Confusion,Blurred Vision,Muscle Pain,Nausea,Vomiting,Low Blood Pressure,High Blood Pressure,Unknown
Fever,Headache,Muscle Pain,Abdominal Pain,Ear Pain,Nausea,Diarrhea,COVID-19
Runny Nose,Loss of Appetite,Loss of Smell,Swollen Lymph Nodes,Rash,Nausea,Muscle Pain,Unknown
Skin Redness,Sweating,Ear Pain,Sore Throat,Abdominal Pain,Muscle Pain,Swollen Lymph Nodes,Unknown
Muscle Pain,Abdominal Pain,Ear Pain,Shortness of Breath,Rapid Heart Rate,Sore Throat,Confusion,Food Poisoning
Chills,Headache,Difficulty Swallowing,Muscle Pain,Diarrhea,Fatigue,Cough,Cold
Weakness,Sweating,Joint Pain,Skin Redness,Sore Throat,Loss of Taste,Blurred Vision,Unknown
Low Blood Pressure,Skin Peeling,Vomiting,Chest Pain,Nausea,Dizziness,Diarrhea,Scarlet Fever
Fatigue,Chills,Low Blood Pressure,Blurred Vision,Confusion,Rapid Heart Rate,Loss of Smell,Migraine
Skin Peeling,Difficulty Swallowing,Runny Nose,Vomiting,Chest Pain,Skin Redness,Cough,Strep Throat
Sweating,High Blood Pressure,Dizziness,Headache,Loss of Taste,Rash,Skin Peeling,Dengue
Chills,Rapid Heart Rate,Joint Pain,Fatigue,Loss of Taste,Runny Nose,Abdominal Pain,Unknown
Loss of Taste,Joint Pain,Ear Pain,Confusion,Loss of Smell,Dizziness,Fever,COVID-19
Headache,Nausea,Fatigue,Weakness,Skin Redness,Low Blood Pressure,High Blood Pressure,Typhoid
Diarrhea,Runny Nose,Low Blood Pressure,Rapid Heart Rate,Dizziness,Skin Redness,Vomiting,Hypotension
Skin Peeling,Skin Redness,Abdominal Pain,Nausea,Loss of Taste,Runny Nose,Blurred Vision,Cold
Loss of Taste,Dizziness,Loss of Appetite,High Blood Pressure,Loss of Smell,Confusion,Low Blood Pressure,Unknown
Chest Pain,Confusion,Rapid Heart Rate,Weakness,Abdominal Pain,Blurred Vision,Loss of Taste,Pneumonia
Blurred Vision,Runny Nose,Fatigue,Cough,Rapid Heart Rate,Chest Pain,Low Blood Pressure,Unknown
Skin Redness,Swollen Lymph Nodes,Cough,Sweating,Weakness,Rapid Heart Rate,Chills,Unknown
Blurred Vision,Chest Pain,Fatigue,Skin Redness,Headache,Cough,Abdominal Pain,Migraine
Runny Nose,Low Blood Pressure,Difficulty Swallowing,Swollen Lymph Nodes,Headache,Fever,Cough,Hypertension
Ear Pain,Low Blood Pressure,Nausea,Abdominal Pain,Fatigue,Dizziness,Shortness of Breath,Meningitis
High Blood Pressure,Rash,Loss of Taste,Dizziness,Confusion,Rapid Heart Rate,Vomiting,Unknown
Loss of Smell,Dizziness,Nausea,Chills,Sore Throat,Ear Pain,Skin Redness,Unknown
Skin Peeling,Loss of Taste,Nausea,Fever,Runny Nose,Rapid Heart Rate,Swollen Lymph Nodes,Hypotension
Abdominal Pain,Cough,Chills,Rapid Heart Rate,Loss of Smell,Loss of Appetite,Loss of Taste,Flu
Swollen Lymph Nodes,Low Blood Pressure,Nausea,Rapid Heart Rate,Chest Pain,Difficulty Swallowing,Sore Throat,Ear Infection
Runny Nose,Swollen Lymph Nodes,Loss of Taste,Nausea,Fatigue,Loss of Smell,Rapid Heart Rate,Hypertension
High Blood Pressure,Rapid Heart Rate,Weakness,Skin Redness,Blurred Vision,Fever,Rash,Hypotension
Loss of Taste,Rapid Heart Rate,High Blood Pressure,Loss of Appetite,Sore Throat,Fever,Shortness of Breath,Hypotension
Dizziness,Shortness of Breath,Runny Nose,Diarrhea,Sore Throat,Loss of Appetite,Rapid Heart Rate,Typhoid
Headache,Runny Nose,Muscle Pain,Sore Throat,Skin Peeling,Shortness of Breath,Low Blood Pressure,Strep Throat
Dizziness,Sweating,Blurred Vision,Sore Throat,Swollen Lymph Nodes,High Blood Pressure,Muscle Pain,Flu
Loss of Smell,Low Blood Pressure,Headache,Swollen Lymph Nodes,Sore Throat,Loss of Taste,Shortness of Breath,Unknown
Loss of Appetite,Weakness,Ear Pain,Rapid Heart Rate,Confusion,High Blood Pressure,Cough,COVID-19
Nausea,Skin Peeling,Fatigue,Skin Redness,Vomiting,Difficulty Swallowing,Loss of Smell,COVID-19
Chest Pain,Vomiting,Rapid Heart Rate,Joint Pain,Rash,Fever,Muscle Pain,Scarlet Fever
Confusion,Joint Pain,Diarrhea,Sore Throat,Runny Nose,Blurred Vision,Rash,Strep Throat
Runny Nose,Fever,Fatigue,Nausea,Weakness,Loss of Smell,Rapid Heart Rate,Typhoid
Loss of Smell,Low Blood Pressure,Diarrhea,Rapid Heart Rate,Weakness,Ear Pain,Vomiting,Unknown
Sore Throat,Loss of Appetite,Dizziness,High Blood Pressure,Shortness of Breath,Chills,Joint Pain,Unknown
Sweating,Rash,Rapid Heart Rate,Fever,Blurred Vision,Loss of Appetite,Loss of Taste,Flu
Sore Throat,Blurred Vision,High Blood Pressure,Joint Pain,Sweating,Diarrhea,Cough,Pneumonia
Confusion,Rash,Weakness,Diarrhea,Cough,Skin Redness,Runny Nose,Pneumonia
Rapid Heart Rate,Fatigue,Low Blood Pressure,Abdominal Pain,Skin Redness,Loss of Appetite,Muscle Pain,Food Poisoning
Vomiting,Chills,Loss of Appetite,Blurred Vision,Rapid Heart Rate,Dizziness,High Blood Pressure,Unknown
Rash,Cough,Skin Peeling,Nausea,Difficulty Swallowing,Shortness of Breath,Loss of Smell,Scarlet Fever
Ear Pain,Difficulty Swallowing,Skin Redness,Weakness,Sweating,Blurred Vision,Loss of Smell,Unknown
Fever,Weakness,High Blood Pressure,Chest Pain,Shortness of Breath,Low Blood Pressure,Joint Pain,Hypotension
Skin Redness,Swollen Lymph Nodes,Skin Peeling,Joint Pain,Muscle Pain,Shortness of Breath,Headache,Hypertension
Confusion,Swollen Lymph Nodes,Rapid Heart Rate,Chest Pain,Blurred Vision,Loss of Appetite,Chills,Unknown
Chills,Fatigue,Swollen Lymph Nodes,Loss of Taste,Headache,Skin Redness,Vomiting,Ear Infection
Confusion,Skin Redness,Nausea,Joint Pain,Weakness,Ear Pain,Difficulty Swallowing,Unknown
Abdominal Pain,Rapid Heart Rate,High Blood Pressure,Muscle Pain,Loss of Smell,Sore Throat,Weakness,Typhoid
Rash,Diarrhea,Muscle Pain,Loss of Taste,Ear Pain,Swollen Lymph Nodes,Chills,Unknown
Swollen Lymph Nodes,Fever,Nausea,Sweating,Rash,Chest Pain,Ear Pain,Strep Throat
Fatigue,Rapid Heart Rate,Shortness of Breath,Joint Pain,Loss of Taste,Chest Pain,Sweating,Food Poisoning
Runny Nose,Skin Redness,Confusion,Difficulty Swallowing,Dizziness,Swollen Lymph Nodes,Sore Throat,Cold
Skin Redness,Loss of Appetite,Loss of Smell,Swollen Lymph Nodes,Confusion,Dizziness,Fatigue,Scarlet Fever
Swollen Lymph Nodes,Sweating,Cough,Diarrhea,Rash,Skin Redness,Loss of Appetite,Flu
Joint Pain,Swollen Lymph Nodes,Dizziness,Rash,Loss of Taste,Skin Peeling,Muscle Pain,Migraine
Shortness of Breath,Chills,Rash,Chest Pain,Difficulty Swallowing,Swollen Lymph Nodes,Sore Throat,Unknown
Sweating,Abdominal Pain,Fatigue,Blurred Vision,Dizziness,Chest Pain,Fever,Meningitis
Vomiting,Diarrhea,Difficulty Swallowing,Abdominal Pain,Sweating,Ear Pain,Chest Pain,Malaria
Fever,Skin Peeling,Low Blood Pressure,High Blood Pressure,Swollen Lymph Nodes,Rash,Dizziness,Pneumonia
Headache,Sore Throat,Low Blood Pressure,Rash,Diarrhea,Dizziness,Skin Redness,Strep Throat
Fatigue,Nausea,Ear Pain,Skin Redness,Rash,Chills,Joint Pain,Unknown
Sweating,Loss of Smell,Difficulty Swallowing,Muscle Pain,Chest Pain,Abdominal Pain,Loss of Appetite,Food Poisoning
Nausea,Fever,Runny Nose,High Blood Pressure,Weakness,Fatigue,Dizziness,Hypertension
Nausea,Weakness,Runny Nose,Loss of Taste,Abdominal Pain,Sore Throat,Headache,Strep Throat
Loss of Appetite,Vomiting,Fatigue,Abdominal Pain,High Blood Pressure,Weakness,Rash,Unknown
Chest Pain,Diarrhea,Loss of Taste,Swollen Lymph Nodes,Skin Peeling,Vomiting,Cough,Flu
Rapid Heart Rate,Loss of Smell,Fever,Difficulty Swallowing,High Blood Pressure,Loss of Taste,Diarrhea,Typhoid
Difficulty Swallowing,Skin Redness,Chills,Nausea,Headache,Fatigue,Vomiting,Strep Throat
Sweating,Skin Redness,Loss of Taste,Loss of Smell,Nausea,Fatigue,Low Blood Pressure,Scarlet Fever
Ear Pain,Rash,Chills,Headache,Dizziness,Low Blood Pressure,Nausea,Flu
Muscle Pain,Sore Throat,Chills,Blurred Vision,Low Blood Pressure,Headache,Skin Peeling,Unknown
Difficulty Swallowing,Ear Pain,Swollen Lymph Nodes,Skin Peeling,Rapid Heart Rate,Dizziness,Fatigue,Scarlet Fever
Loss of Appetite,Weakness,Loss of Smell,Abdominal Pain,Confusion,Rapid Heart Rate,Skin Redness,Meningitis
Abdominal Pain,Swollen Lymph Nodes,Dizziness,Ear Pain,Headache,Loss of Smell,Loss of Appetite,Flu
Blurred Vision,Loss of Appetite,Low Blood Pressure,Abdominal Pain,Joint Pain,Runny Nose,Rash,Unknown
Blurred Vision,Vomiting,Difficulty Swallowing,Ear Pain,Loss of Smell,Rapid Heart Rate,Nausea,Unknown
High Blood Pressure,Nausea,Weakness,Runny Nose,Confusion,Low Blood Pressure,Rapid Heart Rate,Unknown
Headache,Fatigue,Ear Pain,Swollen Lymph Nodes,Blurred Vision,Abdominal Pain,Rash,Migraine
Swollen Lymph Nodes,Abdominal Pain,Ear Pain,Chills,Loss of Smell,Weakness,Cough,Hypotension
Low Blood Pressure,Vomiting,Chest Pain,Skin Redness,Confusion,Shortness of Breath,High Blood Pressure,Unknown
Diarrhea,Chills,Fever,Weakness,Dizziness,Chest Pain,Ear Pain,Unknown
Chest Pain,Swollen Lymph Nodes,Difficulty Swallowing,Dizziness,Blurred Vision,Nausea,Muscle Pain,Hypertension
Headache,High Blood Pressure,Ear Pain,Nausea,Low Blood Pressure,Cough,Abdominal Pain,Flu
Sweating,Skin Redness,Headache,Blurred Vision,Loss of Smell,Muscle Pain,Diarrhea,Flu
Rash,Headache,Runny Nose,Loss of Appetite,Skin Peeling,Fatigue,Nausea,Flu
Low Blood Pressure,Headache,Confusion,Muscle Pain,Ear Pain,Abdominal Pain,Difficulty Swallowing,Migraine
Ear Pain,Headache,Blurred Vision,Sweating,Cough,Skin Redness,Dizziness,Cold
Chills,Sore Throat,Vomiting,Headache,Skin Redness,Nausea,Dizziness,Unknown
Blurred Vision,Low Blood Pressure,Runny Nose,Ear Pain,Chest Pain,Dizziness,Sweating,Cold
Runny Nose,Ear Pain,Chills,Loss of Taste,Vomiting,Nausea,Sweating,Meningitis
Loss of Taste,High Blood Pressure,Loss of Smell,Weakness,Dizziness,Joint Pain,Headache,Unknown
Ear Pain,Sore Throat,Cough,Blurred Vision,Abdominal Pain,Low Blood Pressure,Joint Pain,COVID-19
Fatigue,Rapid Heart Rate,Chest Pain,Loss of Smell,Sore Throat,Nausea,Difficulty Swallowing,Unknown
High Blood Pressure,Weakness,Sore Throat,Runny Nose,Loss of Smell,Fatigue,Abdominal Pain,Cold
Ear Pain,Loss of Smell,Sore Throat,Difficulty Swallowing,Blurred Vision,High Blood Pressure,Joint Pain,Unknown
High Blood Pressure,Sweating,Dizziness,Diarrhea,Abdominal Pain,Headache,Rash,Hypertension
Swollen Lymph Nodes,Loss of Smell,Skin Redness,Fever,Diarrhea,Rash,Loss of Appetite,Food Poisoning
Rash,Skin Peeling,Sore Throat,Swollen Lymph Nodes,Joint Pain,Weakness,Runny Nose,Unknown
Shortness of Breath,Fatigue,Loss of Appetite,Difficulty Swallowing,Runny Nose,Swollen Lymph Nodes,Vomiting,Strep Throat
Skin Redness,Cough,Fatigue,Rash,Nausea,Loss of Smell,Chills,Unknown
Swollen Lymph Nodes,Skin Redness,Difficulty Swallowing,Rash,Diarrhea,Sweating,Headache,Scarlet Fever
Vomiting,Sweating,Confusion,Chest Pain,Ear Pain,Skin Peeling,Shortness of Breath,Meningitis
Low Blood Pressure,Shortness of Breath,Joint Pain,High Blood Pressure,Fatigue,Loss of Appetite,Vomiting,Unknown
Rapid Heart Rate,Skin Redness,Low Blood Pressure,Loss of Smell,Vomiting,Loss of Appetite,Weakness,Food Poisoning
Rash,Nausea,Sore Throat,Dizziness,Fever,Abdominal Pain,Runny Nose,Scarlet Fever
Chills,Shortness of Breath,Cough,Fatigue,Chest Pain,Ear Pain,Skin Peeling,Unknown
Chills,Weakness,Chest Pain,High Blood Pressure,Blurred Vision,Low Blood Pressure,Joint Pain,Unknown
Weakness,Nausea,Blurred Vision,Skin Peeling,Sore Throat,Vomiting,Headache,Typhoid
Skin Redness,Chest Pain,Confusion,Headache,Abdominal Pain,Runny Nose,Chills,Ear Infection
Fever,Chills,Dizziness,Difficulty Swallowing,Skin Peeling,Chest Pain,Shortness of Breath,Flu
Diarrhea,Shortness of Breath,Sweating,Fever,Skin Redness,Cough,Low Blood Pressure,Unknown
Chills,Weakness,Chest Pain,High Blood Pressure,Swollen Lymph Nodes,Runny Nose,Ear Pain,Pneumonia
Shortness of Breath,Blurred Vision,Runny Nose,Sore Throat,Low Blood Pressure,Diarrhea,Loss of Smell,COVID-19
Vomiting,Nausea,Cough,Runny Nose,Dizziness,Joint Pain,Confusion,COVID-19
Nausea,Runny Nose,Chills,Rash,Skin Redness,Loss of Taste,Diarrhea,Food Poisoning
Rapid Heart Rate,Vomiting,Sore Throat,Loss of Taste,Weakness,Loss of Smell,Ear Pain,Ear Infection
Joint Pain,Dizziness,Fever,Sore Throat,Muscle Pain,Loss of Appetite,Headache,Malaria
Vomiting,Blurred Vision,Sweating,Shortness of Breath,Confusion,Weakness,Cough,Migraine
Blurred Vision,Chills,Skin Redness,Fatigue,Vomiting,Sore Throat,Dizziness,Unknown
Abdominal Pain,High Blood Pressure,Confusion,Joint Pain,Cough,Ear Pain,Blurred Vision,Unknown
Runny Nose,Sweating,Fatigue,Joint Pain,Rash,Rapid Heart Rate,Weakness,Cold
Sore Throat,Vomiting,Rash,Skin Peeling,Diarrhea,Sweating,Loss of Taste,Unknown
Runny Nose,Dizziness,Cough,Blurred Vision,Chest Pain,Vomiting,Headache,COVID-19
Swollen Lymph Nodes,Abdominal Pain,Loss of Appetite,Rapid Heart Rate,Skin Peeling,Loss of Taste,Blurred Vision,Scarlet Fever
Low Blood Pressure,Headache,Loss of Smell,Confusion,Vomiting,Skin Redness,Rapid Heart Rate,Dengue
Rapid Heart Rate,High Blood Pressure,Shortness of Breath,Sore Throat,Sweating,Loss of Smell,Joint Pain,Hypotension
Runny Nose,Sore Throat,Fever,Sweating,Chills,Abdominal Pain,Loss of Appetite,Malaria
High Blood Pressure,Rapid Heart Rate,Sore Throat,Difficulty Swallowing,Headache,Low Blood Pressure,Chest Pain,Unknown
Weakness,Swollen Lymph Nodes,Muscle Pain,Skin Peeling,Loss of Smell,Runny Nose,Fever,Scarlet Fever
Sweating,Cough,Fever,Abdominal Pain,Difficulty Swallowing,Rapid Heart Rate,Loss of Taste,Unknown
Loss of Taste,Vomiting,Cough,Headache,Swollen Lymph Nodes,Sore Throat,Diarrhea,Malaria
Loss of Smell,Loss of Appetite,Abdominal Pain,Headache,Nausea,Chest Pain,Skin Peeling,Ear Infection
Abdominal Pain,Sore Throat,Fever,Runny Nose,Vomiting,Swollen Lymph Nodes,Shortness of Breath,Strep Throat
Diarrhea,Loss of Taste,Confusion,Fever,Blurred Vision,Joint Pain,Shortness of Breath,Unknown
Swollen Lymph Nodes,Headache,Sweating,Loss of Appetite,Nausea,Weakness,Fever,Hypotension
Chest Pain,Rash,Headache,Runny Nose,Low Blood Pressure,Rapid Heart Rate,Nausea,Meningitis
Loss of Smell,Rapid Heart Rate,Runny Nose,Fever,Diarrhea,Skin Peeling,Swollen Lymph Nodes,Dengue
Diarrhea,Runny Nose,Sweating,Muscle Pain,Sore Throat,Dizziness,Loss of Appetite,Flu
Skin Peeling,Nausea,Sore Throat,Runny Nose,Ear Pain,Dizziness,Blurred Vision,Unknown
Fatigue,Loss of Smell,Dizziness,Low Blood Pressure,Skin Redness,Difficulty Swallowing,Sore Throat,Ear Infection
Chest Pain,Chills,Nausea,Vomiting,Swollen Lymph Nodes,Runny Nose,Ear Pain,Unknown
Low Blood Pressure,Cough,Skin Redness,Sore Throat,Rapid Heart Rate,Fever,Sweating,Flu
Fatigue,Rapid Heart Rate,Rash,Difficulty Swallowing,Low Blood Pressure,Sweating,Chest Pain,Hypotension
Joint Pain,Cough,Diarrhea,Headache,Loss of Smell,Skin Redness,Chills,Malaria
Joint Pain,Loss of Appetite,Rapid Heart Rate,Abdominal Pain,Diarrhea,Headache,Skin Peeling,Hypotension
Fever,Sore Throat,Nausea,Vomiting,Runny Nose,Skin Peeling,Shortness of Breath,Food Poisoning
Joint Pain,Chills,Rapid Heart Rate,Confusion,Abdominal Pain,Sweating,Weakness,Unknown
Chills,Fatigue,Diarrhea,Low Blood Pressure,Sore Throat,High Blood Pressure,Nausea,Malaria
Confusion,Runny Nose,Nausea,Difficulty Swallowing,Sore Throat,Headache,Fever,Typhoid
Loss of Appetite,Fatigue,High Blood Pressure,Chest Pain,Sweating,Low Blood Pressure,Abdominal Pain,Cold
Skin Redness,Joint Pain,Blurred Vision,High Blood Pressure,Cough,Loss of Smell,Swollen Lymph Nodes,Unknown
Blurred Vision,Dizziness,Low Blood Pressure,Difficulty Swallowing,Vomiting,Muscle Pain,Skin Redness,Unknown
Skin Peeling,Chest Pain,Joint Pain,Shortness of Breath,Weakness,Loss of Appetite,Loss of Smell,Unknown
Diarrhea,Nausea,Skin Redness,Cough,Runny Nose,Loss of Taste,Sweating,Cold
Joint Pain,Confusion,Fever,Rash,Chest Pain,Blurred Vision,Dizziness,Typhoid
Shortness of Breath,Sweating,Joint Pain,Weakness,Loss of Appetite,Loss of Taste,High Blood Pressure,Unknown
Diarrhea,Weakness,Shortness of Breath,Dizziness,Joint Pain,Loss of Smell,Rapid Heart Rate,Pneumonia
Fever,Sweating,Rapid Heart Rate,Headache,Weakness,Low Blood Pressure,Skin Redness,Migraine
Cough,High Blood Pressure,Vomiting,Loss of Smell,Fatigue,Swollen Lymph Nodes,Muscle Pain,Unknown
Chills,Diarrhea,Joint Pain,Chest Pain,Difficulty Swallowing,Weakness,Rash,Unknown
Nausea,Rash,Low Blood Pressure,Sore Throat,Loss of Taste,High Blood Pressure,Vomiting,Unknown
Rash,Chills,Weakness,Runny Nose,Chest Pain,Fatigue,Sore Throat,Unknown
Fatigue,Diarrhea,Rapid Heart Rate,Runny Nose,Loss of Smell,Joint Pain,Rash,Unknown
Headache,Cough,Sore Throat,Rash,Swollen Lymph Nodes,Fatigue,Skin Redness,Malaria
Fever,Diarrhea,Swollen Lymph Nodes,Vomiting,Fatigue,Chest Pain,Nausea,Malaria
High Blood Pressure,Blurred Vision,Cough,Loss of Smell,Headache,Rash,Skin Peeling,COVID-19
Chest Pain,Fever,Skin Redness,Shortness of Breath,Diarrhea,High Blood Pressure,Difficulty Swallowing,Typhoid
Sweating,Cough,Ear Pain,Nausea,Confusion,Shortness of Breath,Runny Nose,Ear Infection
Abdominal Pain,Low Blood Pressure,Joint Pain,Skin Peeling,Rapid Heart Rate,Fatigue,Sweating,Unknown
Fever,Runny Nose,Ear Pain,Confusion,Loss of Smell,Swollen Lymph Nodes,Sore Throat,COVID-19
Confusion,Rash,Loss of Taste,Muscle Pain,Nausea,Chills,Sore Throat,Strep Throat
Low Blood Pressure,Runny Nose,Nausea,Diarrhea,High Blood Pressure,Rapid Heart Rate,Confusion,Unknown
Skin Peeling,Diarrhea,Headache,Confusion,Shortness of Breath,Dizziness,Vomiting,Hypotension
Loss of Taste,Runny Nose,Rapid Heart Rate,Abdominal Pain,Loss of Appetite,Headache,Diarrhea,Meningitis
Shortness of Breath,Runny Nose,Joint Pain,Cough,Nausea,Vomiting,Rapid Heart Rate,Cold
Ear Pain,Dizziness,Blurred Vision,Joint Pain,Diarrhea,Chills,Runny Nose,Migraine
Skin Redness,Loss of Appetite,Swollen Lymph Nodes,Rash,Blurred Vision,Abdominal Pain,Runny Nose,Migraine
Fatigue,Shortness of Breath,Nausea,Chills,Sweating,Ear Pain,Low Blood Pressure,Hypotension
Diarrhea,Vomiting,Sweating,Rapid Heart Rate,Fatigue,Loss of Appetite,Fever,Strep Throat
Chest Pain,Weakness,Rash,Nausea,Abdominal Pain,Loss of Smell,Runny Nose,Dengue
Weakness,Ear Pain,Diarrhea,Confusion,Rash,Abdominal Pain,Dizziness,Malaria
Diarrhea,Skin Redness,Muscle Pain,Headache,Low Blood Pressure,Fever,Fatigue,Dengue
Fever,Rash,Runny Nose,Diarrhea,Shortness of Breath,Chest Pain,Dizziness,Pneumonia
Confusion,Fever,Shortness of Breath,Loss of Taste,Sore Throat,Fatigue,Rash,Flu
Fever,Ear Pain,Joint Pain,Sweating,Blurred Vision,Rapid Heart Rate,Abdominal Pain,Unknown
Swollen Lymph Nodes,Skin Redness,Skin Peeling,Headache,Chest Pain,Shortness of Breath,Confusion,Migraine
Swollen Lymph Nodes,Joint Pain,Chills,Skin Peeling,Headache,Rapid Heart Rate,Abdominal Pain,Unknown
Fever,Sore Throat,Difficulty Swallowing,Skin Peeling,Skin Redness,Loss of Taste,Low Blood Pressure,Strep Throat
Muscle Pain,Rash,Joint Pain,Ear Pain,Fatigue,Blurred Vision,Shortness of Breath,Unknown
Low Blood Pressure,Diarrhea,Confusion,Skin Redness,Dizziness,Loss of Smell,Abdominal Pain,Unknown
Skin Redness,Chest Pain,Muscle Pain,Headache,High Blood Pressure,Shortness of Breath,Vomiting,Scarlet Fever
Confusion,Vomiting,Joint Pain,Shortness of Breath,Fatigue,Rapid Heart Rate,Sweating,Pneumonia
Nausea,Sweating,Rapid Heart Rate,Chills,Runny Nose,Fatigue,Loss of Taste,Typhoid
Sore Throat,Joint Pain,Skin Peeling,Vomiting,Shortness of Breath,Rapid Heart Rate,Cough,Unknown
Sweating,Fever,Rapid Heart Rate,Abdominal Pain,Skin Peeling,Vomiting,Joint Pain,Meningitis
Loss of Appetite,Fever,Chills,Shortness of Breath,Runny Nose,Rapid Heart Rate,Chest Pain,Scarlet Fever
Runny Nose,Fever,Blurred Vision,Vomiting,Nausea,Sweating,Dizziness,Migraine
Fever,Weakness,Skin Peeling,Rapid Heart Rate,Chills,Chest Pain,Runny Nose,Dengue
High Blood Pressure,Confusion,Runny Nose,Nausea,Blurred Vision,Vomiting,Loss of Appetite,Unknown
Fever,Rapid Heart Rate,Loss of Smell,Headache,Weakness,Abdominal Pain,Confusion,Scarlet Fever
Runny Nose,Rash,Nausea,Chest Pain,Muscle Pain,Difficulty Swallowing,Weakness,Dengue
Weakness,Joint Pain,Runny Nose,Chest Pain,Muscle Pain,Chills,Vomiting,Hypotension
Dizziness,Muscle Pain,Loss of Smell,Chills,Chest Pain,High Blood Pressure,Fatigue,Cold
Swollen Lymph Nodes,High Blood Pressure,Abdominal Pain,Dizziness,Cough,Shortness of Breath,Ear Pain,Hypertension
Confusion,Vomiting,Rapid Heart Rate,Chills,Loss of Smell,Loss of Appetite,Swollen Lymph Nodes,Meningitis
Shortness of Breath,Joint Pain,Headache,Cough,Fever,Chills,Fatigue,Dengue
Runny Nose,Vomiting,Chest Pain,Muscle Pain,Headache,Joint Pain,Sore Throat,Pneumonia
Ear Pain,Rapid Heart Rate,Cough,Abdominal Pain,Low Blood Pressure,Runny Nose,Swollen Lymph Nodes,Cold
Sore Throat,Low Blood Pressure,Blurred Vision,Cough,Headache,Rash,Loss of Appetite,Pneumonia
Skin Peeling,Loss of Taste,Rapid Heart Rate,High Blood Pressure,Blurred Vision,Loss of Smell,Low Blood Pressure,Unknown
Loss of Smell,Swollen Lymph Nodes,Difficulty Swallowing,Skin Peeling,Weakness,Shortness of Breath,Runny Nose,Pneumonia
Blurred Vision,Dizziness,Skin Redness,Fatigue,Muscle Pain,Rapid Heart Rate,Runny Nose,Unknown
Blurred Vision,Difficulty Swallowing,Chest Pain,Headache,Ear Pain,Diarrhea,Dizziness,Unknown
Headache,Loss of Taste,Ear Pain,Fever,Abdominal Pain,Dizziness,Runny Nose,Hypertension
Headache,Confusion,Nausea,Loss of Taste,Shortness of Breath,Low Blood Pressure,Joint Pain,Malaria
Chills,Blurred Vision,Rash,Shortness of Breath,Sore Throat,Low Blood Pressure,Chest Pain,Pneumonia
Swollen Lymph Nodes,Weakness,Sore Throat,Runny Nose,Fever,Skin Peeling,Difficulty Swallowing,Unknown
Nausea,Runny Nose,Chest Pain,Loss of Smell,Diarrhea,Swollen Lymph Nodes,Fatigue,Strep Throat
Loss of Appetite,Blurred Vision,Muscle Pain,Cough,Swollen Lymph Nodes,Dizziness,High Blood Pressure,Migraine
Fatigue,Ear Pain,Dizziness,Shortness of Breath,Chest Pain,Blurred Vision,Swollen Lymph Nodes,Food Poisoning
Diarrhea,Cough,Rash,Headache,Weakness,Muscle Pain,Chills,Food Poisoning
Difficulty Swallowing,Sweating,Dizziness,Loss of Taste,Muscle Pain,Low Blood Pressure,Vomiting,Malaria
Chills,Abdominal Pain,Fatigue,Joint Pain,Rapid Heart Rate,Sweating,Confusion,Hypertension
Headache,Difficulty Swallowing,Shortness of Breath,Muscle Pain,Weakness,Runny Nose,Nausea,Dengue
Loss of Taste,Chest Pain,Rapid Heart Rate,Vomiting,Low Blood Pressure,Fatigue,Joint Pain,Unknown
Chills,Rash,Diarrhea,Headache,Weakness,Confusion,Rapid Heart Rate,Unknown
Shortness of Breath,Difficulty Swallowing,Weakness,Diarrhea,Runny Nose,Chills,Low Blood Pressure,Food Poisoning
Chills,Loss of Taste,Confusion,Loss of Smell,Fever,Swollen Lymph Nodes,Dizziness,Typhoid
Confusion,Fever,Headache,Runny Nose,Cough,Rash,Nausea,Scarlet Fever
Fatigue,Runny Nose,Chills,Dizziness,Loss of Taste,Nausea,Fever,Typhoid
Shortness of Breath,Headache,Runny Nose,High Blood Pressure,Nausea,Abdominal Pain,Sore Throat,Ear Infection
Sweating,Rash,Muscle Pain,Weakness,Low Blood Pressure,Dizziness,Fever,Hypotension
Diarrhea,Muscle Pain,Fatigue,Difficulty Swallowing,Shortness of Breath,Low Blood Pressure,Abdominal Pain,Typhoid
Sweating,Rapid Heart Rate,High Blood Pressure,Weakness,Runny Nose,Skin Redness,Blurred Vision,Scarlet Fever
Chest Pain,Loss of Smell,Chills,Fever,Loss of Taste,Diarrhea,Cough,Pneumonia
Fever,Chest Pain,Abdominal Pain,Low Blood Pressure,Joint Pain,Rapid Heart Rate,Sore Throat,Malaria
Shortness of Breath,Cough,Nausea,Rash,Skin Redness,Difficulty Swallowing,Sore Throat,Ear Infection
Abdominal Pain,Difficulty Swallowing,Chills,Runny Nose,Skin Peeling,Ear Pain,Loss of Appetite,Unknown
Loss of Smell,Ear Pain,Headache,Chest Pain,Diarrhea,Fever,Weakness,Scarlet Fever
Ear Pain,Diarrhea,Headache,Runny Nose,Joint Pain,Sweating,Shortness of Breath,Malaria
High Blood Pressure,Abdominal Pain,Difficulty Swallowing,Sore Throat,Ear Pain,Headache,Chills,Meningitis
Runny Nose,Confusion,Difficulty Swallowing,Sore Throat,Fatigue,Sweating,Vomiting,Meningitis
Difficulty Swallowing,Loss of Appetite,Swollen Lymph Nodes,Dizziness,Loss of Smell,Shortness of Breath,Rash,Migraine
Sore Throat,Rapid Heart Rate,High Blood Pressure,Loss of Appetite,Sweating,Cough,Chills,Unknown
Fatigue,Loss of Taste,Shortness of Breath,Chills,Joint Pain,Confusion,Skin Redness,Meningitis
Rapid Heart Rate,Headache,Nausea,Rash,Swollen Lymph Nodes,Runny Nose,Sweating,Hypertension
High Blood Pressure,Skin Peeling,Rash,Vomiting,Cough,Skin Redness,Headache,Food Poisoning
Diarrhea,Rash,Confusion,High Blood Pressure,Skin Peeling,Runny Nose,Loss of Taste,Unknown
Swollen Lymph Nodes,Joint Pain,Nausea,Runny Nose,Headache,Abdominal Pain,Confusion,Unknown
Nausea,Dizziness,Loss of Taste,Headache,Weakness,Fatigue,Skin Peeling,Typhoid
Skin Peeling,Runny Nose,Cough,Abdominal Pain,Confusion,Fever,Rash,Unknown
Weakness,Dizziness,Muscle Pain,Loss of Smell,Runny Nose,Fever,Chills,Migraine
Difficulty Swallowing,Swollen Lymph Nodes,Chest Pain,Fatigue,Loss of Smell,Dizziness,Shortness of Breath,Unknown
Fatigue,Loss of Smell,Muscle Pain,Fever,Sore Throat,Rapid Heart Rate,Difficulty Swallowing,COVID-19
Chest Pain,High Blood Pressure,Loss of Appetite,Weakness,Sweating,Skin Peeling,Chills,Unknown
Diarrhea,Dizziness,Loss of Appetite,Swollen Lymph Nodes,Chest Pain,Blurred Vision,Rash,Hypertension
Diarrhea,Headache,Difficulty Swallowing,Weakness,Nausea,Loss of Smell,High Blood Pressure,Food Poisoning
Rash,Blurred Vision,Ear Pain,Headache,Vomiting,Loss of Taste,Chills,Flu
Chills,Ear Pain,Loss of Smell,Chest Pain,Weakness,Fever,Sore Throat,Cold
Swollen Lymph Nodes,Chest Pain,Muscle Pain,Difficulty Swallowing,Runny Nose,Loss of Smell,High Blood Pressure,Unknown
Loss of Taste,Headache,Muscle Pain,Swollen Lymph Nodes,Abdominal Pain,Dizziness,Ear Pain,COVID-19
Chest Pain,High Blood Pressure,Nausea,Confusion,Vomiting,Shortness of Breath,Abdominal Pain,Hypertension
Muscle Pain,Skin Peeling,Dizziness,Confusion,Loss of Appetite,Rash,Ear Pain,Unknown
Abdominal Pain,Loss of Appetite,Chest Pain,Ear Pain,Skin Redness,Sore Throat,Difficulty Swallowing,Unknown
Loss of Appetite,Ear Pain,Chest Pain,Weakness,Loss of Taste,Diarrhea,Fever,Unknown
Abdominal Pain,Headache,Weakness,Muscle Pain,Joint Pain,Ear Pain,Loss of Appetite,Unknown
Rash,Fatigue,Loss of Taste,Cough,Vomiting,Runny Nose,Ear Pain,Unknown
Sweating,Sore Throat,Abdominal Pain,Shortness of Breath,Nausea,Fever,Runny Nose,Migraine
Confusion,Loss of Taste,Swollen Lymph Nodes,Vomiting,Skin Peeling,Headache,Fever,COVID-19
Loss of Appetite,Low Blood Pressure,Dizziness,Skin Redness,Chills,Fever,Loss of Taste,Malaria
Rapid Heart Rate,Low Blood Pressure,Rash,Difficulty Swallowing,Weakness,Vomiting,Chills,Unknown
Diarrhea,Muscle Pain,Low Blood Pressure,High Blood Pressure,Blurred Vision,Runny Nose,Chills,Unknown
Vomiting,Confusion,Nausea,Joint Pain,Sweating,Headache,Swollen Lymph Nodes,Food Poisoning
Cough,Swollen Lymph Nodes,Ear Pain,Joint Pain,Skin Peeling,Fever,Low Blood Pressure,Scarlet Fever
Nausea,Shortness of Breath,Fatigue,Confusion,Chills,Joint Pain,Runny Nose,Food Poisoning
Ear Pain,Loss of Taste,Chills,Weakness,Difficulty Swallowing,Loss of Smell,Fever,Strep Throat
Sore Throat,Ear Pain,Diarrhea,Chest Pain,Muscle Pain,Difficulty Swallowing,Skin Redness,Flu
Sore Throat,Swollen Lymph Nodes,Weakness,Fatigue,Muscle Pain,Diarrhea,Skin Redness,Unknown
Shortness of Breath,Loss of Appetite,Rash,Vomiting,Chest Pain,Blurred Vision,Fatigue,Cold
Joint Pain,Nausea,Abdominal Pain,Loss of Taste,High Blood Pressure,Swollen Lymph Nodes,Sweating,Meningitis
Fatigue,Headache,Sore Throat,Rash,Chest Pain,Dizziness,Skin Redness,Hypotension
Difficulty Swallowing,High Blood Pressure,Skin Redness,Sore Throat,Shortness of Breath,Headache,Dizziness,Unknown
Blurred Vision,Loss of Smell,Chills,Nausea,Skin Redness,Loss of Taste,Vomiting,Unknown
Weakness,Sweating,Joint Pain,Runny Nose,Fever,Vomiting,Headache,Ear Infection
Vomiting,High Blood Pressure,Runny Nose,Confusion,Sore Throat,Joint Pain,Muscle Pain,Cold
Shortness of Breath,Rapid Heart Rate,Vomiting,Blurred Vision,Joint Pain,Difficulty Swallowing,Runny Nose,Migraine
Difficulty Swallowing,Sore Throat,Vomiting,Runny Nose,Weakness,Sweating,Chest Pain,Flu
Headache,Fever,Nausea,Chest Pain,Confusion,Skin Redness,Ear Pain,Unknown
Confusion,High Blood Pressure,Weakness,Swollen Lymph Nodes,Skin Redness,Chest Pain,Difficulty Swallowing,Pneumonia
Rash,Rapid Heart Rate,Fatigue,Abdominal Pain,Ear Pain,Headache,Low Blood Pressure,Meningitis
Rapid Heart Rate,Shortness of Breath,Dizziness,Fatigue,High Blood Pressure,Diarrhea,Blurred Vision,Food Poisoning
Abdominal Pain,Muscle Pain,Confusion,Loss of Smell,Nausea,Difficulty Swallowing,Low Blood Pressure,Unknown
Sore Throat,Abdominal Pain,Vomiting,Runny Nose,Confusion,Skin Redness,Blurred Vision,Food Poisoning
Rapid Heart Rate,Confusion,Swollen Lymph Nodes,Fatigue,Rash,Weakness,Runny Nose,Typhoid
Ear Pain,Cough,Sweating,Weakness,Skin Redness,Muscle Pain,Blurred Vision,Typhoid
Fever,High Blood Pressure,Shortness of Breath,Headache,Dizziness,Loss of Smell,Runny Nose,Typhoid
Rapid Heart Rate,Vomiting,Shortness of Breath,Runny Nose,Swollen Lymph Nodes,Loss of Taste,Rash,Hypotension
Loss of Smell,Nausea,Sore Throat,Rapid Heart Rate,Chills,Sweating,Headache,Food Poisoning
Confusion,Skin Redness,Loss of Smell,Loss of Taste,Cough,Difficulty Swallowing,Blurred Vision,Flu
Chest Pain,Loss of Taste,Rash,Vomiting,Blurred Vision,Loss of Appetite,Joint Pain,Unknown
Rash,Skin Peeling,Vomiting,High Blood Pressure,Difficulty Swallowing,Diarrhea,Ear Pain,Unknown
Blurred Vision,Skin Peeling,High Blood Pressure,Loss of Appetite,Confusion,Muscle Pain,Fever,Pneumonia
Abdominal Pain,Rash,Chills,Weakness,Blurred Vision,Fatigue,Difficulty Swallowing,Unknown
Rapid Heart Rate,Skin Redness,Sweating,Nausea,Swollen Lymph Nodes,Ear Pain,Fever,Scarlet Fever
Skin Peeling,Chest Pain,Blurred Vision,Swollen Lymph Nodes,Abdominal Pain,Muscle Pain,Fatigue,Unknown
Loss of Smell,Difficulty Swallowing,Runny Nose,Swollen Lymph Nodes,Loss of Taste,Shortness of Breath,Headache,Migraine
High Blood Pressure,Skin Peeling,Diarrhea,Nausea,Sore Throat,Muscle Pain,Loss of Smell,Scarlet Fever
Rapid Heart Rate,Chills,Loss of Appetite,Sweating,Loss of Smell,Runny Nose,Shortness of Breath,Hypotension
Vomiting,High Blood Pressure,Sweating,Swollen Lymph Nodes,Low Blood Pressure,Skin Redness,Chills,Unknown
Sweating,Swollen Lymph Nodes,Difficulty Swallowing,Runny Nose,Skin Peeling,Shortness of Breath,Fever,COVID-19
Joint Pain,Runny Nose,Confusion,Skin Peeling,Loss of Appetite,Dizziness,Skin Redness,Typhoid
Cough,Confusion,Blurred Vision,Vomiting,Rash,Loss of Smell,Dizziness,Cold
Skin Redness,Loss of Taste,Cough,Rapid Heart Rate,Fever,Swollen Lymph Nodes,Blurred Vision,Unknown
Blurred Vision,Fever,Swollen Lymph Nodes,Fatigue,Weakness,Difficulty Swallowing,Diarrhea,Typhoid
Confusion,Runny Nose,Rapid Heart Rate,Nausea,Fatigue,Blurred Vision,Shortness of Breath,Typhoid
Nausea,Runny Nose,Vomiting,Muscle Pain,Skin Peeling,Ear Pain,Joint Pain,Scarlet Fever
Headache,Rapid Heart Rate,Abdominal Pain,Confusion,Shortness of Breath,Sore Throat,Vomiting,Typhoid
Rash,Diarrhea,Rapid Heart Rate,Sore Throat,Vomiting,Swollen Lymph Nodes,Abdominal Pain,Unknown
Low Blood Pressure,Skin Redness,Abdominal Pain,Ear Pain,Rapid Heart Rate,Chills,High Blood Pressure,Food Poisoning
Swollen Lymph Nodes,Loss of Taste,Vomiting,Skin Redness,Fatigue,Shortness of Breath,Sore Throat,Unknown
Skin Peeling,High Blood Pressure,Headache,Joint Pain,Sore Throat,Loss of Taste,Ear Pain,Flu
Muscle Pain,Sweating,Fatigue,Low Blood Pressure,Skin Peeling,Loss of Smell,Difficulty Swallowing,Flu
Loss of Appetite,Muscle Pain,Blurred Vision,Chills,Chest Pain,Weakness,Skin Peeling,Unknown
Vomiting,Chills,Weakness,Skin Redness,Dizziness,Fatigue,Runny Nose,Unknown
Fatigue,Muscle Pain,Chills,Confusion,Rash,Headache,Abdominal Pain,Typhoid
Muscle Pain,Rapid Heart Rate,Joint Pain,Chest Pain,Diarrhea,Confusion,Swollen Lymph Nodes,Food Poisoning
Swollen Lymph Nodes,Cough,Joint Pain,Loss of Taste,Chills,Blurred Vision,High Blood Pressure,Strep Throat
Skin Peeling,Chills,Rash,Runny Nose,Loss of Taste,Swollen Lymph Nodes,Skin Redness,Unknown
High Blood Pressure,Weakness,Cough,Chills,Loss of Smell,Dizziness,Low Blood Pressure,Unknown
Skin Peeling,Blurred Vision,Cough,Skin Redness,Chest Pain,Fever,Loss of Taste,Meningitis
Low Blood Pressure,Shortness of Breath,Cough,Rapid Heart Rate,Skin Redness,Joint Pain,Swollen Lymph Nodes,Unknown
Skin Redness,Sore Throat,Fever,Loss of Taste,Ear Pain,Joint Pain,Loss of Appetite,Dengue
Chest Pain,Skin Redness,Vomiting,Nausea,Rash,Swollen Lymph Nodes,Muscle Pain,Unknown
Sweating,Chest Pain,Diarrhea,Joint Pain,Rapid Heart Rate,Blurred Vision,Weakness,Food Poisoning
Sweating,Difficulty Swallowing,Joint Pain,Shortness of Breath,Abdominal Pain,Loss of Smell,Fatigue,Dengue
Joint Pain,Diarrhea,Low Blood Pressure,Ear Pain,Headache,Difficulty Swallowing,Rapid Heart Rate,Ear Infection
Runny Nose,Skin Redness,Difficulty Swallowing,Loss of Smell,Loss of Appetite,Shortness of Breath,Joint Pain,Unknown
Rash,Dizziness,Loss of Taste,Sweating,Skin Peeling,Loss of Smell,Fatigue,Unknown
Runny Nose,Abdominal Pain,Dizziness,Muscle Pain,High Blood Pressure,Nausea,Vomiting,Meningitis
Diarrhea,Joint Pain,Nausea,Sore Throat,Runny Nose,Headache,Loss of Appetite,Strep Throat
Weakness,Joint Pain,Loss of Appetite,Rash,Rapid Heart Rate,Dizziness,Shortness of Breath,Unknown
Loss of Appetite,Low Blood Pressure,Chills,Nausea,Sweating,Fatigue,Abdominal Pain,Flu
Headache,Fever,Chills,Low Blood Pressure,Nausea,Muscle Pain,Chest Pain,Migraine
Joint Pain,Ear Pain,Runny Nose,Nausea,Diarrhea,Rapid Heart Rate,Abdominal Pain,Dengue
Sore Throat,Abdominal Pain,Fatigue,Difficulty Swallowing,Rash,Joint Pain,Muscle Pain,Food Poisoning
Blurred Vision,Nausea,Joint Pain,Chest Pain,Fever,Diarrhea,Sore Throat,COVID-19
Chills,Rapid Heart Rate,Ear Pain,Vomiting,Rash,Confusion,Chest Pain,Unknown
Chills,Swollen Lymph Nodes,Cough,Vomiting,Weakness,Loss of Smell,Chest Pain,Strep Throat
Diarrhea,Weakness,Low Blood Pressure,Cough,Chills,Difficulty Swallowing,Fatigue,Strep Throat
Headache,Low Blood Pressure,Chest Pain,Sore Throat,Dizziness,Rapid Heart Rate,Chills,Unknown
Abdominal Pain,Muscle Pain,Dizziness,Weakness,Rash,Swollen Lymph Nodes,Difficulty Swallowing,Unknown
Dizziness,Confusion,Loss of Taste,Diarrhea,Fatigue,Blurred Vision,Chest Pain,Hypertension
Abdominal Pain,Runny Nose,Sweating,Diarrhea,Chest Pain,Cough,Fever,Strep Throat
Shortness of Breath,Skin Redness,Difficulty Swallowing,Rapid Heart Rate,Fatigue,Ear Pain,Loss of Smell,Cold
Chest Pain,Shortness of Breath,Rapid Heart Rate,Abdominal Pain,Sore Throat,High Blood Pressure,Cough,Cold
Confusion,Weakness,Dizziness,Fever,Skin Peeling,Rash,Skin Redness,Malaria
Sore Throat,Chest Pain,Nausea,Vomiting,Diarrhea,Muscle Pain,Low Blood Pressure,Migraine
Blurred Vision,Difficulty Swallowing,Skin Peeling,Nausea,Rapid Heart Rate,Confusion,Joint Pain,Unknown
Diarrhea,Cough,Weakness,Sweating,Chills,Chest Pain,Headache,Food Poisoning
Loss of Taste,Joint Pain,Shortness of Breath,Sweating,Headache,Fatigue,Confusion,Cold
Vomiting,Sweating,Rash,Chest Pain,Low Blood Pressure,Sore Throat,High Blood Pressure,Cold
Abdominal Pain,Loss of Smell,Sweating,Chills,Nausea,Fever,Swollen Lymph Nodes,Unknown
Rash,Sore Throat,Skin Redness,Loss of Taste,Diarrhea,Low Blood Pressure,Fever,COVID-19
Sore Throat,Runny Nose,Chills,Ear Pain,Loss of Taste,Swollen Lymph Nodes,Loss of Smell,Unknown
Headache,Runny Nose,Swollen Lymph Nodes,Low Blood Pressure,Loss of Smell,Fatigue,Sore Throat,Food Poisoning
Headache,Loss of Taste,High Blood Pressure,Chest Pain,Sore Throat,Difficulty Swallowing,Chills,Cold
Nausea,Sore Throat,Sweating,Low Blood Pressure,Muscle Pain,High Blood Pressure,Fever,Pneumonia
Chest Pain,High Blood Pressure,Cough,Swollen Lymph Nodes,Abdominal Pain,Dizziness,Muscle Pain,Unknown
Joint Pain,Nausea,Muscle Pain,Weakness,Diarrhea,Skin Redness,Rapid Heart Rate,Hypotension
Shortness of Breath,High Blood Pressure,Muscle Pain,Dizziness,Difficulty Swallowing,Fever,Sore Throat,Dengue
Swollen Lymph Nodes,Sweating,Weakness,Chest Pain,Ear Pain,Skin Peeling,Fatigue,Unknown
Loss of Appetite,Rash,Joint Pain,Blurred Vision,Ear Pain,Rapid Heart Rate,Difficulty Swallowing,Unknown
Rash,Swollen Lymph Nodes,Nausea,Weakness,Fever,Headache,Cough,Typhoid
Diarrhea,Muscle Pain,Joint Pain,Abdominal Pain,Ear Pain,Difficulty Swallowing,Fatigue,Unknown
Runny Nose,Weakness,Skin Redness,Swollen Lymph Nodes,Fatigue,Dizziness,Joint Pain,Hypertension
Sweating,Muscle Pain,Ear Pain,Joint Pain,Vomiting,Chest Pain,Diarrhea,Unknown
Chills,Loss of Taste,Weakness,Fever,Cough,Skin Peeling,Rash,Pneumonia
Shortness of Breath,Ear Pain,Weakness,Diarrhea,Muscle Pain,Cough,Nausea,Pneumonia
Runny Nose,Blurred Vision,Shortness of Breath,Vomiting,Sore Throat,Sweating,Loss of Smell,Food Poisoning
Ear Pain,Joint Pain,Abdominal Pain,Runny Nose,Loss of Taste,High Blood Pressure,Headache,Unknown
Loss of Smell,Rash,Weakness,Runny Nose,Fever,Loss of Taste,Cough,COVID-19
Confusion,Chills,Loss of Appetite,Skin Peeling,Muscle Pain,Abdominal Pain,Headache,Typhoid
Dizziness,Nausea,Blurred Vision,High Blood Pressure,Loss of Appetite,Shortness of Breath,Skin Peeling,Food Poisoning
Chills,Sweating,High Blood Pressure,Vomiting,Muscle Pain,Loss of Appetite,Weakness,Unknown
Loss of Smell,Headache,Vomiting,Nausea,Chest Pain,Abdominal Pain,Joint Pain,Flu
Sore Throat,Rapid Heart Rate,Chills,Loss of Appetite,Dizziness,Headache,Difficulty Swallowing,Unknown
Dizziness,Loss of Smell,Cough,Diarrhea,Shortness of Breath,Joint Pain,Fever,COVID-19
Dizziness,Loss of Smell,Difficulty Swallowing,Headache,Joint Pain,Ear Pain,Sweating,Hypotension
Runny Nose,Chills,Sore Throat,Confusion,Dizziness,Difficulty Swallowing,High Blood Pressure,Malaria
Diarrhea,Blurred Vision,Headache,Fever,Swollen Lymph Nodes,Fatigue,Sore Throat,Unknown
Abdominal Pain,Fatigue,Sweating,Sore Throat,Rash,Diarrhea,Shortness of Breath,Unknown
Abdominal Pain,Chills,Fatigue,Sore Throat,Nausea,Low Blood Pressure,Muscle Pain,Malaria
Fever,Muscle Pain,Nausea,Ear Pain,Blurred Vision,Rash,Weakness,Malaria
Headache,Fever,Skin Peeling,Vomiting,Swollen Lymph Nodes,Blurred Vision,Chills,Unknown
Skin Peeling,Joint Pain,Blurred Vision,High Blood Pressure,Fever,Cough,Headache,Hypertension
Diarrhea,Fever,Chest Pain,Confusion,Sore Throat,Swollen Lymph Nodes,High Blood Pressure,Meningitis
Fatigue,Headache,Rapid Heart Rate,Shortness of Breath,Fever,Sweating,Loss of Taste,Hypertension
Fatigue,Muscle Pain,Confusion,Swollen Lymph Nodes,Sweating,Difficulty Swallowing,Ear Pain,Malaria
Sore Throat,Skin Redness,Chills,Headache,Chest Pain,Nausea,Loss of Appetite,Food Poisoning
Ear Pain,Diarrhea,Dizziness,Difficulty Swallowing,Swollen Lymph Nodes,Rapid Heart Rate,Chest Pain,Unknown
Loss of Smell,Fatigue,Ear Pain,Confusion,Difficulty Swallowing,Sore Throat,Cough,Unknown
Fever,Diarrhea,Chest Pain,Shortness of Breath,Rash,Joint Pain,Vomiting,Flu
Abdominal Pain,Muscle Pain,Loss of Appetite,Chills,Nausea,Confusion,Fever,Unknown
Abdominal Pain,Fatigue,Weakness,Joint Pain,Sore Throat,Blurred Vision,Muscle Pain,COVID-19
Sore Throat,Muscle Pain,Sweating,Shortness of Breath,Rash,Confusion,Loss of Appetite,Unknown
Runny Nose,Sore Throat,Muscle Pain,Skin Peeling,High Blood Pressure,Chest Pain,Loss of Smell,Unknown
Rash,Confusion,Swollen Lymph Nodes,Loss of Smell,Loss of Taste,High Blood Pressure,Rapid Heart Rate,Unknown
Shortness of Breath,Ear Pain,Sweating,Abdominal Pain,Dizziness,Difficulty Swallowing,Diarrhea,Hypotension
Blurred Vision,High Blood Pressure,Abdominal Pain,Loss of Smell,Swollen Lymph Nodes,Runny Nose,Cough,Pneumonia
Fever,Difficulty Swallowing,Chest Pain,Low Blood Pressure,Blurred Vision,Vomiting,Swollen Lymph Nodes,Unknown
Skin Redness,Joint Pain,Swollen Lymph Nodes,Runny Nose,Fever,High Blood Pressure,Loss of Taste,Typhoid
Loss of Appetite,Loss of Taste,Sore Throat,Difficulty Swallowing,Abdominal Pain,Muscle Pain,Confusion,Flu
Dizziness,Cough,Loss of Taste,Swollen Lymph Nodes,Skin Peeling,Loss of Smell,Difficulty Swallowing,Strep Throat
Nausea,Swollen Lymph Nodes,Runny Nose,Loss of Smell,Skin Peeling,Rapid Heart Rate,Dizziness,Food Poisoning
Abdominal Pain,Dizziness,Weakness,Headache,Runny Nose,Skin Redness,Shortness of Breath,Ear Infection
Rash,Vomiting,Swollen Lymph Nodes,Skin Redness,Dizziness,Abdominal Pain,Joint Pain,Typhoid
Loss of Smell,Loss of Taste,Ear Pain,Blurred Vision,Fever,Rapid Heart Rate,Chills,Typhoid
Low Blood Pressure,Weakness,Abdominal Pain,Confusion,Sweating,Runny Nose,Difficulty Swallowing,Ear Infection
Loss of Taste,Swollen Lymph Nodes,Dizziness,Ear Pain,Skin Redness,Blurred Vision,Abdominal Pain,Unknown
Joint Pain,Rash,Fever,Shortness of Breath,Loss of Smell,Muscle Pain,Chest Pain,Unknown
Joint Pain,Fatigue,Diarrhea,Blurred Vision,Cough,Loss of Smell,Chills,Dengue
Skin Redness,Diarrhea,Chest Pain,Muscle Pain,Nausea,Loss of Taste,High Blood Pressure,Unknown
Dizziness,Cough,Headache,Ear Pain,Chills,Rash,Skin Redness,Hypertension
Chest Pain,Confusion,Dizziness,Headache,High Blood Pressure,Fever,Nausea,Hypotension
Confusion,Chills,Chest Pain,Fatigue,Joint Pain,Skin Peeling,Blurred Vision,Scarlet Fever
Swollen Lymph Nodes,Fatigue,Cough,Rash,Low Blood Pressure,Dizziness,Sore Throat,Cold
Skin Redness,Low Blood Pressure,Rash,Difficulty Swallowing,Confusion,Dizziness,Abdominal Pain,Dengue
Muscle Pain,Weakness,Diarrhea,Loss of Appetite,Skin Peeling,Sweating,Vomiting,Hypotension
Ear Pain,Muscle Pain,Chills,Fatigue,Abdominal Pain,Blurred Vision,Loss of Smell,Migraine
Dizziness,Weakness,Skin Redness,Fever,Confusion,Rapid Heart Rate,Headache,Ear Infection
Weakness,Abdominal Pain,Ear Pain,Rash,Fatigue,Blurred Vision,Loss of Smell,COVID-19
Nausea,Swollen Lymph Nodes,Difficulty Swallowing,Runny Nose,Loss of Taste,Abdominal Pain,Weakness,Strep Throat
Chest Pain,Loss of Taste,Joint Pain,Loss of Appetite,Skin Redness,Headache,Rash,Meningitis
Sweating,Vomiting,Dizziness,Difficulty Swallowing,Fatigue,Fever,Sore Throat,Hypotension
Chest Pain,Swollen Lymph Nodes,Sore Throat,Rapid Heart Rate,Headache,Loss of Taste,Dizziness,Pneumonia
Dizziness,Sore Throat,Skin Peeling,Loss of Taste,Muscle Pain,Ear Pain,Weakness,Dengue
Skin Redness,Sore Throat,Fever,Sweating,Loss of Taste,Joint Pain,Weakness,Strep Throat
Skin Redness,Loss of Taste,Abdominal Pain,Rash,Cough,Loss of Smell,Rapid Heart Rate,Food Poisoning
Dizziness,Ear Pain,Sore Throat,Chest Pain,Rash,Loss of Smell,Muscle Pain,Unknown
Ear Pain,Fatigue,Chills,Loss of Appetite,Headache,Diarrhea,Weakness,Flu
Low Blood Pressure,Vomiting,Sweating,Swollen Lymph Nodes,Ear Pain,Abdominal Pain,Muscle Pain,Strep Throat
Sore Throat,Loss of Appetite,Rash,Fatigue,Confusion,Sweating,Nausea,Scarlet Fever
Chills,Abdominal Pain,Fatigue,Confusion,Weakness,Fever,Skin Peeling,Cold
Rapid Heart Rate,Difficulty Swallowing,Chest Pain,Blurred Vision,Skin Redness,Cough,Weakness,Cold
Confusion,Headache,Difficulty Swallowing,Blurred Vision,Swollen Lymph Nodes,Fatigue,Abdominal Pain,Strep Throat
Muscle Pain,Shortness of Breath,Loss of Smell,Weakness,Loss of Taste,Dizziness,Sweating,Malaria
Rapid Heart Rate,Skin Peeling,Chest Pain,Loss of Taste,Dizziness,Shortness of Breath,Loss of Smell,Unknown
Runny Nose,Chills,Loss of Taste,Rapid Heart Rate,Chest Pain,Muscle Pain,Weakness,Unknown
Runny Nose,Rapid Heart Rate,Loss of Taste,Headache,Diarrhea,Low Blood Pressure,Ear Pain,Hypertension
Sweating,Chills,Chest Pain,Cough,Sore Throat,Low Blood Pressure,Swollen Lymph Nodes,Unknown
Shortness of Breath,Skin Peeling,Dizziness,Chills,Sweating,Weakness,Swollen Lymph Nodes,Unknown
Shortness of Breath,Confusion,Joint Pain,Sore Throat,Fever,Loss of Appetite,Abdominal Pain,Unknown
Low Blood Pressure,Chest Pain,Muscle Pain,High Blood Pressure,Dizziness,Confusion,Shortness of Breath,COVID-19
Cough,Chest Pain,Fatigue,Joint Pain,Weakness,Rash,Sweating,COVID-19
Sore Throat,Sweating,Ear Pain,Difficulty Swallowing,Diarrhea,Dizziness,Vomiting,Cold
Confusion,Skin Redness,High Blood Pressure,Rapid Heart Rate,Nausea,Rash,Muscle Pain,Unknown
Loss of Taste,Headache,Skin Redness,Muscle Pain,Cough,Joint Pain,Skin Peeling,Cold
Loss of Smell,Vomiting,Rash,Fever,Cough,Swollen Lymph Nodes,Muscle Pain,Unknown
Fatigue,Vomiting,Abdominal Pain,Headache,Weakness,High Blood Pressure,Swollen Lymph Nodes,Hypertension
Skin Redness,Skin Peeling,Fatigue,Sweating,Runny Nose,Sore Throat,Chest Pain,Flu
Chills,Blurred Vision,Ear Pain,High Blood Pressure,Confusion,Skin Redness,Diarrhea,Unknown
Blurred Vision,Joint Pain,Skin Redness,Chest Pain,Difficulty Swallowing,Ear Pain,Skin Peeling,Migraine
Difficulty Swallowing,Chest Pain,Swollen Lymph Nodes,Loss of Appetite,Nausea,Rash,Shortness of Breath,COVID-19
Ear Pain,Muscle Pain,Diarrhea,Vomiting,Skin Redness,Abdominal Pain,Shortness of Breath,Unknown
Loss of Smell,Ear Pain,Joint Pain,Vomiting,Fever,Rash,Weakness,Typhoid
Dizziness,Headache,Weakness,Sore Throat,Loss of Taste,Fatigue,Skin Redness,Dengue
Chest Pain,Difficulty Swallowing,Loss of Appetite,Blurred Vision,Cough,Skin Redness,Joint Pain,Unknown
Sweating,Joint Pain,Weakness,Fatigue,Low Blood Pressure,Skin Peeling,Loss of Appetite,Food Poisoning
Shortness of Breath,Vomiting,Diarrhea,High Blood Pressure,Confusion,Chills,Fatigue,Flu
Low Blood Pressure,Loss of Taste,Diarrhea,Rash,Shortness of Breath,High Blood Pressure,Runny Nose,COVID-19
Abdominal Pain,Cough,Rash,Sore Throat,Chest Pain,Shortness of Breath,Ear Pain,Pneumonia
Vomiting,Swollen Lymph Nodes,Weakness,Low Blood Pressure,Fever,Loss of Taste,Nausea,Meningitis
High Blood Pressure,Rash,Chills,Fever,Blurred Vision,Ear Pain,Low Blood Pressure,Unknown
Dizziness,Confusion,Weakness,Cough,Sweating,Joint Pain,Sore Throat,Flu
Headache,Chest Pain,Sweating,Rash,Joint Pain,Sore Throat,Runny Nose,Migraine
Confusion,Sweating,Chills,Diarrhea,Difficulty Swallowing,Sore Throat,Nausea,Migraine
Swollen Lymph Nodes,Nausea,Ear Pain,Difficulty Swallowing,Headache,Cough,Weakness,Pneumonia
Fever,Sweating,High Blood Pressure,Rash,Ear Pain,Sore Throat,Skin Peeling,Meningitis
Sweating,Difficulty Swallowing,Chills,Skin Redness,Joint Pain,Weakness,Chest Pain,Pneumonia
Dizziness,Difficulty Swallowing,Loss of Taste,Runny Nose,Confusion,Chest Pain,Sweating,COVID-19
Skin Redness,Low Blood Pressure,Loss of Taste,Cough,Fever,Loss of Appetite,Loss of Smell,Typhoid
Rash,Diarrhea,Loss of Taste,Ear Pain,Runny Nose,Nausea,Vomiting,Dengue
Sweating,Loss of Taste,Swollen Lymph Nodes,Skin Redness,Difficulty Swallowing,Rapid Heart Rate,Loss of Appetite,COVID-19
Chills,Vomiting,Swollen Lymph Nodes,Nausea,Loss of Appetite,Difficulty Swallowing,Cough,Pneumonia
Loss of Taste,Nausea,Low Blood Pressure,Skin Peeling,Fatigue,Loss of Smell,Skin Redness,Hypertension
Rapid Heart Rate,Low Blood Pressure,Dizziness,Swollen Lymph Nodes,Blurred Vision,High Blood Pressure,Abdominal Pain,Hypotension
Loss of Smell,Dizziness,Loss of Taste,Headache,Sore Throat,Joint Pain,Weakness,Hypertension
Diarrhea,High Blood Pressure,Headache,Runny Nose,Ear Pain,Difficulty Swallowing,Rapid Heart Rate,Food Poisoning
Dizziness,Diarrhea,Nausea,Muscle Pain,Swollen Lymph Nodes,Ear Pain,Loss of Smell,Hypertension
Chest Pain,Loss of Taste,Abdominal Pain,Low Blood Pressure,Loss of Appetite,Blurred Vision,Nausea,Unknown
Weakness,Rapid Heart Rate,Runny Nose,Difficulty Swallowing,Nausea,Low Blood Pressure,High Blood Pressure,Ear Infection
Sweating,Ear Pain,Muscle Pain,Cough,High Blood Pressure,Fever,Blurred Vision,Strep Throat
Nausea,Fever,Vomiting,Loss of Taste,Loss of Appetite,Sweating,Skin Redness,Unknown
Fatigue,Runny Nose,Weakness,Shortness of Breath,High Blood Pressure,Skin Redness,Diarrhea,Typhoid
Weakness,Abdominal Pain,Rash,Rapid Heart Rate,Shortness of Breath,Nausea,Fatigue,Unknown
Abdominal Pain,Vomiting,Cough,Diarrhea,Runny Nose,High Blood Pressure,Shortness of Breath,Unknown
Loss of Smell,Weakness,Fatigue,Nausea,Rapid Heart Rate,Runny Nose,High Blood Pressure,Typhoid
Headache,Rash,Rapid Heart Rate,Skin Peeling,Chills,Swollen Lymph Nodes,Skin Redness,Migraine
Vomiting,Chest Pain,Loss of Taste,Blurred Vision,Weakness,Fatigue,Abdominal Pain,Malaria
Difficulty Swallowing,High Blood Pressure,Sore Throat,Confusion,Swollen Lymph Nodes,Weakness,Vomiting,Cold
Muscle Pain,Rash,Loss of Appetite,Loss of Smell,Nausea,Difficulty Swallowing,Ear Pain,Unknown
Sore Throat,Cough,Nausea,Diarrhea,Shortness of Breath,Ear Pain,Headache,Flu
Sore Throat,High Blood Pressure,Loss of Taste,Abdominal Pain,Ear Pain,Sweating,Chills,Unknown
Weakness,Difficulty Swallowing,Loss of Smell,Swollen Lymph Nodes,Muscle Pain,Ear Pain,Confusion,Unknown
Loss of Smell,Fatigue,Difficulty Swallowing,Chills,Rash,Confusion,Skin Peeling,Scarlet Fever
Weakness,Chest Pain,Vomiting,Confusion,High Blood Pressure,Fever,Headache,Hypotension
Loss of Taste,Loss of Appetite,Confusion,Headache,Low Blood Pressure,Chest Pain,Diarrhea,Food Poisoning
Headache,Fatigue,Confusion,Loss of Appetite,Chills,Skin Redness,Swollen Lymph Nodes,Strep Throat
Loss of Smell,Sore Throat,Ear Pain,Vomiting,Abdominal Pain,Runny Nose,High Blood Pressure,Unknown
Skin Peeling,Nausea,Sore Throat,Fatigue,Cough,Swollen Lymph Nodes,Rash,Migraine
Skin Peeling,Runny Nose,Rash,Loss of Appetite,Swollen Lymph Nodes,Headache,Chest Pain,Typhoid
Cough,Rash,Skin Peeling,Loss of Smell,Abdominal Pain,Difficulty Swallowing,Headache,Malaria
Runny Nose,Difficulty Swallowing,Blurred Vision,Skin Redness,Abdominal Pain,Nausea,Sore Throat,Food Poisoning
Low Blood Pressure,Dizziness,Skin Redness,Vomiting,Sweating,Chills,Loss of Taste,Hypertension
Swollen Lymph Nodes,Runny Nose,Rapid Heart Rate,Chills,Skin Redness,Chest Pain,Muscle Pain,Unknown
Dizziness,Joint Pain,Diarrhea,Low Blood Pressure,Cough,Skin Peeling,Loss of Taste,Dengue
Nausea,Headache,Ear Pain,Runny Nose,Blurred Vision,Rash,Loss of Appetite,Unknown
Dizziness,Abdominal Pain,Confusion,Runny Nose,Skin Peeling,Diarrhea,Swollen Lymph Nodes,Hypotension
Sweating,Nausea,Skin Redness,Ear Pain,Loss of Smell,Skin Peeling,Runny Nose,Unknown
Vomiting,Sweating,Skin Redness,Rapid Heart Rate,Fatigue,Weakness,Abdominal Pain,Unknown
Cough,Rash,Swollen Lymph Nodes,Fatigue,Diarrhea,Difficulty Swallowing,Low Blood Pressure,Hypotension
Blurred Vision,Joint Pain,Ear Pain,Fever,Skin Redness,Loss of Appetite,Loss of Taste,Migraine
Loss of Appetite,Skin Redness,Vomiting,Sore Throat,Fever,Rash,Low Blood Pressure,Dengue
Vomiting,Skin Redness,Nausea,Skin Peeling,Chills,Loss of Appetite,Abdominal Pain,COVID-19
Sore Throat,Rapid Heart Rate,Loss of Appetite,Shortness of Breath,Fever,High Blood Pressure,Runny Nose,Meningitis
Sweating,Low Blood Pressure,Rapid Heart Rate,Loss of Appetite,Confusion,Blurred Vision,Vomiting,Migraine
Headache,Rash,Blurred Vision,Weakness,Muscle Pain,Abdominal Pain,Skin Redness,Food Poisoning
Shortness of Breath,Difficulty Swallowing,Blurred Vision,Sore Throat,Weakness,Cough,Joint Pain,Unknown
Loss of Taste,Chest Pain,Joint Pain,Skin Redness,Loss of Smell,Rapid Heart Rate,Cough,COVID-19
Vomiting,Headache,Chest Pain,Skin Redness,Skin Peeling,Rapid Heart Rate,High Blood Pressure,Unknown
Blurred Vision,Swollen Lymph Nodes,Loss of Appetite,Sweating,Rapid Heart Rate,Loss of Taste,Chills,Unknown
Loss of Taste,High Blood Pressure,Joint Pain,Ear Pain,Sweating,Chest Pain,Abdominal Pain,Hypertension
High Blood Pressure,Loss of Appetite,Fatigue,Swollen Lymph Nodes,Loss of Smell,Headache,Confusion,Cold
Loss of Smell,Fatigue,Shortness of Breath,Difficulty Swallowing,Rapid Heart Rate,Diarrhea,Ear Pain,COVID-19
Loss of Taste,Blurred Vision,Joint Pain,Swollen Lymph Nodes,Confusion,Rapid Heart Rate,Difficulty Swallowing,Strep Throat
Muscle Pain,Confusion,Skin Redness,Vomiting,Diarrhea,Rash,Dizziness,Unknown
Cough,Sore Throat,High Blood Pressure,Loss of Taste,Abdominal Pain,Shortness of Breath,Swollen Lymph Nodes,Flu
Confusion,Swollen Lymph Nodes,Nausea,Skin Redness,Fatigue,Diarrhea,Ear Pain,Typhoid
Dizziness,Abdominal Pain,Chills,Headache,Weakness,Muscle Pain,Difficulty Swallowing,Strep Throat
Weakness,Difficulty Swallowing,Headache,Rapid Heart Rate,Fever,Abdominal Pain,Chills,Pneumonia
Confusion,Weakness,Fatigue,Headache,Cough,High Blood Pressure,Joint Pain,Malaria
Joint Pain,Skin Redness,Headache,Difficulty Swallowing,Runny Nose,Low Blood Pressure,Blurred Vision,Strep Throat
Blurred Vision,Chills,Runny Nose,Ear Pain,Headache,High Blood Pressure,Fever,Cold
Chest Pain,Rapid Heart Rate,Chills,Shortness of Breath,Cough,Loss of Appetite,Diarrhea,Unknown
Muscle Pain,Headache,Skin Peeling,Swollen Lymph Nodes,Shortness of Breath,Vomiting,Difficulty Swallowing,COVID-19
Dizziness,Loss of Appetite,Abdominal Pain,Swollen Lymph Nodes,Confusion,Rash,Low Blood Pressure,Unknown
Nausea,Swollen Lymph Nodes,Loss of Appetite,Loss of Taste,Muscle Pain,Sore Throat,Abdominal Pain,Flu
Swollen Lymph Nodes,Vomiting,Headache,Sore Throat,Rapid Heart Rate,Diarrhea,Fatigue,Meningitis
Dizziness,Shortness of Breath,Blurred Vision,Abdominal Pain,Weakness,Low Blood Pressure,Fatigue,Hypotension
Nausea,Sweating,Weakness,Sore Throat,Rash,Low Blood Pressure,Blurred Vision,Meningitis
Rash,Sore Throat,Nausea,Rapid Heart Rate,Cough,Sweating,Loss of Taste,Food Poisoning
Difficulty Swallowing,Blurred Vision,Sweating,Loss of Taste,Loss of Smell,Chills,Fatigue,Migraine
Sore Throat,Sweating,Nausea,Cough,Loss of Smell,Rash,Shortness of Breath,Migraine
Fatigue,Headache,Dizziness,Chills,Ear Pain,Skin Redness,Weakness,Unknown
Loss of Smell,Low Blood Pressure,Shortness of Breath,Chest Pain,Blurred Vision,Swollen Lymph Nodes,Rapid Heart Rate,Unknown
Loss of Smell,Confusion,Diarrhea,Blurred Vision,Joint Pain,Weakness,Runny Nose,Food Poisoning
Vomiting,Rapid Heart Rate,Loss of Taste,Weakness,High Blood Pressure,Low Blood Pressure,Abdominal Pain,Unknown
High Blood Pressure,Joint Pain,Headache,Loss of Appetite,Difficulty Swallowing,Muscle Pain,Rash,Unknown
Skin Peeling,Loss of Smell,Chills,Chest Pain,Difficulty Swallowing,Diarrhea,Rash,Unknown
Cough,Low Blood Pressure,Confusion,Rash,Rapid Heart Rate,Swollen Lymph Nodes,Ear Pain,Unknown
Rash,Loss of Smell,Sweating,High Blood Pressure,Swollen Lymph Nodes,Fatigue,Joint Pain,Typhoid
Weakness,Dizziness,Swollen Lymph Nodes,Vomiting,High Blood Pressure,Loss of Smell,Sore Throat,Strep Throat
Fever,Weakness,Nausea,Confusion,Diarrhea,Joint Pain,Blurred Vision,Migraine
High Blood Pressure,Ear Pain,Nausea,Vomiting,Headache,Chest Pain,Loss of Smell,Unknown
Low Blood Pressure,Loss of Smell,Chest Pain,Cough,Dizziness,Loss of Appetite,High Blood Pressure,Flu
Fatigue,Joint Pain,Dizziness,Shortness of Breath,Abdominal Pain,Confusion,Sweating,Unknown
Muscle Pain,Vomiting,Difficulty Swallowing,Dizziness,Weakness,Loss of Smell,Sweating,Hypotension
Vomiting,Confusion,Runny Nose,Joint Pain,Skin Peeling,Headache,Shortness of Breath,Dengue
Sweating,Muscle Pain,Vomiting,Fatigue,Dizziness,Abdominal Pain,Fever,Ear Infection
Confusion,Runny Nose,Rash,Shortness of Breath,Ear Pain,Blurred Vision,Sweating,Unknown
Chills,Difficulty Swallowing,Skin Redness,Cough,Chest Pain,Nausea,Loss of Taste,COVID-19
Rapid Heart Rate,Headache,Chills,Loss of Appetite,Difficulty Swallowing,Confusion,Cough,Malaria
High Blood Pressure,Sweating,Vomiting,Ear Pain,Loss of Appetite,Fever,Confusion,Hypertension
Blurred Vision,Ear Pain,Chest Pain,Rapid Heart Rate,Skin Redness,Skin Peeling,Low Blood Pressure,Unknown
Runny Nose,Shortness of Breath,Sweating,Cough,Ear Pain,Fatigue,Nausea,Unknown
Skin Peeling,Muscle Pain,Abdominal Pain,Shortness of Breath,Diarrhea,Rapid Heart Rate,Skin Redness,Unknown
Swollen Lymph Nodes,Nausea,Low Blood Pressure,Loss of Smell,Blurred Vision,Weakness,Skin Peeling,Unknown
Muscle Pain,Weakness,Headache,Confusion,Swollen Lymph Nodes,Sore Throat,Rapid Heart Rate,Typhoid
Headache,Rash,Difficulty Swallowing,Joint Pain,Chest Pain,Weakness,Skin Redness,Malaria
Difficulty Swallowing,Blurred Vision,Rash,Shortness of Breath,Sweating,Loss of Taste,Skin Peeling,Migraine
Joint Pain,Nausea,Vomiting,Headache,Runny Nose,Chills,High Blood Pressure,Unknown
Blurred Vision,Diarrhea,Muscle Pain,Nausea,Rash,Low Blood Pressure,Loss of Smell,Unknown
Vomiting,Abdominal Pain,Nausea,Confusion,Blurred Vision,Fatigue,Loss of Taste,Flu
Blurred Vision,Swollen Lymph Nodes,High Blood Pressure,Rash,Ear Pain,Cough,Difficulty Swallowing,Ear Infection
Rash,Cough,Sore Throat,Low Blood Pressure,Chills,Skin Redness,High Blood Pressure,Hypertension
Nausea,Dizziness,Rash,Skin Redness,Fever,Joint Pain,Chills,Flu
Headache,Muscle Pain,Vomiting,Difficulty Swallowing,Shortness of Breath,Rash,Chills,Strep Throat
Weakness,Rash,Runny Nose,Vomiting,Headache,Nausea,Cough,Malaria
Rash,Loss of Appetite,High Blood Pressure,Dizziness,Weakness,Runny Nose,Loss of Taste,Unknown
Sore Throat,Abdominal Pain,Joint Pain,Skin Peeling,Cough,Fatigue,Muscle Pain,Food Poisoning
Sore Throat,Abdominal Pain,Skin Peeling,Cough,Fatigue,Low Blood Pressure,Weakness,Unknown
Weakness,Low Blood Pressure,Ear Pain,High Blood Pressure,Vomiting,Loss of Appetite,Skin Peeling,COVID-19
Skin Peeling,Swollen Lymph Nodes,Vomiting,Blurred Vision,Cough,Joint Pain,Shortness of Breath,Food Poisoning
Low Blood Pressure,Cough,Rapid Heart Rate,Skin Peeling,Sweating,Diarrhea,Loss of Appetite,Unknown
Fever,Sore Throat,Chest Pain,Loss of Taste,Diarrhea,High Blood Pressure,Nausea,Pneumonia
Joint Pain,Skin Redness,Chest Pain,Blurred Vision,Sweating,Low Blood Pressure,Headache,Unknown
Fever,Rash,Confusion,Ear Pain,Swollen Lymph Nodes,Fatigue,Abdominal Pain,Unknown
Runny Nose,Difficulty Swallowing,Muscle Pain,Diarrhea,Fatigue,Loss of Smell,Rapid Heart Rate,Hypotension
Sore Throat,Fatigue,Rash,Fever,Sweating,High Blood Pressure,Chest Pain,Dengue
Loss of Smell,Fever,Headache,Dizziness,Rapid Heart Rate,Sweating,Fatigue,Food Poisoning
Ear Pain,Joint Pain,High Blood Pressure,Fever,Cough,Loss of Smell,Dizziness,Cold
Rash,Joint Pain,Confusion,Chills,Skin Peeling,Loss of Taste,High Blood Pressure,Unknown
Fever,High Blood Pressure,Loss of Appetite,Skin Peeling,Weakness,Abdominal Pain,Runny Nose,Typhoid
High Blood Pressure,Chills,Difficulty Swallowing,Swollen Lymph Nodes,Skin Redness,Diarrhea,Headache,Strep Throat
Sweating,Weakness,Runny Nose,Skin Redness,Confusion,Low Blood Pressure,Rash,Unknown
Diarrhea,Nausea,High Blood Pressure,Difficulty Swallowing,Loss of Taste,Loss of Appetite,Low Blood Pressure,Unknown
Skin Peeling,Skin Redness,Confusion,Vomiting,Chills,Fatigue,Loss of Appetite,Unknown
Sweating,Rapid Heart Rate,Skin Redness,Loss of Smell,Weakness,Fever,Rash,Unknown
Vomiting,Dizziness,Sore Throat,Weakness,Joint Pain,Confusion,Difficulty Swallowing,Meningitis
Skin Peeling,Sweating,Diarrhea,Dizziness,Sore Throat,Joint Pain,Ear Pain,Unknown
Skin Redness,Chest Pain,Weakness,Skin Peeling,Swollen Lymph Nodes,Loss of Taste,Chills,Typhoid
Fever,High Blood Pressure,Difficulty Swallowing,Rash,Abdominal Pain,Loss of Appetite,Nausea,Scarlet Fever
Runny Nose,High Blood Pressure,Weakness,Shortness of Breath,Low Blood Pressure,Rapid Heart Rate,Chills,COVID-19
Skin Redness,Joint Pain,Fatigue,Rapid Heart Rate,Sore Throat,Fever,Loss of Appetite,Pneumonia
Shortness of Breath,Runny Nose,Loss of Smell,Joint Pain,Ear Pain,Fever,Confusion,Unknown
Ear Pain,Skin Peeling,Runny Nose,Dizziness,Sweating,Shortness of Breath,Low Blood Pressure,Unknown
Low Blood Pressure,Loss of Appetite,Diarrhea,Muscle Pain,Rapid Heart Rate,Joint Pain,Loss of Taste,Unknown
Joint Pain,Swollen Lymph Nodes,Blurred Vision,Chills,Loss of Appetite,Muscle Pain,Difficulty Swallowing,Malaria
Loss of Appetite,Confusion,Abdominal Pain,High Blood Pressure,Blurred Vision,Cough,Rapid Heart Rate,Meningitis
Difficulty Swallowing,Joint Pain,Headache,Low Blood Pressure,Runny Nose,Swollen Lymph Nodes,Sore Throat,Unknown
Swollen Lymph Nodes,Fatigue,Nausea,Abdominal Pain,Muscle Pain,Vomiting,Headache,Strep Throat
Dizziness,Skin Redness,Loss of Taste,Low Blood Pressure,Fatigue,Runny Nose,Fever,Meningitis
Diarrhea,Chills,Abdominal Pain,Skin Redness,Rash,Blurred Vision,Sweating,Unknown
Sore Throat,Ear Pain,Shortness of Breath,Muscle Pain,Confusion,Low Blood Pressure,Joint Pain,Unknown
Loss of Taste,Sweating,Skin Redness,Nausea,Headache,Blurred Vision,Skin Peeling,Unknown
Low Blood Pressure,Confusion,Abdominal Pain,Difficulty Swallowing,Cough,Sore Throat,Skin Peeling,Ear Infection
Confusion,Dizziness,Nausea,Fever,Chest Pain,Ear Pain,Weakness,Scarlet Fever
Headache,Muscle Pain,Dizziness,Rash,Nausea,Shortness of Breath,Loss of Appetite,Hypotension
Loss of Smell,Muscle Pain,Fever,High Blood Pressure,Vomiting,Skin Peeling,Confusion,Hypertension
Loss of Smell,Joint Pain,Weakness,High Blood Pressure,Abdominal Pain,Blurred Vision,Loss of Appetite,Migraine
High Blood Pressure,Rapid Heart Rate,Loss of Appetite,Sore Throat,Swollen Lymph Nodes,Sweating,Nausea,Migraine
Sore Throat,Cough,Loss of Appetite,Loss of Smell,Skin Redness,Headache,Chills,Typhoid
Loss of Smell,Skin Peeling,Chest Pain,Swollen Lymph Nodes,Skin Redness,Loss of Taste,Sore Throat,Unknown
Fatigue,Skin Redness,Diarrhea,Confusion,Runny Nose,Rash,Fever,Cold
Difficulty Swallowing,Shortness of Breath,Confusion,Joint Pain,Muscle Pain,Abdominal Pain,Skin Redness,Food Poisoning
Skin Peeling,Vomiting,Dizziness,Cough,Blurred Vision,High Blood Pressure,Ear Pain,Hypotension
Runny Nose,High Blood Pressure,Muscle Pain,Loss of Appetite,Sore Throat,Vomiting,Cough,COVID-19
Chills,Rapid Heart Rate,Cough,Difficulty Swallowing,Chest Pain,Vomiting,Weakness,Ear Infection
Headache,Sore Throat,Rash,Loss of Taste,Fever,Shortness of Breath,Runny Nose,COVID-19
Loss of Appetite,High Blood Pressure,Diarrhea,Swollen Lymph Nodes,Joint Pain,Sore Throat,Dizziness,Strep Throat
Cough,Vomiting,Difficulty Swallowing,Runny Nose,Rapid Heart Rate,Chills,Skin Peeling,Strep Throat
Rapid Heart Rate,Rash,Weakness,Skin Peeling,Blurred Vision,Abdominal Pain,Diarrhea,Unknown
Rash,Sweating,Headache,Sore Throat,Ear Pain,Dizziness,Cough,Hypotension
Weakness,Chest Pain,Low Blood Pressure,Loss of Taste,Diarrhea,Runny Nose,Chills,Unknown
Dizziness,Vomiting,Sore Throat,Joint Pain,High Blood Pressure,Low Blood Pressure,Difficulty Swallowing,Unknown
Shortness of Breath,Diarrhea,Rapid Heart Rate,Sore Throat,Weakness,Fatigue,Ear Pain,Unknown
Vomiting,Difficulty Swallowing,Ear Pain,Low Blood Pressure,Cough,Skin Redness,Shortness of Breath,Unknown
Loss of Appetite,Chills,Fever,Confusion,Shortness of Breath,Swollen Lymph Nodes,Headache,Flu
Skin Redness,Runny Nose,Fever,Nausea,Diarrhea,Sweating,Low Blood Pressure,Migraine
Loss of Appetite,Vomiting,Nausea,Diarrhea,Ear Pain,Weakness,Low Blood Pressure,Unknown
Sore Throat,Loss of Taste,Confusion,Joint Pain,Fatigue,Chest Pain,Blurred Vision,Food Poisoning
Blurred Vision,Loss of Appetite,Sore Throat,Swollen Lymph Nodes,Low Blood Pressure,Weakness,Chest Pain,Unknown
Skin Peeling,Muscle Pain,Weakness,Blurred Vision,Joint Pain,Fever,Nausea,Unknown
Fatigue,Runny Nose,Headache,Rapid Heart Rate,Ear Pain,Skin Peeling,Diarrhea,Cold
Diarrhea,Sore Throat,Vomiting,Weakness,Muscle Pain,Rash,Low Blood Pressure,Unknown
Shortness of Breath,Fever,Headache,Dizziness,Confusion,Cough,Loss of Appetite,Meningitis
Vomiting,Nausea,Fatigue,Diarrhea,Sore Throat,Cough,High Blood Pressure,Flu
Diarrhea,Swollen Lymph Nodes,Cough,Chest Pain,Confusion,Weakness,Sweating,Malaria
Loss of Appetite,Chills,Runny Nose,Difficulty Swallowing,Fatigue,Blurred Vision,Weakness,Ear Infection
Confusion,Difficulty Swallowing,Loss of Appetite,Abdominal Pain,Loss of Taste,Dizziness,Skin Peeling,Strep Throat
Skin Redness,Low Blood Pressure,Runny Nose,Weakness,Loss of Appetite,Confusion,Vomiting,Hypotension
Skin Peeling,Muscle Pain,Fever,Sweating,Diarrhea,Loss of Appetite,Low Blood Pressure,Food Poisoning
Chills,Weakness,Fever,Skin Redness,Chest Pain,Shortness of Breath,Joint Pain,Hypotension
Runny Nose,Blurred Vision,Weakness,High Blood Pressure,Diarrhea,Loss of Appetite,Loss of Smell,Cold
Chills,Loss of Smell,High Blood Pressure,Ear Pain,Rash,Vomiting,Blurred Vision,Ear Infection
Low Blood Pressure,Blurred Vision,Loss of Smell,Muscle Pain,Joint Pain,Chest Pain,Loss of Taste,Unknown
Confusion,Blurred Vision,Vomiting,Skin Peeling,Difficulty Swallowing,Ear Pain,Loss of Appetite,Unknown
Nausea,Difficulty Swallowing,Loss of Smell,Confusion,Chest Pain,Sweating,Sore Throat,Flu
Swollen Lymph Nodes,Loss of Smell,Loss of Taste,Chest Pain,Joint Pain,Difficulty Swallowing,Rash,Unknown
Joint Pain,Confusion,Runny Nose,Nausea,High Blood Pressure,Low Blood Pressure,Difficulty Swallowing,Unknown
Joint Pain,Loss of Appetite,Rapid Heart Rate,Shortness of Breath,Abdominal Pain,Fever,Weakness,Typhoid
High Blood Pressure,Diarrhea,Nausea,Weakness,Joint Pain,Skin Peeling,Chills,Unknown
Rapid Heart Rate,Loss of Smell,Skin Redness,Diarrhea,Blurred Vision,Rash,Vomiting,Unknown
Weakness,Sore Throat,Muscle Pain,Shortness of Breath,Runny Nose,Loss of Appetite,Joint Pain,Unknown
Chills,Cough,Dizziness,Fatigue,Fever,Sore Throat,Difficulty Swallowing,Food Poisoning
Difficulty Swallowing,Swollen Lymph Nodes,Muscle Pain,Abdominal Pain,Vomiting,Runny Nose,Ear Pain,Dengue
Abdominal Pain,Fever,Confusion,Skin Redness,Blurred Vision,Ear Pain,Muscle Pain,Unknown
Loss of Smell,Rapid Heart Rate,Cough,Loss of Taste,Rash,Muscle Pain,Low Blood Pressure,Hypotension
Cough,Blurred Vision,Sweating,Rash,Sore Throat,Difficulty Swallowing,Low Blood Pressure,Strep Throat
Fatigue,Rapid Heart Rate,Muscle Pain,Skin Peeling,Sore Throat,Weakness,Loss of Smell,Cold
Weakness,Skin Redness,Low Blood Pressure,Chills,Cough,Swollen Lymph Nodes,Sore Throat,COVID-19
Headache,Swollen Lymph Nodes,Loss of Smell,Muscle Pain,Loss of Taste,Ear Pain,Low Blood Pressure,Malaria
Cough,Abdominal Pain,Fever,Loss of Appetite,Runny Nose,Chest Pain,Loss of Smell,Food Poisoning
Confusion,Swollen Lymph Nodes,High Blood Pressure,Blurred Vision,Rapid Heart Rate,Nausea,Abdominal Pain,Unknown
Headache,Abdominal Pain,High Blood Pressure,Difficulty Swallowing,Sore Throat,Fever,Vomiting,Flu
Swollen Lymph Nodes,Rash,Chills,Fatigue,Low Blood Pressure,Shortness of Breath,Nausea,COVID-19
Difficulty Swallowing,High Blood Pressure,Loss of Smell,Low Blood Pressure,Runny Nose,Abdominal Pain,Skin Peeling,Hypertension
Chest Pain,Vomiting,Joint Pain,Difficulty Swallowing,High Blood Pressure,Confusion,Skin Redness,Unknown
Cough,Chest Pain,Loss of Taste,Abdominal Pain,Rash,Muscle Pain,Joint Pain,Unknown
Cough,Rapid Heart Rate,Chest Pain,Diarrhea,Swollen Lymph Nodes,Sweating,High Blood Pressure,Pneumonia
Abdominal Pain,Swollen Lymph Nodes,Chills,Loss of Taste,Diarrhea,Loss of Appetite,Fatigue,Unknown
Fever,Blurred Vision,Low Blood Pressure,Loss of Smell,High Blood Pressure,Rash,Skin Peeling,Malaria
Fatigue,Chills,Joint Pain,Ear Pain,Skin Peeling,Fever,Loss of Taste,Hypertension
Difficulty Swallowing,Blurred Vision,Muscle Pain,Low Blood Pressure,Cough,Fever,Loss of Taste,Unknown
Joint Pain,Rapid Heart Rate,Dizziness,Fever,Shortness of Breath,Loss of Smell,Skin Redness,Ear Infection
Difficulty Swallowing,Abdominal Pain,Confusion,Swollen Lymph Nodes,Ear Pain,Fever,Skin Redness,Pneumonia
Headache,Muscle Pain,Rash,Diarrhea,Loss of Smell,Ear Pain,Shortness of Breath,Unknown
Low Blood Pressure,Cough,Rash,Loss of Taste,Confusion,Loss of Smell,Chills,Unknown
Blurred Vision,Cough,Dizziness,Sweating,Low Blood Pressure,Runny Nose,Vomiting,Hypertension
Loss of Smell,Skin Redness,Ear Pain,Loss of Taste,Skin Peeling,Chills,Low Blood Pressure,Ear Infection
Fever,Skin Redness,Dizziness,High Blood Pressure,Fatigue,Vomiting,Muscle Pain,Hypertension
Weakness,Vomiting,Cough,Rash,Blurred Vision,Joint Pain,Loss of Smell,Pneumonia
Low Blood Pressure,Sweating,Skin Peeling,Loss of Smell,High Blood Pressure,Fever,Chills,Malaria
Skin Peeling,Chills,Loss of Appetite,Loss of Taste,Cough,Joint Pain,Confusion,Unknown
Fever,Blurred Vision,Ear Pain,Rash,Nausea,Low Blood Pressure,Fatigue,Scarlet Fever
Sweating,Dizziness,Diarrhea,Vomiting,Joint Pain,Chest Pain,Weakness,Hypotension
High Blood Pressure,Sore Throat,Muscle Pain,Confusion,Difficulty Swallowing,Joint Pain,Abdominal Pain,Food Poisoning
Sweating,Muscle Pain,Fever,Weakness,Swollen Lymph Nodes,Skin Redness,Chest Pain,Unknown
High Blood Pressure,Nausea,Skin Peeling,Blurred Vision,Sore Throat,Sweating,Rash,Cold
Rash,Vomiting,Abdominal Pain,Muscle Pain,Sore Throat,Low Blood Pressure,Chest Pain,Unknown
Cough,Confusion,Shortness of Breath,Difficulty Swallowing,Joint Pain,Blurred Vision,Skin Redness,Unknown
High Blood Pressure,Swollen Lymph Nodes,Abdominal Pain,Fatigue,Confusion,Cough,Fever,Scarlet Fever
High Blood Pressure,Sore Throat,Loss of Smell,Diarrhea,Rapid Heart Rate,Sweating,Fever,COVID-19
Joint Pain,Low Blood Pressure,Blurred Vision,Swollen Lymph Nodes,Nausea,Confusion,Skin Peeling,Unknown
Joint Pain,Rapid Heart Rate,Ear Pain,Dizziness,Skin Redness,Loss of Taste,Runny Nose,Dengue
Loss of Smell,Low Blood Pressure,Blurred Vision,Weakness,Rapid Heart Rate,Loss of Appetite,Fatigue,Food Poisoning
Cough,High Blood Pressure,Rapid Heart Rate,Sweating,Blurred Vision,Fever,Shortness of Breath,Hypertension
Weakness,High Blood Pressure,Confusion,Low Blood Pressure,Sweating,Rash,Dizziness,Hypotension
Rash,Rapid Heart Rate,Fever,Headache,Runny Nose,Muscle Pain,High Blood Pressure,COVID-19
Loss of Taste,Diarrhea,Loss of Smell,Abdominal Pain,Nausea,Skin Redness,Rapid Heart Rate,Hypotension
Ear Pain,Loss of Appetite,Shortness of Breath,Headache,Loss of Smell,Fatigue,Sweating,Unknown
Rash,Loss of Appetite,Headache,Fatigue,Vomiting,High Blood Pressure,Skin Redness,Scarlet Fever
Ear Pain,Low Blood Pressure,Joint Pain,Skin Peeling,High Blood Pressure,Fatigue,Loss of Smell,Scarlet Fever
Loss of Smell,Skin Redness,Runny Nose,Low Blood Pressure,Shortness of Breath,Sweating,Confusion,Pneumonia
Rash,Rapid Heart Rate,Joint Pain,Headache,Shortness of Breath,Difficulty Swallowing,Cough,Cold
Low Blood Pressure,Rapid Heart Rate,Difficulty Swallowing,Rash,Skin Redness,Confusion,Loss of Appetite,Strep Throat
Loss of Appetite,Joint Pain,Weakness,Confusion,Rapid Heart Rate,Difficulty Swallowing,Headache,Migraine
Weakness,Cough,Loss of Appetite,Runny Nose,Blurred Vision,High Blood Pressure,Low Blood Pressure,Unknown
Fever,Sore Throat,Joint Pain,Cough,Rash,Headache,Ear Pain,Migraine
Loss of Taste,Skin Redness,Rash,Difficulty Swallowing,Cough,High Blood Pressure,Vomiting,Strep Throat
Chest Pain,Skin Peeling,Blurred Vision,Diarrhea,Loss of Smell,Fever,Confusion,Pneumonia
Rash,Dizziness,Sweating,Difficulty Swallowing,Loss of Taste,Fever,Chills,Hypotension
High Blood Pressure,Fatigue,Loss of Taste,Muscle Pain,Skin Redness,Runny Nose,Loss of Appetite,Unknown
Loss of Taste,Fever,Diarrhea,Shortness of Breath,Headache,Chest Pain,Abdominal Pain,Flu
Headache,Dizziness,Runny Nose,Joint Pain,Abdominal Pain,Diarrhea,Difficulty Swallowing,Unknown
Fever,Joint Pain,Muscle Pain,Rapid Heart Rate,Difficulty Swallowing,Swollen Lymph Nodes,Low Blood Pressure,COVID-19
Swollen Lymph Nodes,Muscle Pain,Abdominal Pain,Low Blood Pressure,Chest Pain,Shortness of Breath,Skin Peeling,Unknown
Ear Pain,Skin Peeling,Fever,Joint Pain,Fatigue,Nausea,Sweating,Food Poisoning
Cough,Vomiting,Blurred Vision,Nausea,Difficulty Swallowing,Weakness,Sweating,Strep Throat
Skin Redness,Runny Nose,Vomiting,Confusion,Cough,Diarrhea,Chills,Unknown
Vomiting,Chills,Swollen Lymph Nodes,Difficulty Swallowing,Ear Pain,Muscle Pain,Confusion,Strep Throat
Ear Pain,Abdominal Pain,Headache,Skin Redness,Chills,Blurred Vision,Diarrhea,Migraine
Vomiting,Cough,Ear Pain,Joint Pain,Shortness of Breath,Muscle Pain,Sore Throat,Scarlet Fever
Fatigue,Loss of Smell,Nausea,Dizziness,Difficulty Swallowing,Skin Peeling,Chest Pain,Unknown
Vomiting,Cough,Fever,Nausea,Blurred Vision,Rash,Loss of Smell,Unknown
Chills,Ear Pain,Runny Nose,Low Blood Pressure,Confusion,Loss of Taste,Dizziness,Hypertension
Chest Pain,Loss of Appetite,High Blood Pressure,Abdominal Pain,Headache,Ear Pain,Nausea,Flu
Skin Peeling,Dizziness,Loss of Smell,Blurred Vision,Difficulty Swallowing,Chest Pain,Diarrhea,Pneumonia
Headache,Chest Pain,Difficulty Swallowing,Shortness of Breath,Joint Pain,Sweating,Ear Pain,Flu
Loss of Smell,Diarrhea,Runny Nose,Rash,Swollen Lymph Nodes,Chills,Vomiting,Malaria
Rapid Heart Rate,Muscle Pain,Runny Nose,Shortness of Breath,Rash,Loss of Smell,Weakness,Typhoid
Fever,Headache,Muscle Pain,Nausea,Runny Nose,Dizziness,Loss of Smell,COVID-19
Loss of Taste,Headache,Joint Pain,Shortness of Breath,Runny Nose,Difficulty Swallowing,Chest Pain,Unknown
Difficulty Swallowing,Fatigue,Joint Pain,Confusion,Loss of Appetite,Rapid Heart Rate,Shortness of Breath,Flu
Difficulty Swallowing,Blurred Vision,Rapid Heart Rate,Ear Pain,Shortness of Breath,Swollen Lymph Nodes,Sore Throat,Strep Throat
Skin Peeling,Nausea,Chills,Rash,Loss of Taste,Shortness of Breath,Swollen Lymph Nodes,Dengue
Swollen Lymph Nodes,Muscle Pain,Fever,Confusion,Loss of Taste,Rash,Difficulty Swallowing,Flu
Chills,Runny Nose,Difficulty Swallowing,Confusion,Diarrhea,Skin Peeling,Cough,Cold
Sore Throat,Blurred Vision,Abdominal Pain,Cough,Nausea,Shortness of Breath,Confusion,Meningitis
Skin Peeling,High Blood Pressure,Nausea,Blurred Vision,Loss of Appetite,Rash,Low Blood Pressure,Dengue
Muscle Pain,Confusion,Nausea,Loss of Appetite,Skin Redness,Rash,Cough,Flu
Difficulty Swallowing,Swollen Lymph Nodes,Diarrhea,Headache,Blurred Vision,Chest Pain,Rash,Unknown
Difficulty Swallowing,Skin Peeling,Nausea,Chills,Headache,High Blood Pressure,Rash,Unknown
Runny Nose,Loss of Appetite,Skin Peeling,Cough,Ear Pain,Confusion,Chest Pain,Unknown
Chest Pain,Headache,Loss of Smell,Joint Pain,Swollen Lymph Nodes,Sore Throat,Shortness of Breath,Unknown
Weakness,Nausea,Sweating,Skin Peeling,Rash,Vomiting,Low Blood Pressure,Meningitis
Sweating,Fatigue,Joint Pain,Abdominal Pain,Vomiting,Loss of Taste,Runny Nose,Flu
Rash,Muscle Pain,Weakness,Cough,Sore Throat,Diarrhea,Ear Pain,Pneumonia
Difficulty Swallowing,Rapid Heart Rate,Headache,Rash,Fever,Swollen Lymph Nodes,Ear Pain,Pneumonia
Loss of Taste,Sweating,Abdominal Pain,Skin Redness,Chills,Shortness of Breath,Low Blood Pressure,Unknown
Abdominal Pain,High Blood Pressure,Loss of Smell,Shortness of Breath,Loss of Appetite,Joint Pain,Sore Throat,Flu
Muscle Pain,Skin Redness,High Blood Pressure,Vomiting,Loss of Appetite,Cough,Loss of Smell,Unknown
Skin Redness,Vomiting,Shortness of Breath,Skin Peeling,Loss of Smell,Rash,Difficulty Swallowing,Ear Infection
Swollen Lymph Nodes,Muscle Pain,Headache,Runny Nose,Chills,Dizziness,Nausea,Unknown
Muscle Pain,High Blood Pressure,Rash,Loss of Smell,Runny Nose,Fever,Chest Pain,Malaria
Diarrhea,Fatigue,Chills,Confusion,Nausea,Difficulty Swallowing,Skin Peeling,COVID-19
Sweating,High Blood Pressure,Chills,Fatigue,Dizziness,Shortness of Breath,Skin Redness,Scarlet Fever
Nausea,Dizziness,Chills,Ear Pain,Vomiting,Skin Peeling,Low Blood Pressure,Unknown
Diarrhea,Headache,Loss of Appetite,Muscle Pain,Chills,Nausea,Sweating,Unknown
Dizziness,Shortness of Breath,High Blood Pressure,Nausea,Weakness,Difficulty Swallowing,Diarrhea,Food Poisoning
Vomiting,Loss of Taste,Shortness of Breath,Abdominal Pain,High Blood Pressure,Joint Pain,Rash,Unknown
Confusion,Ear Pain,Vomiting,Rapid Heart Rate,Difficulty Swallowing,Weakness,Dizziness,Typhoid
Fever,Low Blood Pressure,Runny Nose,Chest Pain,Nausea,Ear Pain,Rash,Malaria
Confusion,Fatigue,Difficulty Swallowing,Fever,Skin Redness,Blurred Vision,Muscle Pain,COVID-19
Weakness,Diarrhea,Shortness of Breath,Loss of Smell,Joint Pain,Abdominal Pain,High Blood Pressure,Unknown
Blurred Vision,Loss of Taste,Confusion,Muscle Pain,Weakness,Sweating,Vomiting,Unknown
Fever,Cough,Loss of Appetite,Sore Throat,Abdominal Pain,Difficulty Swallowing,Rash,Typhoid
Abdominal Pain,Difficulty Swallowing,Sore Throat,Runny Nose,Swollen Lymph Nodes,Joint Pain,Ear Pain,Strep Throat
Chest Pain,Fever,Shortness of Breath,Joint Pain,Runny Nose,Chills,Ear Pain,Ear Infection
Sweating,Rash,Abdominal Pain,Swollen Lymph Nodes,Weakness,Loss of Taste,Vomiting,Unknown
Nausea,Chills,Cough,Diarrhea,Swollen Lymph Nodes,Difficulty Swallowing,Ear Pain,Strep Throat
Weakness,Sore Throat,Chest Pain,Abdominal Pain,Rash,Cough,Chills,Scarlet Fever
Low Blood Pressure,Weakness,Rapid Heart Rate,High Blood Pressure,Difficulty Swallowing,Confusion,Swollen Lymph Nodes,Ear Infection
Skin Redness,Abdominal Pain,Diarrhea,High Blood Pressure,Confusion,Joint Pain,Sweating,Unknown
Runny Nose,Joint Pain,Skin Redness,Confusion,Low Blood Pressure,Loss of Smell,Chest Pain,Unknown
Cough,Shortness of Breath,Swollen Lymph Nodes,Vomiting,Muscle Pain,Fever,Dizziness,Food Poisoning
Dizziness,Weakness,Cough,Abdominal Pain,Muscle Pain,Chest Pain,Swollen Lymph Nodes,Dengue
Sore Throat,Dizziness,Difficulty Swallowing,Vomiting,Nausea,Abdominal Pain,Joint Pain,Strep Throat
Sore Throat,Loss of Taste,Abdominal Pain,Ear Pain,Fever,Loss of Smell,Cough,Unknown
Blurred Vision,Loss of Smell,Cough,Headache,Runny Nose,Chest Pain,Low Blood Pressure,Hypertension
Skin Peeling,Dizziness,Diarrhea,Confusion,Loss of Appetite,Headache,Cough,Unknown
Runny Nose,Vomiting,Weakness,Shortness of Breath,Swollen Lymph Nodes,Difficulty Swallowing,Loss of Taste,Unknown
Vomiting,Loss of Taste,Muscle Pain,Weakness,Difficulty Swallowing,Confusion,Sore Throat,Unknown
Rapid Heart Rate,Cough,Fever,Chest Pain,Skin Redness,Sore Throat,Muscle Pain,Cold
Loss of Taste,Dizziness,Loss of Smell,Difficulty Swallowing,Chest Pain,Ear Pain,Nausea,Unknown
Rash,Nausea,Loss of Appetite,High Blood Pressure,Low Blood Pressure,Runny Nose,Skin Redness,Scarlet Fever
Loss of Taste,Skin Peeling,Sweating,Ear Pain,Rapid Heart Rate,Muscle Pain,Swollen Lymph Nodes,Malaria
Loss of Taste,High Blood Pressure,Rapid Heart Rate,Nausea,Ear Pain,Skin Redness,Sweating,Scarlet Fever
Loss of Appetite,Rash,Runny Nose,Swollen Lymph Nodes,Cough,Sore Throat,Vomiting,Dengue
Loss of Smell,Fever,Runny Nose,Difficulty Swallowing,Headache,Sore Throat,Joint Pain,Malaria
Abdominal Pain,Chills,Dizziness,Sweating,Skin Peeling,Joint Pain,Headache,Unknown
High Blood Pressure,Cough,Vomiting,Joint Pain,Fever,Ear Pain,Abdominal Pain,Cold
Chest Pain,Weakness,Loss of Smell,Abdominal Pain,Skin Peeling,Loss of Taste,Sweating,Malaria
Cough,Joint Pain,Dizziness,Weakness,Headache,Loss of Appetite,Chills,Hypertension
Sore Throat,Dizziness,Shortness of Breath,Ear Pain,Skin Redness,Runny Nose,Fatigue,Cold
Loss of Smell,Runny Nose,Chills,Skin Redness,Dizziness,Vomiting,Diarrhea,Malaria
Skin Peeling,Rash,Runny Nose,Chills,Loss of Appetite,Loss of Taste,Nausea,Unknown
Shortness of Breath,Skin Peeling,Fatigue,Chest Pain,Chills,Sore Throat,Confusion,Hypertension
Sweating,Ear Pain,Skin Peeling,Vomiting,Difficulty Swallowing,Skin Redness,Loss of Taste,Ear Infection
Dizziness,Headache,Abdominal Pain,Runny Nose,Weakness,Fever,Blurred Vision,Ear Infection
Runny Nose,Muscle Pain,Vomiting,Chills,Difficulty Swallowing,Rash,Abdominal Pain,Unknown
Loss of Appetite,Skin Peeling,Difficulty Swallowing,Dizziness,Sweating,Low Blood Pressure,Cough,Typhoid
Confusion,Dizziness,Runny Nose,Cough,Ear Pain,Chills,High Blood Pressure,Flu
Swollen Lymph Nodes,Joint Pain,Nausea,Abdominal Pain,Diarrhea,Skin Redness,Low Blood Pressure,Hypotension
Cough,Blurred Vision,Sweating,High Blood Pressure,Runny Nose,Abdominal Pain,Loss of Smell,Unknown
Abdominal Pain,Loss of Smell,Chest Pain,Shortness of Breath,Rapid Heart Rate,Loss of Appetite,Dizziness,Unknown
High Blood Pressure,Dizziness,Skin Peeling,Abdominal Pain,Shortness of Breath,Rash,Runny Nose,Food Poisoning
Headache,Loss of Taste,Weakness,Abdominal Pain,Nausea,Skin Peeling,Fever,Pneumonia
Rapid Heart Rate,Loss of Appetite,Diarrhea,Rash,Chest Pain,Nausea,Skin Redness,Unknown
Sore Throat,Vomiting,Chest Pain,Swollen Lymph Nodes,Loss of Taste,Fever,Low Blood Pressure,Strep Throat
Weakness,Low Blood Pressure,Headache,High Blood Pressure,Sore Throat,Shortness of Breath,Rapid Heart Rate,Meningitis
Swollen Lymph Nodes,Sore Throat,Rapid Heart Rate,High Blood Pressure,Weakness,Loss of Taste,Loss of Appetite,COVID-19
Low Blood Pressure,Skin Peeling,Vomiting,Fatigue,Weakness,Difficulty Swallowing,Ear Pain,Unknown
Blurred Vision,Loss of Appetite,Fever,Sweating,Difficulty Swallowing,Chills,Joint Pain,Unknown
Rapid Heart Rate,Skin Peeling,Chest Pain,High Blood Pressure,Rash,Ear Pain,Nausea,Unknown
Diarrhea,Shortness of Breath,Skin Redness,High Blood Pressure,Runny Nose,Weakness,Rash,Typhoid
Loss of Appetite,Loss of Taste,Chest Pain,Fever,Weakness,Joint Pain,Vomiting,Unknown
Chills,Sweating,Cough,Shortness of Breath,Dizziness,Difficulty Swallowing,Sore Throat,Ear Infection
Dizziness,Ear Pain,Joint Pain,Sweating,Muscle Pain,Chest Pain,Rapid Heart Rate,Ear Infection
High Blood Pressure,Confusion,Vomiting,Muscle Pain,Chills,Sweating,Rapid Heart Rate,Unknown
Fever,Rapid Heart Rate,Confusion,Low Blood Pressure,Dizziness,Muscle Pain,Fatigue,Migraine
Swollen Lymph Nodes,High Blood Pressure,Shortness of Breath,Abdominal Pain,Headache,Chills,Fever,Flu
Ear Pain,Shortness of Breath,Chills,Sore Throat,Low Blood Pressure,Fatigue,Skin Peeling,Malaria
Joint Pain,Confusion,Sweating,Vomiting,Loss of Smell,Shortness of Breath,Skin Peeling,Unknown
Confusion,Shortness of Breath,Sore Throat,Difficulty Swallowing,Loss of Appetite,Weakness,Dizziness,Hypertension
Vomiting,Loss of Appetite,Dizziness,Chest Pain,Diarrhea,Loss of Smell,Confusion,Hypotension
Shortness of Breath,Chest Pain,Sweating,Joint Pain,Fatigue,Fever,Low Blood Pressure,Unknown
Headache,Joint Pain,Fatigue,Loss of Appetite,Shortness of Breath,Rapid Heart Rate,Loss of Smell,Malaria
Rash,Skin Redness,Fatigue,Sweating,Fever,Shortness of Breath,Sore Throat,Cold
Weakness,Rapid Heart Rate,Low Blood Pressure,Nausea,Chills,Diarrhea,Chest Pain,Unknown
Skin Peeling,Blurred Vision,Sore Throat,Diarrhea,Abdominal Pain,Joint Pain,Swollen Lymph Nodes,Typhoid
Loss of Appetite,Swollen Lymph Nodes,Rapid Heart Rate,Weakness,Dizziness,Rash,Loss of Taste,Strep Throat
Skin Peeling,Sweating,Shortness of Breath,Abdominal Pain,Fever,Loss of Taste,Dizziness,Scarlet Fever
Fatigue,Loss of Smell,Chills,Rapid Heart Rate,Abdominal Pain,Nausea,Chest Pain,Unknown
Abdominal Pain,Headache,Sore Throat,Rapid Heart Rate,High Blood Pressure,Chest Pain,Sweating,Food Poisoning
Muscle Pain,Dizziness,Diarrhea,Loss of Smell,Loss of Taste,Skin Redness,Difficulty Swallowing,Unknown
Ear Pain,Rash,Dizziness,Headache,Skin Redness,Loss of Smell,Loss of Taste,Unknown
Loss of Taste,Fatigue,Loss of Appetite,Low Blood Pressure,Ear Pain,Difficulty Swallowing,Vomiting,Cold
Loss of Smell,Swollen Lymph Nodes,Muscle Pain,Fatigue,Chills,Chest Pain,Weakness,Unknown
High Blood Pressure,Chills,Runny Nose,Blurred Vision,Low Blood Pressure,Muscle Pain,Confusion,Unknown
Skin Peeling,Weakness,Ear Pain,Fever,Loss of Appetite,Fatigue,Joint Pain,Flu
Confusion,Ear Pain,Runny Nose,Loss of Smell,Low Blood Pressure,Weakness,Rapid Heart Rate,Hypotension
Weakness,Skin Peeling,Fever,Low Blood Pressure,Nausea,Swollen Lymph Nodes,Abdominal Pain,Typhoid
Swollen Lymph Nodes,Cough,Weakness,Runny Nose,Joint Pain,Blurred Vision,Skin Redness,COVID-19
Diarrhea,Loss of Smell,Low Blood Pressure,Sore Throat,Joint Pain,Shortness of Breath,Headache,COVID-19
Difficulty Swallowing,Loss of Taste,Blurred Vision,Fatigue,Low Blood Pressure,Rash,Loss of Smell,Migraine
Fever,Chest Pain,Nausea,Weakness,Vomiting,Skin Redness,Sweating,COVID-19
Sore Throat,Fatigue,Diarrhea,Muscle Pain,Vomiting,Abdominal Pain,Skin Redness,Strep Throat
Skin Redness,Swollen Lymph Nodes,Loss of Taste,Shortness of Breath,Abdominal Pain,Ear Pain,High Blood Pressure,Unknown
Abdominal Pain,Fever,Diarrhea,Cough,Skin Peeling,Rash,Runny Nose,Food Poisoning
Loss of Taste,Shortness of Breath,Dizziness,Fever,Rapid Heart Rate,Fatigue,Runny Nose,Malaria
Low Blood Pressure,Weakness,Loss of Appetite,Diarrhea,Rash,Dizziness,Joint Pain,Food Poisoning
Skin Peeling,Low Blood Pressure,Diarrhea,Difficulty Swallowing,Rash,Loss of Taste,Abdominal Pain,Unknown
Loss of Taste,Dizziness,Weakness,Difficulty Swallowing,Abdominal Pain,Rash,Chills,Unknown
High Blood Pressure,Diarrhea,Sore Throat,Loss of Taste,Loss of Smell,Headache,Rapid Heart Rate,Unknown
Skin Redness,Cough,Sore Throat,Chills,Fatigue,Dizziness,High Blood Pressure,Typhoid
Chills,Rash,Runny Nose,Sweating,Swollen Lymph Nodes,Loss of Taste,Cough,Flu
Rapid Heart Rate,Rash,Headache,Skin Redness,Chills,Blurred Vision,High Blood Pressure,Meningitis
Shortness of Breath,Muscle Pain,Cough,Loss of Smell,Skin Redness,Chills,Low Blood Pressure,Cold
Abdominal Pain,Diarrhea,Loss of Smell,Fatigue,Weakness,Skin Peeling,Nausea,Migraine
High Blood Pressure,Loss of Appetite,Confusion,Headache,Shortness of Breath,Weakness,Abdominal Pain,Dengue
Shortness of Breath,Difficulty Swallowing,Diarrhea,Skin Peeling,Headache,Blurred Vision,Weakness,Scarlet Fever
Blurred Vision,Nausea,Vomiting,Loss of Smell,Muscle Pain,Runny Nose,Fever,Flu
Sore Throat,Nausea,Blurred Vision,Fatigue,Runny Nose,Skin Redness,Skin Peeling,Hypertension
Difficulty Swallowing,Fever,Shortness of Breath,Cough,Dizziness,Headache,Vomiting,Cold
Swollen Lymph Nodes,Ear Pain,Loss of Taste,Difficulty Swallowing,Cough,Dizziness,Diarrhea,COVID-19
Sore Throat,Loss of Taste,Chest Pain,Runny Nose,Difficulty Swallowing,Abdominal Pain,Muscle Pain,Food Poisoning
Cough,Joint Pain,Runny Nose,Vomiting,Ear Pain,Headache,Dizziness,Cold
Nausea,Chest Pain,Difficulty Swallowing,Runny Nose,Fever,Cough,Swollen Lymph Nodes,Meningitis
High Blood Pressure,Muscle Pain,Loss of Taste,Loss of Smell,Confusion,Difficulty Swallowing,Chills,Unknown
Sweating,Shortness of Breath,Loss of Appetite,Loss of Taste,Rash,Chest Pain,Rapid Heart Rate,Unknown
Skin Redness,Loss of Appetite,Weakness,Headache,Ear Pain,Fatigue,Difficulty Swallowing,Malaria
Nausea,Diarrhea,Abdominal Pain,Blurred Vision,Loss of Taste,Headache,Confusion,Dengue
Rash,Blurred Vision,Nausea,Abdominal Pain,Fatigue,Loss of Appetite,Diarrhea,Hypertension
Swollen Lymph Nodes,Fever,Sweating,Blurred Vision,High Blood Pressure,Skin Redness,Loss of Taste,Unknown
Sweating,Loss of Appetite,Chest Pain,Rapid Heart Rate,Vomiting,Cough,Loss of Smell,Unknown
Blurred Vision,Cough,Abdominal Pain,Rapid Heart Rate,Chills,Difficulty Swallowing,High Blood Pressure,Hypertension
Skin Peeling,Loss of Smell,Loss of Taste,Chills,Skin Redness,Cough,Loss of Appetite,Unknown
Blurred Vision,Nausea,Loss of Smell,Sore Throat,Shortness of Breath,Rash,Chest Pain,Unknown
Low Blood Pressure,Blurred Vision,High Blood Pressure,Headache,Chills,Joint Pain,Runny Nose,Unknown
Sore Throat,High Blood Pressure,Chills,Cough,Difficulty Swallowing,Runny Nose,Rash,Unknown
Muscle Pain,Rash,Skin Peeling,Swollen Lymph Nodes,Diarrhea,Chills,Fatigue,Strep Throat
Difficulty Swallowing,Nausea,Headache,Cough,Loss of Taste,Rash,Skin Redness,Scarlet Fever
Shortness of Breath,Blurred Vision,Loss of Appetite,Rash,Difficulty Swallowing,High Blood Pressure,Skin Redness,COVID-19
Blurred Vision,Abdominal Pain,Sore Throat,Confusion,Loss of Appetite,Runny Nose,Fatigue,Meningitis
Chest Pain,Fatigue,Swollen Lymph Nodes,Loss of Smell,Skin Peeling,Fever,Vomiting,Unknown
Loss of Appetite,Difficulty Swallowing,Loss of Taste,Swollen Lymph Nodes,Headache,Skin Peeling,Blurred Vision,Ear Infection
Chest Pain,Loss of Appetite,Sore Throat,Joint Pain,Skin Redness,Headache,Rash,Pneumonia
Cough,Loss of Smell,Fatigue,Weakness,Swollen Lymph Nodes,Nausea,Dizziness,Migraine
Confusion,Loss of Appetite,Cough,Difficulty Swallowing,Blurred Vision,Diarrhea,Dizziness,Unknown
Shortness of Breath,Chills,Chest Pain,Skin Redness,Low Blood Pressure,Diarrhea,Vomiting,Unknown
Rapid Heart Rate,Rash,Skin Peeling,Shortness of Breath,Chest Pain,Abdominal Pain,Ear Pain,Unknown
Confusion,Muscle Pain,Headache,Joint Pain,Cough,Loss of Smell,Chills,Flu
Fever,Ear Pain,Diarrhea,Headache,Loss of Taste,Shortness of Breath,Sore Throat,Food Poisoning
Vomiting,Fatigue,Swollen Lymph Nodes,Confusion,Runny Nose,Shortness of Breath,Fever,Meningitis
Loss of Appetite,Fever,Rapid Heart Rate,Blurred Vision,Loss of Taste,Low Blood Pressure,Joint Pain,Typhoid
High Blood Pressure,Cough,Ear Pain,Loss of Smell,Loss of Taste,Headache,Sore Throat,Ear Infection
Blurred Vision,Abdominal Pain,Difficulty Swallowing,Confusion,Cough,Chest Pain,Weakness,Malaria
Loss of Appetite,Runny Nose,Nausea,Headache,Difficulty Swallowing,Rapid Heart Rate,Skin Redness,Typhoid
Dizziness,Chest Pain,Runny Nose,Chills,Loss of Smell,Difficulty Swallowing,Headache,Strep Throat
Shortness of Breath,Rash,Swollen Lymph Nodes,Dizziness,Loss of Appetite,Muscle Pain,Fever,Pneumonia
Joint Pain,Diarrhea,Blurred Vision,Headache,Nausea,Loss of Appetite,Difficulty Swallowing,Malaria
Cough,Sore Throat,High Blood Pressure,Weakness,Muscle Pain,Abdominal Pain,Difficulty Swallowing,Dengue
Blurred Vision,Joint Pain,Swollen Lymph Nodes,Runny Nose,Muscle Pain,Loss of Appetite,Abdominal Pain,Unknown
Fatigue,Dizziness,Loss of Taste,Skin Peeling,Sore Throat,Fever,Joint Pain,Ear Infection
Shortness of Breath,Blurred Vision,Abdominal Pain,Muscle Pain,Fever,Weakness,Skin Peeling,Unknown
Nausea,Weakness,Muscle Pain,Dizziness,Headache,Fatigue,Runny Nose,Meningitis
Abdominal Pain,Shortness of Breath,Rapid Heart Rate,Skin Peeling,Loss of Taste,Runny Nose,High Blood Pressure,Unknown
Confusion,Nausea,Chills,Swollen Lymph Nodes,Sweating,Chest Pain,Abdominal Pain,Unknown
Headache,Ear Pain,Abdominal Pain,Sweating,Muscle Pain,Loss of Appetite,Loss of Taste,Hypertension
Sore Throat,Runny Nose,Diarrhea,Chest Pain,Abdominal Pain,Shortness of Breath,Loss of Appetite,Unknown
Low Blood Pressure,Abdominal Pain,Dizziness,Muscle Pain,Runny Nose,Nausea,Confusion,Food Poisoning
Cough,Ear Pain,Chills,Loss of Smell,Sore Throat,Low Blood Pressure,Loss of Appetite,Pneumonia
Ear Pain,Fatigue,High Blood Pressure,Shortness of Breath,Sweating,Rash,Difficulty Swallowing,Dengue
Rapid Heart Rate,Abdominal Pain,Fever,Shortness of Breath,High Blood Pressure,Low Blood Pressure,Ear Pain,Unknown
Loss of Smell,Abdominal Pain,Muscle Pain,Dizziness,Fatigue,High Blood Pressure,Rash,Unknown
Runny Nose,Rash,Loss of Taste,Headache,Sore Throat,Shortness of Breath,Muscle Pain,Meningitis
Sore Throat,Fever,Joint Pain,Nausea,Cough,Blurred Vision,Ear Pain,Food Poisoning
Weakness,Difficulty Swallowing,Cough,Sore Throat,Chest Pain,Confusion,Fatigue,Cold
Weakness,Loss of Taste,Low Blood Pressure,Swollen Lymph Nodes,Chills,Sweating,Fatigue,Food Poisoning
Sore Throat,Loss of Smell,Cough,Chest Pain,Loss of Appetite,Sweating,Fatigue,Pneumonia
Joint Pain,Diarrhea,Swollen Lymph Nodes,Rash,Confusion,Headache,Rapid Heart Rate,Malaria
Headache,Confusion,Runny Nose,Nausea,Joint Pain,Loss of Taste,Muscle Pain,Hypertension
Chills,Fever,Headache,Dizziness,Confusion,Weakness,Sweating,Malaria
Fever,Loss of Smell,Sweating,Skin Peeling,Cough,Runny Nose,Nausea,Scarlet Fever
Fever,Sore Throat,Rapid Heart Rate,Diarrhea,Low Blood Pressure,Chills,Nausea,Cold
Loss of Smell,Fatigue,Sweating,Abdominal Pain,Skin Peeling,Low Blood Pressure,Rash,Cold
Headache,Skin Redness,Vomiting,Weakness,Sweating,Dizziness,Rapid Heart Rate,Unknown
Nausea,Fever,Chest Pain,Rapid Heart Rate,Ear Pain,High Blood Pressure,Chills,Typhoid
Loss of Taste,Loss of Smell,Muscle Pain,Blurred Vision,Nausea,Abdominal Pain,Rash,Typhoid
Nausea,Rapid Heart Rate,Shortness of Breath,Chills,Low Blood Pressure,Skin Redness,Confusion,Unknown
Cough,Skin Peeling,Weakness,Chest Pain,Rapid Heart Rate,Abdominal Pain,Sore Throat,Unknown
Blurred Vision,Muscle Pain,Abdominal Pain,Sweating,Skin Peeling,Weakness,Shortness of Breath,Unknown
Chest Pain,Loss of Taste,Runny Nose,Abdominal Pain,Rash,Loss of Smell,Difficulty Swallowing,COVID-19
Low Blood Pressure,Sweating,Difficulty Swallowing,Headache,Muscle Pain,Sore Throat,Cough,Strep Throat
Fever,Nausea,High Blood Pressure,Vomiting,Sweating,Blurred Vision,Swollen Lymph Nodes,Pneumonia
Headache,Runny Nose,Loss of Taste,Chills,Vomiting,Skin Redness,Rapid Heart Rate,Unknown
Fatigue,Chills,Loss of Appetite,Fever,Skin Peeling,Dizziness,Rapid Heart Rate,Cold
Vomiting,Skin Redness,Swollen Lymph Nodes,Diarrhea,Confusion,Rapid Heart Rate,High Blood Pressure,Hypotension
Vomiting,Rash,Chest Pain,Low Blood Pressure,Chills,Sore Throat,Weakness,Flu
Rapid Heart Rate,Difficulty Swallowing,Dizziness,Chest Pain,Joint Pain,Skin Redness,Confusion,Scarlet Fever
Cough,Fatigue,Loss of Smell,Rash,Difficulty Swallowing,Nausea,Runny Nose,Food Poisoning
Diarrhea,Low Blood Pressure,Skin Redness,Headache,Dizziness,Loss of Taste,Loss of Smell,Unknown
Rapid Heart Rate,Nausea,Skin Redness,Runny Nose,Weakness,Sweating,Skin Peeling,Unknown
Runny Nose,Sweating,Rash,Loss of Smell,Dizziness,Loss of Taste,Swollen Lymph Nodes,Unknown
Vomiting,Chills,Runny Nose,Skin Peeling,Nausea,Fever,Skin Redness,Unknown
Diarrhea,Loss of Smell,Rapid Heart Rate,Muscle Pain,Loss of Appetite,Abdominal Pain,Blurred Vision,Food Poisoning
Difficulty Swallowing,Sweating,Skin Redness,Rapid Heart Rate,Rash,High Blood Pressure,Abdominal Pain,Strep Throat
Confusion,Fatigue,Rash,Chills,Loss of Appetite,Headache,Runny Nose,Migraine
Fever,High Blood Pressure,Headache,Runny Nose,Swollen Lymph Nodes,Diarrhea,Chest Pain,Pneumonia
Sweating,Swollen Lymph Nodes,Shortness of Breath,Confusion,Muscle Pain,High Blood Pressure,Loss of Smell,Unknown
Rash,Confusion,Skin Peeling,Sweating,High Blood Pressure,Ear Pain,Fatigue,Unknown
Joint Pain,Blurred Vision,Diarrhea,Headache,Nausea,Low Blood Pressure,Vomiting,Flu
Shortness of Breath,Fever,Swollen Lymph Nodes,Chest Pain,Skin Peeling,Dizziness,Headache,Ear Infection
Confusion,Sweating,Low Blood Pressure,Cough,Weakness,Loss of Smell,Blurred Vision,Unknown
Weakness,Vomiting,Rapid Heart Rate,Shortness of Breath,Muscle Pain,Joint Pain,Difficulty Swallowing,Dengue
Fatigue,Loss of Appetite,Dizziness,Confusion,Swollen Lymph Nodes,Shortness of Breath,Loss of Taste,Food Poisoning
Shortness of Breath,Joint Pain,Runny Nose,Confusion,Chills,Weakness,Fatigue,Unknown
Loss of Appetite,Fever,Rapid Heart Rate,High Blood Pressure,Skin Redness,Difficulty Swallowing,Confusion,Pneumonia
Joint Pain,Difficulty Swallowing,Chest Pain,Swollen Lymph Nodes,Abdominal Pain,Fever,Skin Peeling,Flu
Dizziness,Loss of Smell,High Blood Pressure,Loss of Taste,Skin Redness,Runny Nose,Joint Pain,Hypertension
Confusion,Muscle Pain,Fever,Shortness of Breath,Loss of Smell,Diarrhea,High Blood Pressure,COVID-19
High Blood Pressure,Blurred Vision,Ear Pain,Loss of Smell,Muscle Pain,Joint Pain,Loss of Appetite,Dengue
Ear Pain,Shortness of Breath,Blurred Vision,Swollen Lymph Nodes,Joint Pain,High Blood Pressure,Fatigue,Strep Throat
Skin Peeling,Loss of Smell,Nausea,Blurred Vision,Skin Redness,Fatigue,Ear Pain,Flu
Nausea,Skin Redness,Runny Nose,Headache,Sweating,Chills,Confusion,Migraine
Low Blood Pressure,Skin Peeling,Blurred Vision,Fatigue,Difficulty Swallowing,Shortness of Breath,Sweating,Unknown
Low Blood Pressure,Shortness of Breath,Headache,Sweating,Cough,Abdominal Pain,Loss of Smell,Ear Infection
Diarrhea,Loss of Taste,Sweating,Skin Peeling,Chest Pain,Vomiting,Difficulty Swallowing,Unknown
Diarrhea,High Blood Pressure,Sweating,Nausea,Muscle Pain,Chills,Vomiting,Meningitis
Rash,Sweating,Confusion,Ear Pain,Nausea,Diarrhea,Headache,Unknown
Nausea,Sweating,Skin Redness,Abdominal Pain,Sore Throat,Joint Pain,Swollen Lymph Nodes,Typhoid
Diarrhea,High Blood Pressure,Low Blood Pressure,Chest Pain,Loss of Appetite,Swollen Lymph Nodes,Rapid Heart Rate,Typhoid
Dizziness,Loss of Smell,Joint Pain,Loss of Taste,Fever,Weakness,Muscle Pain,Meningitis
Muscle Pain,Sweating,Rapid Heart Rate,Loss of Smell,Blurred Vision,Abdominal Pain,Nausea,Hypotension
Fever,Skin Peeling,Joint Pain,Nausea,Dizziness,Muscle Pain,Diarrhea,Meningitis
Headache,Skin Peeling,Muscle Pain,High Blood Pressure,Abdominal Pain,Fever,Sweating,Migraine
Skin Peeling,Muscle Pain,Fatigue,Runny Nose,Nausea,Sore Throat,Joint Pain,Meningitis
Loss of Taste,Sweating,Dizziness,Diarrhea,Fever,Nausea,Cough,Migraine
Muscle Pain,Blurred Vision,Difficulty Swallowing,Rash,Chills,Skin Peeling,Diarrhea,Unknown
Blurred Vision,Weakness,Dizziness,Loss of Smell,Chills,Skin Peeling,Cough,Malaria
Skin Peeling,Swollen Lymph Nodes,Vomiting,Difficulty Swallowing,High Blood Pressure,Loss of Taste,Rapid Heart Rate,Unknown
Loss of Appetite,Blurred Vision,Fever,Vomiting,Headache,Cough,Chest Pain,COVID-19
Swollen Lymph Nodes,Confusion,Fever,Rapid Heart Rate,Fatigue,Skin Redness,Sweating,COVID-19
Swollen Lymph Nodes,Skin Peeling,Joint Pain,Headache,Loss of Smell,Dizziness,Chest Pain,Pneumonia
Sore Throat,Abdominal Pain,Vomiting,Fatigue,Diarrhea,Muscle Pain,Rapid Heart Rate,Dengue
Dizziness,Loss of Appetite,Confusion,Fatigue,Fever,Diarrhea,Runny Nose,Scarlet Fever
Rash,Skin Redness,Confusion,Runny Nose,Difficulty Swallowing,Cough,Loss of Appetite,Unknown
High Blood Pressure,Difficulty Swallowing,Low Blood Pressure,Fatigue,Chills,Muscle Pain,Fever,Hypertension
Ear Pain,Muscle Pain,Difficulty Swallowing,Loss of Taste,Loss of Smell,Loss of Appetite,Skin Redness,Unknown
Runny Nose,Ear Pain,Fever,Chest Pain,Cough,Dizziness,Rash,Cold
Loss of Smell,Weakness,Rapid Heart Rate,Difficulty Swallowing,Muscle Pain,Cough,Headache,Unknown
Joint Pain,Weakness,Loss of Smell,Sore Throat,Swollen Lymph Nodes,Ear Pain,Loss of Taste,Dengue
Chills,Difficulty Swallowing,High Blood Pressure,Weakness,Ear Pain,Fatigue,Sore Throat,Unknown
Ear Pain,Chills,Rapid Heart Rate,Blurred Vision,Headache,Rash,Diarrhea,Hypotension
Swollen Lymph Nodes,Muscle Pain,Chest Pain,Rash,Loss of Smell,Sweating,Blurred Vision,Unknown
Loss of Appetite,Rash,High Blood Pressure,Abdominal Pain,Dizziness,Headache,Swollen Lymph Nodes,Ear Infection
Joint Pain,Diarrhea,Rash,Ear Pain,Headache,Rapid Heart Rate,Shortness of Breath,Hypertension
Swollen Lymph Nodes,Abdominal Pain,Loss of Taste,Muscle Pain,Dizziness,High Blood Pressure,Nausea,Migraine
Diarrhea,Low Blood Pressure,Loss of Appetite,High Blood Pressure,Confusion,Skin Peeling,Chills,Unknown
Vomiting,Headache,Rapid Heart Rate,Difficulty Swallowing,Fatigue,Joint Pain,Diarrhea,Hypotension
Confusion,Loss of Smell,Diarrhea,Fever,Skin Redness,Blurred Vision,Sweating,Unknown
Chest Pain,Joint Pain,Shortness of Breath,Fatigue,Diarrhea,Blurred Vision,Vomiting,Dengue
Skin Redness,Loss of Taste,Blurred Vision,Chills,Confusion,Swollen Lymph Nodes,Cough,Migraine
Low Blood Pressure,Skin Redness,Skin Peeling,Chills,Fever,Fatigue,Headache,Strep Throat
Sweating,Nausea,Blurred Vision,Confusion,Rash,Sore Throat,Shortness of Breath,Pneumonia
Joint Pain,High Blood Pressure,Blurred Vision,Rash,Loss of Taste,Chills,Ear Pain,Unknown
Abdominal Pain,Nausea,Rash,Diarrhea,Loss of Appetite,Vomiting,Confusion,Unknown
Chills,Chest Pain,Weakness,Shortness of Breath,Skin Redness,Muscle Pain,Fever,Meningitis
Fatigue,Shortness of Breath,Muscle Pain,Swollen Lymph Nodes,Fever,Ear Pain,Difficulty Swallowing,Dengue
Ear Pain,Weakness,Loss of Taste,Skin Redness,Joint Pain,Shortness of Breath,Nausea,Typhoid
Loss of Smell,Fever,Skin Peeling,Vomiting,Fatigue,Sweating,Muscle Pain,Dengue
Nausea,Difficulty Swallowing,Skin Redness,Sore Throat,Chills,Sweating,Fever,COVID-19
Nausea,Weakness,Blurred Vision,Runny Nose,Difficulty Swallowing,Diarrhea,Chest Pain,Unknown
Weakness,Skin Peeling,Chills,Rapid Heart Rate,Shortness of Breath,Headache,Diarrhea,Dengue
Swollen Lymph Nodes,Weakness,Diarrhea,Difficulty Swallowing,Ear Pain,Headache,Shortness of Breath,Hypotension
Rash,Shortness of Breath,Sore Throat,Diarrhea,Rapid Heart Rate,Blurred Vision,Difficulty Swallowing,Cold
Vomiting,Fever,Confusion,Dizziness,Joint Pain,Cough,Loss of Smell,Pneumonia
Diarrhea,Confusion,Weakness,Rapid Heart Rate,Joint Pain,Nausea,Low Blood Pressure,Unknown
Swollen Lymph Nodes,Chest Pain,Fever,Loss of Appetite,Chills,Loss of Smell,Runny Nose,Dengue
Loss of Taste,Ear Pain,Confusion,Diarrhea,Loss of Smell,Sore Throat,Difficulty Swallowing,Ear Infection
Rash,Fatigue,Nausea,Loss of Taste,Sweating,Abdominal Pain,Diarrhea,Migraine
Skin Redness,Sweating,Low Blood Pressure,Loss of Smell,Chest Pain,Abdominal Pain,Vomiting,Unknown
Sore Throat,Chills,Skin Redness,Runny Nose,Rash,Low Blood Pressure,Fatigue,Typhoid
Sore Throat,Skin Peeling,Ear Pain,Loss of Taste,Muscle Pain,Abdominal Pain,Shortness of Breath,Unknown
Chest Pain,Muscle Pain,Headache,Rash,Blurred Vision,Joint Pain,Loss of Smell,Unknown
Runny Nose,Headache,Rash,Chills,Blurred Vision,Sore Throat,Vomiting,Hypertension
Skin Redness,Blurred Vision,Joint Pain,Fatigue,Shortness of Breath,Vomiting,Low Blood Pressure,Unknown
Ear Pain,Headache,Low Blood Pressure,Vomiting,Loss of Smell,Abdominal Pain,Rapid Heart Rate,Typhoid
Abdominal Pain,Fatigue,Loss of Smell,Fever,Difficulty Swallowing,Headache,Chest Pain,Pneumonia
Shortness of Breath,Weakness,Sore Throat,Low Blood Pressure,High Blood Pressure,Headache,Nausea,Strep Throat
Rapid Heart Rate,Chills,Shortness of Breath,Nausea,Blurred Vision,Fatigue,Dizziness,COVID-19
Confusion,Fatigue,Swollen Lymph Nodes,Joint Pain,Rash,Vomiting,Skin Redness,Cold
Diarrhea,Shortness of Breath,Headache,Chills,Rapid Heart Rate,Vomiting,Skin Peeling,Scarlet Fever
Low Blood Pressure,Sweating,Rash,Confusion,Dizziness,Skin Redness,Headache,Unknown
Sore Throat,Joint Pain,Low Blood Pressure,Weakness,Runny Nose,Cough,Chest Pain,Pneumonia
Sweating,Runny Nose,Loss of Appetite,Skin Redness,Nausea,Headache,Confusion,Food Poisoning
Sweating,Skin Peeling,Fatigue,Joint Pain,Fever,Runny Nose,Weakness,Meningitis
Swollen Lymph Nodes,Vomiting,Loss of Appetite,Headache,Chest Pain,Fever,Muscle Pain,Malaria
Sweating,Difficulty Swallowing,Skin Redness,Loss of Taste,Vomiting,Weakness,Joint Pain,Food Poisoning
Swollen Lymph Nodes,Weakness,Diarrhea,Chest Pain,Loss of Smell,Difficulty Swallowing,Skin Redness,Unknown
Loss of Taste,Runny Nose,Abdominal Pain,Chills,Blurred Vision,Diarrhea,Fatigue,Cold
Joint Pain,Confusion,Blurred Vision,Loss of Appetite,Skin Redness,Fever,Loss of Taste,Malaria
Chest Pain,Abdominal Pain,Vomiting,Skin Redness,Shortness of Breath,High Blood Pressure,Headache,Unknown
Joint Pain,Loss of Taste,Sore Throat,High Blood Pressure,Difficulty Swallowing,Sweating,Vomiting,Scarlet Fever
Weakness,Fatigue,Difficulty Swallowing,Loss of Taste,Diarrhea,Skin Peeling,Vomiting,Ear Infection
Loss of Taste,Loss of Smell,Dizziness,Sweating,Headache,Chest Pain,Fatigue,Cold
Chest Pain,Rapid Heart Rate,Diarrhea,Joint Pain,Loss of Taste,Cough,Abdominal Pain,Unknown
Joint Pain,High Blood Pressure,Headache,Fatigue,Rapid Heart Rate,Sore Throat,Chills,Hypertension
Chest Pain,Loss of Taste,Swollen Lymph Nodes,Runny Nose,Vomiting,Rapid Heart Rate,Dizziness,Strep Throat
Cough,Low Blood Pressure,Sore Throat,Loss of Smell,Rash,Nausea,Joint Pain,Unknown
Dizziness,Blurred Vision,Skin Redness,Skin Peeling,Muscle Pain,Low Blood Pressure,Confusion,Unknown
Skin Peeling,Swollen Lymph Nodes,Shortness of Breath,Confusion,Loss of Smell,Rapid Heart Rate,Runny Nose,Unknown
Joint Pain,Loss of Smell,Shortness of Breath,Sore Throat,Low Blood Pressure,Fatigue,Skin Peeling,Unknown
High Blood Pressure,Dizziness,Skin Redness,Muscle Pain,Abdominal Pain,Loss of Taste,Chills,Unknown
Difficulty Swallowing,Vomiting,Joint Pain,Ear Pain,Loss of Taste,Weakness,Skin Peeling,Unknown
Runny Nose,Chest Pain,Chills,Skin Redness,Skin Peeling,High Blood Pressure,Rash,Unknown
Abdominal Pain,Fatigue,Chest Pain,Ear Pain,Joint Pain,Skin Redness,Shortness of Breath,Flu
Skin Redness,Loss of Appetite,Blurred Vision,Runny Nose,Loss of Taste,Fatigue,Loss of Smell,Typhoid
Low Blood Pressure,Fever,Abdominal Pain,Loss of Smell,Cough,Loss of Taste,Diarrhea,Unknown
Dizziness,Skin Peeling,Weakness,Chest Pain,Swollen Lymph Nodes,Nausea,Ear Pain,Unknown
Cough,Fatigue,Dizziness,Sweating,Diarrhea,Muscle Pain,Runny Nose,Food Poisoning
Swollen Lymph Nodes,High Blood Pressure,Fatigue,Sore Throat,Abdominal Pain,Vomiting,Skin Peeling,Cold
Diarrhea,Dizziness,Skin Peeling,Abdominal Pain,Blurred Vision,Nausea,Difficulty Swallowing,Unknown
Loss of Smell,Blurred Vision,Dizziness,Loss of Taste,High Blood Pressure,Difficulty Swallowing,Diarrhea,Food Poisoning
Vomiting,Loss of Appetite,Abdominal Pain,Loss of Smell,Shortness of Breath,Rapid Heart Rate,Muscle Pain,Food Poisoning
Abdominal Pain,Chills,Runny Nose,Fatigue,Skin Peeling,Vomiting,Diarrhea,Typhoid
Loss of Appetite,Difficulty Swallowing,Ear Pain,Runny Nose,Chills,Swollen Lymph Nodes,Skin Redness,Strep Throat
Rapid Heart Rate,Blurred Vision,Headache,Skin Redness,Swollen Lymph Nodes,High Blood Pressure,Skin Peeling,Unknown
Weakness,Blurred Vision,Chills,Muscle Pain,Swollen Lymph Nodes,Cough,Ear Pain,Ear Infection
Confusion,Sweating,Loss of Smell,Fatigue,Diarrhea,Skin Peeling,Dizziness,Flu
Difficulty Swallowing,Blurred Vision,Muscle Pain,Skin Peeling,High Blood Pressure,Chest Pain,Loss of Taste,Strep Throat
Nausea,Chills,Loss of Appetite,Swollen Lymph Nodes,Dizziness,Abdominal Pain,Sweating,Unknown
Skin Peeling,Swollen Lymph Nodes,Abdominal Pain,Cough,Runny Nose,Low Blood Pressure,Weakness,Malaria
Skin Peeling,Sweating,Shortness of Breath,Chest Pain,Chills,Joint Pain,Headache,Unknown
Fatigue,Difficulty Swallowing,Loss of Smell,High Blood Pressure,Swollen Lymph Nodes,Cough,Diarrhea,Strep Throat
Chills,Cough,Loss of Taste,Rash,Fever,Joint Pain,Shortness of Breath,Unknown
Abdominal Pain,Rapid Heart Rate,Shortness of Breath,Low Blood Pressure,Fever,Joint Pain,Fatigue,Ear Infection
Muscle Pain,Loss of Taste,Weakness,Loss of Smell,Shortness of Breath,Skin Redness,Vomiting,Unknown
High Blood Pressure,Loss of Smell,Abdominal Pain,Sore Throat,Muscle Pain,Ear Pain,Shortness of Breath,Flu
Sore Throat,Fatigue,Loss of Taste,Shortness of Breath,Weakness,Low Blood Pressure,Rapid Heart Rate,Pneumonia
Confusion,Weakness,Loss of Taste,High Blood Pressure,Skin Redness,Skin Peeling,Nausea,Unknown
Chest Pain,Weakness,Nausea,Diarrhea,Cough,Runny Nose,Rash,COVID-19
Difficulty Swallowing,Abdominal Pain,Swollen Lymph Nodes,Sweating,Runny Nose,Loss of Appetite,Sore Throat,Strep Throat
Muscle Pain,Diarrhea,Headache,Loss of Smell,Cough,Shortness of Breath,Loss of Taste,Unknown
Weakness,Vomiting,Nausea,Loss of Taste,Fever,Sweating,Muscle Pain,Hypotension
Rapid Heart Rate,Joint Pain,Confusion,Chest Pain,Abdominal Pain,Fatigue,Muscle Pain,Hypotension
Rash,Joint Pain,Vomiting,Blurred Vision,Dizziness,Swollen Lymph Nodes,Cough,Migraine
Sweating,Blurred Vision,Fever,Chest Pain,Vomiting,Loss of Appetite,Loss of Taste,Flu
Rapid Heart Rate,Cough,Fever,Joint Pain,Skin Redness,Confusion,Fatigue,Meningitis
Fever,Joint Pain,Confusion,Loss of Appetite,Rash,Sore Throat,Low Blood Pressure,Unknown
Joint Pain,Shortness of Breath,Fatigue,Ear Pain,Fever,Chest Pain,High Blood Pressure,Food Poisoning
Loss of Taste,Dizziness,Loss of Appetite,Headache,Fever,Cough,Difficulty Swallowing,COVID-19
Rapid Heart Rate,Sweating,Muscle Pain,Shortness of Breath,Ear Pain,Runny Nose,Nausea,Ear Infection
Loss of Taste,Skin Redness,Muscle Pain,Headache,Cough,Joint Pain,Vomiting,Unknown
Joint Pain,Sweating,Confusion,Chest Pain,Weakness,Cough,Skin Redness,Scarlet Fever
Chills,Skin Peeling,Skin Redness,Difficulty Swallowing,Rash,Diarrhea,Chest Pain,Unknown
Fatigue,Dizziness,Sweating,Chills,Loss of Taste,Nausea,Skin Redness,Unknown
Fever,Muscle Pain,Cough,Blurred Vision,Joint Pain,Ear Pain,Difficulty Swallowing,Ear Infection
Rapid Heart Rate,Vomiting,Nausea,Chills,Chest Pain,Muscle Pain,Abdominal Pain,Migraine
Cough,Confusion,Dizziness,Blurred Vision,Shortness of Breath,Fever,Weakness,Dengue
Skin Peeling,High Blood Pressure,Shortness of Breath,Nausea,Skin Redness,Swollen Lymph Nodes,Diarrhea,Unknown
Sweating,Skin Redness,Diarrhea,Cough,Loss of Appetite,Ear Pain,Loss of Smell,Food Poisoning
Cough,Weakness,Swollen Lymph Nodes,Sweating,Confusion,Skin Redness,Fatigue,Scarlet Fever
Ear Pain,Nausea,Sweating,Dizziness,Loss of Taste,Muscle Pain,Runny Nose,Unknown
Skin Peeling,Ear Pain,Sore Throat,Fatigue,Difficulty Swallowing,Low Blood Pressure,Chest Pain,Flu
Fatigue,Skin Peeling,High Blood Pressure,Muscle Pain,Headache,Difficulty Swallowing,Loss of Appetite,Unknown
Nausea,Chest Pain,Diarrhea,Low Blood Pressure,Skin Redness,Difficulty Swallowing,Chills,Malaria
Abdominal Pain,Low Blood Pressure,Nausea,Confusion,Chest Pain,Fatigue,Fever,Scarlet Fever
Loss of Appetite,Runny Nose,Vomiting,Fever,Nausea,Blurred Vision,Dizziness,Pneumonia
Confusion,Chest Pain,Muscle Pain,Runny Nose,Dizziness,Weakness,Skin Peeling,Meningitis
Shortness of Breath,Chest Pain,Abdominal Pain,Sweating,Weakness,Blurred Vision,Difficulty Swallowing,Food Poisoning
Fatigue,Runny Nose,Chills,Chest Pain,Skin Redness,High Blood Pressure,Blurred Vision,Food Poisoning
Loss of Appetite,Difficulty Swallowing,Cough,Sore Throat,Skin Peeling,Sweating,Headache,Hypertension
Loss of Smell,Blurred Vision,Confusion,Nausea,Loss of Taste,Skin Peeling,Cough,Unknown
Low Blood Pressure,Joint Pain,Loss of Taste,Abdominal Pain,Sweating,Loss of Smell,Diarrhea,Unknown
Fever,Sweating,Dizziness,Sore Throat,Rash,Abdominal Pain,Difficulty Swallowing,Pneumonia
Skin Peeling,High Blood Pressure,Muscle Pain,Fatigue,Chills,Loss of Smell,Rapid Heart Rate,Food Poisoning
Weakness,Fever,Headache,Vomiting,Dizziness,Loss of Smell,Joint Pain,Ear Infection
Sweating,Rapid Heart Rate,Chest Pain,Loss of Smell,Sore Throat,Abdominal Pain,Blurred Vision,Malaria
Loss of Appetite,Sweating,Blurred Vision,Fatigue,Chest Pain,Runny Nose,Skin Peeling,Migraine
Headache,Sore Throat,Joint Pain,Nausea,Runny Nose,Swollen Lymph Nodes,Rash,Unknown
Fever,Blurred Vision,Chills,Diarrhea,Nausea,High Blood Pressure,Difficulty Swallowing,Malaria
Low Blood Pressure,Chills,Loss of Taste,Difficulty Swallowing,Nausea,Loss of Appetite,Sore Throat,Hypotension
Rash,Loss of Appetite,Vomiting,Low Blood Pressure,Abdominal Pain,Confusion,Cough,Cold
Fever,Muscle Pain,Skin Peeling,Weakness,Headache,Vomiting,Abdominal Pain,Migraine
Blurred Vision,Ear Pain,Loss of Appetite,Muscle Pain,Diarrhea,Rash,Runny Nose,COVID-19
Cough,Skin Redness,Chills,Muscle Pain,Nausea,Loss of Appetite,Dizziness,COVID-19
Difficulty Swallowing,Low Blood Pressure,Nausea,Vomiting,Rash,Runny Nose,Loss of Smell,Unknown
Vomiting,Diarrhea,Muscle Pain,Confusion,Joint Pain,Runny Nose,Loss of Taste,Unknown
Difficulty Swallowing,Muscle Pain,Cough,Shortness of Breath,Confusion,Fever,Joint Pain,Unknown
Vomiting,Joint Pain,Blurred Vision,Ear Pain,Low Blood Pressure,Chest Pain,Dizziness,Food Poisoning
Swollen Lymph Nodes,Joint Pain,Runny Nose,Blurred Vision,Rapid Heart Rate,Muscle Pain,Low Blood Pressure,Unknown
Skin Redness,Ear Pain,High Blood Pressure,Weakness,Loss of Appetite,Nausea,Vomiting,COVID-19
Confusion,Diarrhea,Nausea,Sweating,Sore Throat,Headache,High Blood Pressure,Unknown
Ear Pain,Swollen Lymph Nodes,Weakness,Diarrhea,Dizziness,Low Blood Pressure,Chills,Food Poisoning
Rash,Fever,Sore Throat,Swollen Lymph Nodes,Ear Pain,Nausea,Dizziness,Strep Throat
Runny Nose,Swollen Lymph Nodes,Vomiting,Low Blood Pressure,Rapid Heart Rate,Sweating,Chills,Unknown
Shortness of Breath,Rash,Cough,Muscle Pain,Swollen Lymph Nodes,Chest Pain,Diarrhea,Unknown
Blurred Vision,Headache,Chest Pain,Fatigue,Fever,Shortness of Breath,Skin Redness,Ear Infection
Runny Nose,Chills,Vomiting,Abdominal Pain,Rapid Heart Rate,Loss of Smell,Diarrhea,COVID-19
Fever,Loss of Taste,Swollen Lymph Nodes,Rash,Diarrhea,Loss of Smell,Loss of Appetite,Meningitis
Vomiting,Weakness,Sweating,Skin Redness,Loss of Appetite,Chills,Low Blood Pressure,Unknown
Loss of Appetite,Swollen Lymph Nodes,Abdominal Pain,Runny Nose,Muscle Pain,Rapid Heart Rate,Weakness,Typhoid
Loss of Appetite,Abdominal Pain,Sore Throat,Cough,Chills,Headache,Vomiting,Hypertension
Shortness of Breath,Skin Redness,High Blood Pressure,Loss of Taste,Low Blood Pressure,Loss of Appetite,Swollen Lymph Nodes,Unknown
Chills,Abdominal Pain,Low Blood Pressure,Sore Throat,Skin Peeling,Rapid Heart Rate,Headache,Flu
Sweating,Nausea,Muscle Pain,High Blood Pressure,Dizziness,Weakness,Rash,Unknown
Headache,Fever,Cough,Rash,Dizziness,Abdominal Pain,Ear Pain,Meningitis
Confusion,Fever,Diarrhea,Vomiting,Chest Pain,Loss of Taste,High Blood Pressure,Dengue
Joint Pain,Loss of Smell,Fever,Skin Redness,Loss of Taste,Rapid Heart Rate,Cough,Flu
Abdominal Pain,Sore Throat,Chills,Loss of Taste,High Blood Pressure,Diarrhea,Headache,Unknown
Headache,Dizziness,Loss of Taste,Chills,Abdominal Pain,Joint Pain,Chest Pain,Flu
Vomiting,Loss of Smell,Runny Nose,Skin Peeling,Abdominal Pain,Muscle Pain,Fatigue,Typhoid
Rapid Heart Rate,Chills,Chest Pain,Fever,High Blood Pressure,Skin Redness,Dizziness,Scarlet Fever
Sweating,Skin Redness,Loss of Smell,High Blood Pressure,Ear Pain,Blurred Vision,Runny Nose,Scarlet Fever
Sore Throat,Confusion,Swollen Lymph Nodes,Rash,Chest Pain,Fever,Muscle Pain,Meningitis
Skin Peeling,Sweating,Rapid Heart Rate,Cough,Skin Redness,Loss of Taste,Joint Pain,Unknown
Confusion,Ear Pain,Low Blood Pressure,Blurred Vision,Runny Nose,Skin Redness,Swollen Lymph Nodes,Scarlet Fever
Runny Nose,Nausea,Weakness,High Blood Pressure,Difficulty Swallowing,Rapid Heart Rate,Confusion,Hypotension
Joint Pain,Sore Throat,High Blood Pressure,Dizziness,Runny Nose,Diarrhea,Chest Pain,Dengue
High Blood Pressure,Sweating,Sore Throat,Diarrhea,Swollen Lymph Nodes,Chest Pain,Joint Pain,Cold
Shortness of Breath,Blurred Vision,Sore Throat,Confusion,Nausea,Muscle Pain,Weakness,Migraine
Cough,Runny Nose,Muscle Pain,Fatigue,Fever,Weakness,Chills,Cold
Skin Redness,Headache,Ear Pain,Skin Peeling,Low Blood Pressure,Sweating,Sore Throat,Dengue
High Blood Pressure,Difficulty Swallowing,Loss of Taste,Shortness of Breath,Chills,Joint Pain,Cough,Unknown
Fever,Blurred Vision,Loss of Smell,High Blood Pressure,Dizziness,Low Blood Pressure,Vomiting,Scarlet Fever
Low Blood Pressure,Rapid Heart Rate,Muscle Pain,Shortness of Breath,Vomiting,Loss of Smell,Fatigue,Unknown
Skin Peeling,Diarrhea,Sweating,Joint Pain,High Blood Pressure,Cough,Low Blood Pressure,Unknown
Sweating,Fever,High Blood Pressure,Confusion,Loss of Smell,Dizziness,Weakness,Pneumonia
Skin Redness,Nausea,Diarrhea,Abdominal Pain,Fatigue,Cough,Dizziness,Scarlet Fever
Muscle Pain,Weakness,Dizziness,Blurred Vision,Diarrhea,Loss of Appetite,Skin Redness,Unknown
Blurred Vision,Shortness of Breath,Headache,Vomiting,Rapid Heart Rate,Loss of Taste,Chills,Dengue
Weakness,Ear Pain,Fatigue,Skin Peeling,Low Blood Pressure,High Blood Pressure,Muscle Pain,Scarlet Fever
Difficulty Swallowing,Confusion,Shortness of Breath,Loss of Appetite,High Blood Pressure,Fatigue,Rash,Meningitis
Cough,Vomiting,Rash,Joint Pain,Loss of Taste,Fever,Chills,Ear Infection
Dizziness,Shortness of Breath,Swollen Lymph Nodes,Joint Pain,Chills,High Blood Pressure,Difficulty Swallowing,Unknown
Headache,Cough,Rapid Heart Rate,Runny Nose,Low Blood Pressure,Joint Pain,Weakness,Migraine
Loss of Taste,Chills,Ear Pain,Dizziness,Joint Pain,Loss of Smell,Fatigue,Unknown
Cough,Loss of Taste,Vomiting,Chills,Shortness of Breath,High Blood Pressure,Headache,Meningitis
Ear Pain,Confusion,Loss of Appetite,Muscle Pain,Weakness,Chest Pain,Fever,Meningitis
Rapid Heart Rate,Swollen Lymph Nodes,Headache,High Blood Pressure,Rash,Skin Redness,Weakness,Strep Throat
Difficulty Swallowing,Nausea,Sweating,Shortness of Breath,Fatigue,Loss of Appetite,Loss of Taste,Typhoid
High Blood Pressure,Weakness,Confusion,Cough,Skin Redness,Sweating,Rash,Hypotension
Dizziness,Joint Pain,Abdominal Pain,Loss of Smell,Chest Pain,Vomiting,Shortness of Breath,Dengue
Loss of Taste,Runny Nose,Chest Pain,Skin Peeling,Fatigue,Rash,Fever,Unknown
Weakness,Diarrhea,Vomiting,Confusion,Headache,Dizziness,Shortness of Breath,Unknown
Headache,Ear Pain,Loss of Smell,Dizziness,Abdominal Pain,Weakness,Skin Peeling,Food Poisoning
Headache,Confusion,Weakness,Joint Pain,Skin Redness,High Blood Pressure,Cough,Malaria
Weakness,Confusion,Low Blood Pressure,Loss of Appetite,Swollen Lymph Nodes,Ear Pain,Chills,Unknown
Headache,Ear Pain,Fatigue,Joint Pain,Cough,Nausea,Blurred Vision,Cold
Headache,High Blood Pressure,Fatigue,Rash,Diarrhea,Loss of Smell,Skin Redness,Hypertension
Loss of Appetite,Ear Pain,Blurred Vision,Rapid Heart Rate,Abdominal Pain,Weakness,Skin Redness,Unknown
Vomiting,Nausea,Chills,High Blood Pressure,Weakness,Rapid Heart Rate,Blurred Vision,Migraine
Sore Throat,Headache,Nausea,Muscle Pain,Loss of Smell,Sweating,Skin Peeling,Ear Infection
Diarrhea,Chest Pain,Loss of Taste,Abdominal Pain,Vomiting,Runny Nose,Skin Peeling,Pneumonia
Loss of Taste,Runny Nose,Vomiting,Shortness of Breath,Ear Pain,Sweating,Loss of Smell,Malaria
Abdominal Pain,Sweating,Chills,Rapid Heart Rate,Nausea,Skin Redness,Fever,Typhoid
Weakness,Muscle Pain,Ear Pain,Nausea,Fever,Cough,Low Blood Pressure,Migraine
Diarrhea,Skin Redness,Weakness,Fatigue,Vomiting,Rapid Heart Rate,Runny Nose,Unknown
Ear Pain,Loss of Taste,Chills,Loss of Smell,Cough,Difficulty Swallowing,Dizziness,Cold
Headache,Swollen Lymph Nodes,Diarrhea,Ear Pain,Weakness,Rapid Heart Rate,Vomiting,Unknown
Headache,Low Blood Pressure,Loss of Taste,Sore Throat,Runny Nose,Vomiting,Abdominal Pain,COVID-19
Blurred Vision,Fatigue,Diarrhea,Cough,Loss of Smell,Sweating,Nausea,Malaria
Fever,Blurred Vision,Fatigue,Ear Pain,Abdominal Pain,Sore Throat,Swollen Lymph Nodes,Meningitis
Runny Nose,Loss of Appetite,Loss of Taste,Low Blood Pressure,Shortness of Breath,Abdominal Pain,Vomiting,Unknown
Cough,Chest Pain,Vomiting,Chills,Dizziness,Abdominal Pain,Shortness of Breath,Hypotension
Swollen Lymph Nodes,Loss of Smell,Loss of Taste,Muscle Pain,Loss of Appetite,Shortness of Breath,Headache,Strep Throat
Dizziness,Rapid Heart Rate,Loss of Appetite,Chest Pain,Fatigue,Loss of Smell,Abdominal Pain,Unknown
Skin Peeling,Loss of Smell,Skin Redness,Loss of Appetite,Abdominal Pain,Rapid Heart Rate,Diarrhea,Unknown
Loss of Taste,Rapid Heart Rate,Loss of Smell,Confusion,Ear Pain,Skin Redness,Joint Pain,Unknown
Loss of Taste,Confusion,Rapid Heart Rate,Loss of Smell,Chest Pain,Dizziness,Joint Pain,Unknown
Loss of Appetite,Fatigue,Skin Peeling,Rash,Abdominal Pain,Confusion,Muscle Pain,Unknown
Loss of Smell,Difficulty Swallowing,Dizziness,High Blood Pressure,Rapid Heart Rate,Chest Pain,Fatigue,Unknown
Cough,Headache,Diarrhea,Skin Peeling,Loss of Taste,Ear Pain,Sweating,Migraine
Confusion,Loss of Taste,Skin Peeling,Sweating,Low Blood Pressure,Diarrhea,Vomiting,COVID-19
Headache,Nausea,Diarrhea,Difficulty Swallowing,Ear Pain,Loss of Smell,Skin Peeling,Unknown
Skin Redness,Dizziness,Diarrhea,Sweating,Sore Throat,Weakness,Skin Peeling,Food Poisoning
Vomiting,Confusion,Low Blood Pressure,Loss of Smell,Blurred Vision,Nausea,Dizziness,Unknown
Chest Pain,Loss of Appetite,Vomiting,High Blood Pressure,Rapid Heart Rate,Confusion,Shortness of Breath,Unknown
Nausea,Low Blood Pressure,Diarrhea,Rash,Rapid Heart Rate,Headache,Chills,Hypertension
High Blood Pressure,Headache,Skin Redness,Fatigue,Cough,Sweating,Loss of Appetite,Unknown
Swollen Lymph Nodes,Sore Throat,Ear Pain,Skin Redness,Diarrhea,Rapid Heart Rate,Nausea,Hypotension
Chills,Joint Pain,Headache,Loss of Smell,Rapid Heart Rate,Skin Peeling,Cough,Unknown
Ear Pain,Runny Nose,Skin Peeling,Joint Pain,Loss of Smell,Low Blood Pressure,Sore Throat,Ear Infection
Skin Redness,Vomiting,Shortness of Breath,Blurred Vision,Skin Peeling,Swollen Lymph Nodes,Chest Pain,Migraine
Cough,Muscle Pain,Dizziness,Joint Pain,Abdominal Pain,Nausea,Rapid Heart Rate,Hypotension
Nausea,Runny Nose,Sweating,Headache,Diarrhea,Abdominal Pain,Dizziness,Unknown
Nausea,Muscle Pain,Weakness,High Blood Pressure,Joint Pain,Skin Redness,Difficulty Swallowing,Unknown
Joint Pain,Fatigue,Weakness,Chills,High Blood Pressure,Low Blood Pressure,Fever,Pneumonia
High Blood Pressure,Rapid Heart Rate,Cough,Runny Nose,Loss of Smell,Skin Redness,Joint Pain,COVID-19
Low Blood Pressure,Abdominal Pain,Sore Throat,Fatigue,Sweating,Difficulty Swallowing,Weakness,Unknown
Rash,Ear Pain,Low Blood Pressure,Dizziness,Runny Nose,Sweating,Loss of Smell,Cold
Blurred Vision,Vomiting,Skin Peeling,Runny Nose,Dizziness,Sweating,Loss of Taste,Unknown
Low Blood Pressure,Loss of Taste,Skin Redness,Diarrhea,Loss of Smell,Blurred Vision,Dizziness,Unknown
Chest Pain,Runny Nose,Muscle Pain,Blurred Vision,Low Blood Pressure,Sore Throat,Skin Redness,Migraine
Diarrhea,Rash,Sore Throat,Ear Pain,Loss of Smell,Skin Redness,Rapid Heart Rate,COVID-19
High Blood Pressure,Sweating,Sore Throat,Rapid Heart Rate,Muscle Pain,Loss of Appetite,Fever,Unknown
Rapid Heart Rate,Fever,Loss of Smell,Low Blood Pressure,Difficulty Swallowing,Confusion,Sweating,Strep Throat
Vomiting,Sore Throat,Sweating,Abdominal Pain,Cough,Runny Nose,Swollen Lymph Nodes,Strep Throat
High Blood Pressure,Vomiting,Sore Throat,Chills,Cough,Weakness,Low Blood Pressure,Typhoid
Abdominal Pain,Loss of Appetite,Sore Throat,Chest Pain,Loss of Smell,Nausea,Runny Nose,Unknown
Muscle Pain,Diarrhea,Confusion,Chest Pain,Cough,Rapid Heart Rate,Sweating,Pneumonia
Chills,Shortness of Breath,Loss of Smell,Loss of Appetite,Skin Peeling,Fatigue,Rash,COVID-19
Abdominal Pain,Vomiting,Joint Pain,Rash,Low Blood Pressure,High Blood Pressure,Nausea,Meningitis
Skin Peeling,Ear Pain,Dizziness,Vomiting,Fatigue,Loss of Appetite,Joint Pain,Unknown
Confusion,Loss of Taste,Vomiting,Difficulty Swallowing,Blurred Vision,Ear Pain,Skin Redness,COVID-19
Dizziness,Difficulty Swallowing,Loss of Appetite,Chest Pain,Diarrhea,Nausea,Blurred Vision,Unknown
Headache,Low Blood Pressure,Skin Redness,Difficulty Swallowing,Rash,Vomiting,Fever,Strep Throat
Rapid Heart Rate,Fatigue,Vomiting,Shortness of Breath,Sweating,Rash,Low Blood Pressure,Unknown
Rash,High Blood Pressure,Fatigue,Joint Pain,Abdominal Pain,Difficulty Swallowing,Low Blood Pressure,Hypertension
Dizziness,Swollen Lymph Nodes,Vomiting,Fever,Confusion,Rash,Low Blood Pressure,Strep Throat
Skin Peeling,Chills,High Blood Pressure,Abdominal Pain,Joint Pain,Loss of Smell,Weakness,Unknown
Rash,Abdominal Pain,Dizziness,Cough,Blurred Vision,Fever,Vomiting,Hypertension
High Blood Pressure,Ear Pain,Blurred Vision,Loss of Appetite,Cough,Loss of Taste,Sore Throat,Strep Throat
Weakness,Dizziness,Abdominal Pain,Skin Redness,High Blood Pressure,Headache,Fatigue,Typhoid
Abdominal Pain,Vomiting,Confusion,Sore Throat,Loss of Appetite,Loss of Smell,Diarrhea,Unknown
Sweating,Rash,Vomiting,Ear Pain,Swollen Lymph Nodes,Fatigue,Difficulty Swallowing,Cold
Chest Pain,Blurred Vision,Difficulty Swallowing,Sweating,Loss of Smell,Swollen Lymph Nodes,Chills,Unknown
Sweating,Fatigue,Vomiting,Dizziness,Joint Pain,Difficulty Swallowing,Weakness,Unknown
Chest Pain,Sweating,Fever,Swollen Lymph Nodes,Diarrhea,Joint Pain,Chills,Meningitis
Confusion,Sweating,Swollen Lymph Nodes,Dizziness,Skin Redness,Chills,Fatigue,Food Poisoning
High Blood Pressure,Nausea,Weakness,Sweating,Swollen Lymph Nodes,Sore Throat,Difficulty Swallowing,Ear Infection
Nausea,Abdominal Pain,High Blood Pressure,Fatigue,Shortness of Breath,Confusion,Fever,Pneumonia
Fever,Diarrhea,Blurred Vision,Vomiting,Muscle Pain,Joint Pain,Chills,Dengue
Skin Redness,Difficulty Swallowing,Loss of Smell,Rash,Chills,Sore Throat,Loss of Appetite,Dengue
Chest Pain,Fatigue,Headache,Difficulty Swallowing,Skin Redness,Loss of Smell,Blurred Vision,Malaria
Muscle Pain,Dizziness,High Blood Pressure,Rapid Heart Rate,Nausea,Ear Pain,Chest Pain,Unknown
Blurred Vision,Nausea,Headache,Chills,Difficulty Swallowing,Loss of Smell,Runny Nose,Dengue
Muscle Pain,Abdominal Pain,Dizziness,Low Blood Pressure,Swollen Lymph Nodes,Shortness of Breath,Fatigue,Hypotension
Diarrhea,Dizziness,Cough,Headache,Nausea,Fatigue,Runny Nose,Meningitis
Loss of Smell,Loss of Appetite,Confusion,Swollen Lymph Nodes,Dizziness,Loss of Taste,Chills,Meningitis
Loss of Taste,High Blood Pressure,Muscle Pain,Rash,Abdominal Pain,Low Blood Pressure,Chills,Typhoid
Rash,Vomiting,Fatigue,Diarrhea,Joint Pain,Sore Throat,Muscle Pain,Unknown
Cough,Swollen Lymph Nodes,Runny Nose,Joint Pain,Fever,Difficulty Swallowing,Sore Throat,Ear Infection
Sweating,Dizziness,Diarrhea,Fever,Cough,Vomiting,Nausea,Dengue
Loss of Smell,Weakness,Cough,Fatigue,Muscle Pain,Vomiting,Abdominal Pain,Typhoid
Low Blood Pressure,Diarrhea,Dizziness,Headache,Weakness,Skin Redness,Difficulty Swallowing,Dengue
Loss of Appetite,Rash,Sore Throat,Chills,High Blood Pressure,Weakness,Nausea,Meningitis
Headache,Skin Redness,Diarrhea,Rash,Difficulty Swallowing,Weakness,Sweating,Hypotension
Vomiting,Rash,Fever,Runny Nose,Nausea,Swollen Lymph Nodes,Sore Throat,Strep Throat
Skin Redness,Abdominal Pain,Loss of Smell,Blurred Vision,Nausea,Fatigue,Runny Nose,Hypertension
Confusion,Skin Redness,Cough,Ear Pain,Low Blood Pressure,Dizziness,Skin Peeling,Hypotension
Weakness,Headache,Skin Peeling,Rapid Heart Rate,Confusion,Low Blood Pressure,Swollen Lymph Nodes,Meningitis
Loss of Smell,Joint Pain,Muscle Pain,Rapid Heart Rate,Loss of Taste,Runny Nose,Weakness,Typhoid
Rash,Joint Pain,Diarrhea,High Blood Pressure,Dizziness,Shortness of Breath,Fever,Scarlet Fever
Fatigue,Cough,Rash,Ear Pain,Nausea,Dizziness,Chest Pain,Food Poisoning
Skin Redness,Low Blood Pressure,Vomiting,Ear Pain,Headache,Chest Pain,Loss of Appetite,Unknown
Skin Peeling,Weakness,Headache,Confusion,Vomiting,Chest Pain,High Blood Pressure,Ear Infection
Blurred Vision,Loss of Taste,Rash,Loss of Smell,Confusion,Diarrhea,Shortness of Breath,Unknown
Cough,Rash,Difficulty Swallowing,Chills,Fever,Shortness of Breath,Rapid Heart Rate,Meningitis
Sore Throat,Joint Pain,Rapid Heart Rate,Vomiting,Fever,Sweating,Loss of Appetite,Scarlet Fever
Blurred Vision,Vomiting,Ear Pain,Weakness,Abdominal Pain,Loss of Taste,Headache,Unknown
Difficulty Swallowing,Chills,Diarrhea,High Blood Pressure,Abdominal Pain,Loss of Smell,Cough,Ear Infection
Sore Throat,Low Blood Pressure,Nausea,Vomiting,Fever,Joint Pain,Muscle Pain,COVID-19
High Blood Pressure,Dizziness,Swollen Lymph Nodes,Cough,Chills,Fatigue,Weakness,Strep Throat
Sweating,Low Blood Pressure,Difficulty Swallowing,Cough,Chills,Runny Nose,Swollen Lymph Nodes,Cold
Chills,Blurred Vision,Loss of Taste,High Blood Pressure,Weakness,Ear Pain,Diarrhea,Ear Infection
High Blood Pressure,Joint Pain,Loss of Appetite,Abdominal Pain,Chest Pain,Skin Peeling,Skin Redness,Dengue
Shortness of Breath,High Blood Pressure,Nausea,Loss of Smell,Rapid Heart Rate,Sweating,Loss of Appetite,Hypotension
Diarrhea,Shortness of Breath,Skin Redness,Blurred Vision,Loss of Taste,Chills,Low Blood Pressure,Unknown
Dizziness,High Blood Pressure,Swollen Lymph Nodes,Chills,Skin Redness,Headache,Diarrhea,Hypotension
Blurred Vision,Low Blood Pressure,Difficulty Swallowing,Runny Nose,Shortness of Breath,Fatigue,Weakness,Strep Throat
Dizziness,Loss of Smell,Shortness of Breath,Cough,Chills,Blurred Vision,Abdominal Pain,Unknown
Confusion,Runny Nose,Headache,Sweating,Abdominal Pain,Ear Pain,Weakness,Unknown
Chest Pain,Confusion,Difficulty Swallowing,Fatigue,Vomiting,Muscle Pain,Sweating,Cold
Vomiting,Weakness,Low Blood Pressure,Fatigue,Ear Pain,Rapid Heart Rate,Runny Nose,Food Poisoning
Fever,Dizziness,Runny Nose,Headache,Ear Pain,Swollen Lymph Nodes,Chest Pain,Flu
Fever,Shortness of Breath,Loss of Appetite,Chills,Skin Peeling,Sweating,Muscle Pain,Unknown
Weakness,Diarrhea,Fever,Chest Pain,Loss of Smell,Skin Redness,Rapid Heart Rate,Scarlet Fever
Swollen Lymph Nodes,Rash,Runny Nose,Fatigue,Fever,Skin Peeling,Skin Redness,Dengue
Muscle Pain,Fatigue,Rapid Heart Rate,Cough,Diarrhea,Skin Peeling,Skin Redness,Pneumonia
Weakness,Cough,Headache,Sweating,Swollen Lymph Nodes,Chills,Blurred Vision,Hypotension
Weakness,Ear Pain,Shortness of Breath,Blurred Vision,Difficulty Swallowing,Rash,Fatigue,Hypotension
Loss of Appetite,Loss of Taste,Cough,Skin Peeling,Fatigue,Chest Pain,High Blood Pressure,Cold
Muscle Pain,Cough,Weakness,Fatigue,Rash,Skin Redness,Loss of Appetite,Hypertension
Diarrhea,Fever,Shortness of Breath,Abdominal Pain,Dizziness,Rapid Heart Rate,Weakness,Hypertension
Loss of Appetite,Muscle Pain,Diarrhea,Chest Pain,Vomiting,Joint Pain,Confusion,Typhoid
Dizziness,Confusion,Cough,Vomiting,Fever,Joint Pain,Low Blood Pressure,Hypotension
Headache,Fatigue,Sore Throat,Rapid Heart Rate,Fever,Dizziness,Nausea,Food Poisoning
Chest Pain,Skin Redness,Ear Pain,Loss of Smell,Rash,Muscle Pain,Vomiting,Unknown
Cough,Chest Pain,Dizziness,Weakness,Rapid Heart Rate,Blurred Vision,Joint Pain,COVID-19
Swollen Lymph Nodes,Sore Throat,Rapid Heart Rate,Nausea,Difficulty Swallowing,Skin Redness,Blurred Vision,Unknown
Fatigue,Sore Throat,Loss of Taste,Dizziness,Skin Peeling,Muscle Pain,Low Blood Pressure,Flu
Sweating,Loss of Smell,Loss of Appetite,Rapid Heart Rate,Cough,Vomiting,Confusion,Flu
Cough,Confusion,Weakness,Skin Redness,Dizziness,Loss of Taste,Rash,COVID-19
Loss of Appetite,Blurred Vision,Muscle Pain,Cough,Low Blood Pressure,Loss of Taste,Chest Pain,Unknown
Cough,Low Blood Pressure,Sweating,Runny Nose,Fever,Chest Pain,Fatigue,Pneumonia
Joint Pain,Loss of Smell,Sore Throat,Fatigue,Cough,Weakness,Rapid Heart Rate,Scarlet Fever
Muscle Pain,Joint Pain,Skin Redness,Confusion,Dizziness,Low Blood Pressure,Loss of Taste,Unknown
Diarrhea,Dizziness,Rash,Shortness of Breath,Low Blood Pressure,Joint Pain,Difficulty Swallowing,Hypertension
Muscle Pain,Sore Throat,Cough,Rash,Swollen Lymph Nodes,Fever,Loss of Taste,Ear Infection
Cough,Difficulty Swallowing,Diarrhea,Chest Pain,Chills,Joint Pain,Muscle Pain,Cold
Joint Pain,Loss of Taste,Ear Pain,Headache,Confusion,Chills,Vomiting,Hypertension
Abdominal Pain,Loss of Taste,Dizziness,Sweating,Confusion,Cough,Joint Pain,Malaria
Rash,Vomiting,Headache,Abdominal Pain,Diarrhea,High Blood Pressure,Fatigue,Malaria
Chest Pain,Sore Throat,Fever,Loss of Taste,Ear Pain,High Blood Pressure,Joint Pain,Pneumonia
Chest Pain,Weakness,Muscle Pain,Loss of Smell,Difficulty Swallowing,Sore Throat,Fatigue,Hypotension
Skin Peeling,Joint Pain,Fatigue,Rapid Heart Rate,Loss of Smell,Nausea,High Blood Pressure,Flu
Skin Peeling,Blurred Vision,Sweating,Diarrhea,Chest Pain,Muscle Pain,Weakness,Unknown
Ear Pain,Low Blood Pressure,Fever,High Blood Pressure,Difficulty Swallowing,Runny Nose,Abdominal Pain,Scarlet Fever
Dizziness,Swollen Lymph Nodes,Headache,Vomiting,Cough,Low Blood Pressure,Chills,Meningitis
Abdominal Pain,Difficulty Swallowing,Sweating,Headache,Ear Pain,Dizziness,Fatigue,Strep Throat
Loss of Taste,Diarrhea,High Blood Pressure,Nausea,Loss of Smell,Joint Pain,Confusion,Unknown
Difficulty Swallowing,Abdominal Pain,Sweating,High Blood Pressure,Dizziness,Loss of Smell,Joint Pain,Unknown
Vomiting,Abdominal Pain,Confusion,Weakness,Joint Pain,Muscle Pain,Nausea,Unknown
Sore Throat,Headache,Loss of Appetite,Vomiting,Loss of Taste,Blurred Vision,Diarrhea,Ear Infection
Dizziness,Fever,Skin Peeling,Fatigue,Diarrhea,Abdominal Pain,Weakness,COVID-19
Fatigue,Loss of Appetite,Ear Pain,Sore Throat,Skin Redness,Skin Peeling,Vomiting,Ear Infection
Loss of Smell,Weakness,Skin Peeling,Skin Redness,Joint Pain,Vomiting,Rapid Heart Rate,Dengue
Loss of Taste,Sore Throat,Low Blood Pressure,Diarrhea,Nausea,Skin Redness,Chills,Unknown
Runny Nose,Loss of Smell,Swollen Lymph Nodes,Chills,Confusion,Ear Pain,Muscle Pain,Unknown
Fever,Chills,Diarrhea,Cough,Loss of Smell,Vomiting,Difficulty Swallowing,Typhoid
Skin Redness,Loss of Appetite,Nausea,High Blood Pressure,Swollen Lymph Nodes,Fever,Skin Peeling,Food Poisoning
Skin Peeling,Sweating,Nausea,Weakness,Loss of Taste,Rash,Dizziness,Food Poisoning
Low Blood Pressure,Rash,Vomiting,Chest Pain,Weakness,Chills,Loss of Taste,Dengue
Abdominal Pain,Swollen Lymph Nodes,Loss of Smell,Chills,Sore Throat,Rash,Vomiting,Cold
Rash,Fever,Diarrhea,Muscle Pain,Sweating,Chest Pain,Ear Pain,Food Poisoning
Vomiting,Fatigue,Loss of Smell,Chills,Fever,Blurred Vision,Swollen Lymph Nodes,Strep Throat
Loss of Smell,Cough,Blurred Vision,Confusion,Fatigue,Skin Peeling,Nausea,Food Poisoning
Loss of Appetite,Confusion,Ear Pain,Nausea,Skin Peeling,Diarrhea,Swollen Lymph Nodes,Unknown
Sore Throat,Sweating,Chest Pain,Loss of Taste,High Blood Pressure,Cough,Fatigue,COVID-19
Rash,Swollen Lymph Nodes,High Blood Pressure,Fatigue,Loss of Taste,Skin Redness,Sore Throat,Strep Throat
Swollen Lymph Nodes,Rapid Heart Rate,Loss of Appetite,Blurred Vision,Chills,Headache,Low Blood Pressure,Hypotension
Loss of Smell,Fever,Runny Nose,High Blood Pressure,Fatigue,Rapid Heart Rate,Abdominal Pain,Dengue
Rapid Heart Rate,Muscle Pain,Skin Peeling,Sweating,Loss of Taste,Sore Throat,Low Blood Pressure,Unknown
Diarrhea,Abdominal Pain,Blurred Vision,High Blood Pressure,Joint Pain,Shortness of Breath,Chills,Hypertension
Confusion,Muscle Pain,Skin Redness,Weakness,Rapid Heart Rate,Skin Peeling,Vomiting,Unknown
Rapid Heart Rate,Chills,Sweating,Skin Peeling,Chest Pain,Loss of Taste,Rash,Unknown
Loss of Appetite,Rash,Joint Pain,Skin Peeling,Cough,Dizziness,Ear Pain,Ear Infection
Skin Redness,Loss of Appetite,Sweating,Sore Throat,Skin Peeling,Swollen Lymph Nodes,Chills,Unknown
Nausea,Blurred Vision,Muscle Pain,Loss of Taste,Swollen Lymph Nodes,Rash,Cough,COVID-19
Ear Pain,Swollen Lymph Nodes,Sore Throat,Weakness,Chest Pain,Loss of Smell,Muscle Pain,Hypotension
Swollen Lymph Nodes,Vomiting,Skin Redness,Fatigue,Cough,Rash,Confusion,Hypertension
Chest Pain,Difficulty Swallowing,Confusion,Loss of Smell,Nausea,Loss of Taste,Shortness of Breath,Unknown
Sweating,Loss of Taste,Headache,Low Blood Pressure,Chest Pain,Runny Nose,Fever,Cold
Diarrhea,Rash,Loss of Appetite,Sweating,Vomiting,Loss of Smell,Low Blood Pressure,Unknown
Confusion,Vomiting,Sore Throat,Diarrhea,Skin Redness,Headache,Joint Pain,Unknown
Difficulty Swallowing,Rapid Heart Rate,Confusion,Vomiting,Skin Peeling,Loss of Taste,Nausea,Migraine
Difficulty Swallowing,Loss of Taste,Low Blood Pressure,Rapid Heart Rate,Abdominal Pain,Swollen Lymph Nodes,High Blood Pressure,COVID-19
Diarrhea,Weakness,Cough,Skin Peeling,Sore Throat,Sweating,Swollen Lymph Nodes,Cold
Diarrhea,Dizziness,Abdominal Pain,Rash,Difficulty Swallowing,Weakness,Chills,Hypertension
Blurred Vision,Confusion,Low Blood Pressure,Sweating,Chest Pain,Swollen Lymph Nodes,Diarrhea,Unknown
Ear Pain,Chest Pain,Blurred Vision,Diarrhea,Shortness of Breath,Low Blood Pressure,Nausea,Unknown
Chills,Abdominal Pain,Headache,Rapid Heart Rate,Fever,Ear Pain,Difficulty Swallowing,Pneumonia
Blurred Vision,Loss of Taste,Headache,High Blood Pressure,Low Blood Pressure,Chest Pain,Shortness of Breath,Dengue
Sore Throat,Shortness of Breath,Joint Pain,Blurred Vision,High Blood Pressure,Weakness,Loss of Smell,Scarlet Fever
Loss of Smell,Cough,Vomiting,Sweating,Skin Peeling,Rapid Heart Rate,High Blood Pressure,Unknown
Chest Pain,Cough,Chills,Ear Pain,Blurred Vision,Low Blood Pressure,Fever,Unknown
Dizziness,Chest Pain,Swollen Lymph Nodes,Rapid Heart Rate,Ear Pain,Sore Throat,Shortness of Breath,Unknown
Skin Redness,Chest Pain,Nausea,Abdominal Pain,Muscle Pain,Confusion,Cough,Unknown
Confusion,Rapid Heart Rate,Chest Pain,Joint Pain,Skin Redness,Rash,High Blood Pressure,Unknown
Abdominal Pain,Nausea,Confusion,Rapid Heart Rate,Rash,Vomiting,Skin Peeling,Food Poisoning
Chest Pain,High Blood Pressure,Dizziness,Ear Pain,Diarrhea,Rash,Abdominal Pain,Food Poisoning
Shortness of Breath,Chills,Muscle Pain,Sweating,Swollen Lymph Nodes,Difficulty Swallowing,Vomiting,Ear Infection
High Blood Pressure,Ear Pain,Abdominal Pain,Blurred Vision,Loss of Appetite,Diarrhea,Weakness,Malaria
Fatigue,Chest Pain,Loss of Appetite,Dizziness,High Blood Pressure,Sweating,Difficulty Swallowing,Migraine
Runny Nose,Fever,Rapid Heart Rate,Skin Redness,Muscle Pain,Joint Pain,High Blood Pressure,Hypotension
Low Blood Pressure,Headache,Sore Throat,Cough,Runny Nose,Difficulty Swallowing,Joint Pain,Cold
Skin Redness,Sweating,Sore Throat,Difficulty Swallowing,Ear Pain,Loss of Taste,Dizziness,COVID-19
Diarrhea,Rash,Cough,Fatigue,Blurred Vision,Weakness,Sweating,Cold
Nausea,Runny Nose,Sore Throat,Fatigue,Loss of Smell,Fever,Vomiting,Strep Throat
Chills,Sore Throat,Skin Peeling,Blurred Vision,Rapid Heart Rate,Loss of Smell,Cough,Migraine
Headache,Cough,Dizziness,Chills,Sore Throat,Rash,Blurred Vision,Dengue
Dizziness,Vomiting,Fever,Chills,Joint Pain,Skin Redness,Rapid Heart Rate,Typhoid
Fever,Joint Pain,Cough,High Blood Pressure,Diarrhea,Low Blood Pressure,Sweating,Hypotension
Low Blood Pressure,Loss of Taste,Nausea,Skin Redness,Vomiting,Joint Pain,Shortness of Breath,Unknown
Muscle Pain,Rapid Heart Rate,Low Blood Pressure,Blurred Vision,Runny Nose,Difficulty Swallowing,Dizziness,Unknown
Fever,Weakness,High Blood Pressure,Abdominal Pain,Dizziness,Headache,Loss of Smell,Hypertension
Skin Redness,Headache,Nausea,Vomiting,High Blood Pressure,Muscle Pain,Diarrhea,Flu
Confusion,Rapid Heart Rate,Sweating,Skin Peeling,Abdominal Pain,Rash,Runny Nose,Unknown
Blurred Vision,Abdominal Pain,Nausea,Sore Throat,Rash,Swollen Lymph Nodes,Loss of Smell,Flu
Cough,Blurred Vision,Rapid Heart Rate,Runny Nose,Dizziness,Fatigue,Loss of Appetite,Hypotension
Muscle Pain,Swollen Lymph Nodes,Skin Redness,Nausea,Runny Nose,Headache,Diarrhea,Food Poisoning
Cough,Joint Pain,Runny Nose,Abdominal Pain,Headache,Shortness of Breath,Dizziness,Flu
Weakness,Joint Pain,Nausea,Fatigue,Abdominal Pain,Diarrhea,Sweating,Hypertension
Difficulty Swallowing,Blurred Vision,Chest Pain,Chills,Dizziness,Skin Peeling,Weakness,Typhoid
Diarrhea,Skin Redness,Confusion,Sweating,Blurred Vision,Runny Nose,Skin Peeling,Food Poisoning
Skin Peeling,Shortness of Breath,Vomiting,Rapid Heart Rate,Joint Pain,Fever,Rash,Meningitis
Nausea,Diarrhea,Shortness of Breath,Low Blood Pressure,Ear Pain,Loss of Taste,Headache,Unknown
Rash,Difficulty Swallowing,Loss of Appetite,Dizziness,Muscle Pain,Chest Pain,Blurred Vision,Strep Throat
Dizziness,Skin Redness,Blurred Vision,Confusion,High Blood Pressure,Weakness,Chest Pain,Hypertension
High Blood Pressure,Runny Nose,Muscle Pain,Low Blood Pressure,Ear Pain,Dizziness,Confusion,Unknown
Rapid Heart Rate,Loss of Appetite,Joint Pain,Skin Redness,High Blood Pressure,Sweating,Vomiting,Unknown
Abdominal Pain,Muscle Pain,Chills,Confusion,High Blood Pressure,Difficulty Swallowing,Loss of Taste,Unknown
Dizziness,Ear Pain,Abdominal Pain,Muscle Pain,Weakness,Chest Pain,Confusion,Malaria
Joint Pain,Abdominal Pain,Diarrhea,Weakness,Dizziness,Low Blood Pressure,Shortness of Breath,Unknown
Blurred Vision,Abdominal Pain,Vomiting,Muscle Pain,Nausea,Cough,Joint Pain,Unknown
High Blood Pressure,Sweating,Rapid Heart Rate,Skin Redness,Joint Pain,Blurred Vision,Fever,Typhoid
Dizziness,Chills,Fever,Blurred Vision,Diarrhea,Headache,Difficulty Swallowing,Strep Throat
Difficulty Swallowing,Vomiting,Loss of Taste,Ear Pain,Cough,Loss of Appetite,Skin Peeling,Pneumonia
Difficulty Swallowing,Loss of Taste,Joint Pain,Abdominal Pain,Weakness,Fever,Dizziness,Malaria
Skin Peeling,Swollen Lymph Nodes,Fatigue,Chest Pain,Ear Pain,Rash,Rapid Heart Rate,Unknown
Ear Pain,Dizziness,Loss of Appetite,Joint Pain,Skin Peeling,Swollen Lymph Nodes,Sweating,Malaria
Ear Pain,Runny Nose,Fatigue,Sore Throat,Rash,Chest Pain,Skin Peeling,Unknown
Ear Pain,Skin Redness,Confusion,Runny Nose,Skin Peeling,Fever,Joint Pain,Cold
Headache,Rash,Joint Pain,Nausea,Sore Throat,Runny Nose,Diarrhea,Food Poisoning
Diarrhea,Rapid Heart Rate,Weakness,Blurred Vision,Dizziness,Headache,Low Blood Pressure,Food Poisoning
Chills,Dizziness,Rapid Heart Rate,Swollen Lymph Nodes,Loss of Appetite,Fatigue,Diarrhea,Unknown
Swollen Lymph Nodes,Chest Pain,Abdominal Pain,Sweating,Sore Throat,Loss of Smell,Confusion,Typhoid
Headache,Cough,Blurred Vision,Low Blood Pressure,Shortness of Breath,Abdominal Pain,Chills,Hypertension
Difficulty Swallowing,Fever,Sore Throat,Chest Pain,Loss of Taste,Weakness,Low Blood Pressure,Unknown
Vomiting,Nausea,Fatigue,High Blood Pressure,Loss of Taste,Sore Throat,Blurred Vision,Scarlet Fever
Difficulty Swallowing,High Blood Pressure,Diarrhea,Chills,Fever,Chest Pain,Rash,Flu
Sore Throat,Muscle Pain,Rapid Heart Rate,Difficulty Swallowing,Fatigue,Fever,Skin Redness,Meningitis
Muscle Pain,Low Blood Pressure,Weakness,Sore Throat,Joint Pain,Ear Pain,Loss of Taste,Unknown
Low Blood Pressure,Vomiting,Diarrhea,Sweating,Blurred Vision,Loss of Appetite,Skin Redness,Scarlet Fever
Nausea,Shortness of Breath,Rapid Heart Rate,Weakness,Vomiting,Sweating,Headache,COVID-19
Runny Nose,Vomiting,Diarrhea,Ear Pain,Chest Pain,Fever,Difficulty Swallowing,Dengue
Shortness of Breath,Blurred Vision,Loss of Smell,Weakness,Ear Pain,Chills,Sore Throat,Unknown
High Blood Pressure,Muscle Pain,Runny Nose,Swollen Lymph Nodes,Vomiting,Sore Throat,Loss of Appetite,Unknown
Loss of Taste,Sweating,Diarrhea,Shortness of Breath,Chest Pain,Sore Throat,Joint Pain,Flu
Difficulty Swallowing,Skin Peeling,Runny Nose,Ear Pain,Diarrhea,Abdominal Pain,Rash,Unknown
Cough,Low Blood Pressure,High Blood Pressure,Nausea,Loss of Smell,Chills,Chest Pain,Malaria
Vomiting,Rapid Heart Rate,Difficulty Swallowing,Joint Pain,Fever,Ear Pain,Fatigue,Food Poisoning
Fatigue,Rapid Heart Rate,Runny Nose,Loss of Appetite,Ear Pain,Skin Redness,Dizziness,Flu
Chills,Swollen Lymph Nodes,High Blood Pressure,Ear Pain,Vomiting,Chest Pain,Headache,Dengue
Fatigue,Loss of Appetite,Loss of Taste,Dizziness,Diarrhea,Vomiting,Chest Pain,Hypertension
Abdominal Pain,Dizziness,Ear Pain,Diarrhea,Loss of Appetite,High Blood Pressure,Loss of Smell,Hypertension
Diarrhea,Loss of Appetite,Runny Nose,Muscle Pain,Chills,Vomiting,Ear Pain,Unknown
Diarrhea,Abdominal Pain,Loss of Appetite,Joint Pain,Chest Pain,Swollen Lymph Nodes,Blurred Vision,Pneumonia
Ear Pain,Skin Peeling,Abdominal Pain,Blurred Vision,Dizziness,Runny Nose,Muscle Pain,Dengue
Abdominal Pain,Skin Redness,Confusion,Chills,Blurred Vision,Chest Pain,High Blood Pressure,Unknown
Skin Peeling,Vomiting,Shortness of Breath,Loss of Taste,Chest Pain,Muscle Pain,Blurred Vision,Unknown
Difficulty Swallowing,Low Blood Pressure,Vomiting,Headache,Diarrhea,Rash,Rapid Heart Rate,Flu
Dizziness,Cough,Nausea,Skin Redness,Abdominal Pain,Fatigue,Ear Pain,Meningitis
Blurred Vision,Sweating,Shortness of Breath,Sore Throat,Rash,Weakness,Headache,Dengue
Cough,Weakness,Loss of Appetite,Vomiting,Chest Pain,Joint Pain,Swollen Lymph Nodes,Pneumonia
High Blood Pressure,Blurred Vision,Runny Nose,Weakness,Muscle Pain,Rash,Headache,Meningitis
Muscle Pain,Joint Pain,Ear Pain,High Blood Pressure,Confusion,Chest Pain,Dizziness,Dengue
Diarrhea,Fatigue,Joint Pain,Swollen Lymph Nodes,Abdominal Pain,Fever,Runny Nose,Pneumonia
Loss of Appetite,Rash,Fatigue,Fever,Swollen Lymph Nodes,Runny Nose,Skin Peeling,Unknown
Sweating,Rash,Chills,Diarrhea,High Blood Pressure,Low Blood Pressure,Headache,Hypotension
Nausea,Fever,Chest Pain,Weakness,Cough,Swollen Lymph Nodes,Muscle Pain,Meningitis
Ear Pain,Skin Peeling,Fatigue,Cough,Joint Pain,Dizziness,Nausea,Hypertension
Blurred Vision,Abdominal Pain,Runny Nose,Shortness of Breath,Skin Redness,Loss of Appetite,High Blood Pressure,Unknown
Headache,Abdominal Pain,Weakness,Loss of Smell,Sweating,Low Blood Pressure,Rash,Food Poisoning
Vomiting,Confusion,Sore Throat,Loss of Taste,High Blood Pressure,Swollen Lymph Nodes,Headache,COVID-19
Sore Throat,Confusion,Diarrhea,Skin Redness,Difficulty Swallowing,Low Blood Pressure,Muscle Pain,Unknown
Cough,Shortness of Breath,Vomiting,Dizziness,Rapid Heart Rate,Headache,Skin Peeling,Food Poisoning
Dizziness,Fatigue,Chest Pain,Skin Peeling,Blurred Vision,Shortness of Breath,Sore Throat,Pneumonia
Nausea,High Blood Pressure,Diarrhea,Ear Pain,Loss of Taste,Sweating,Blurred Vision,Unknown
Chills,Low Blood Pressure,Loss of Taste,Confusion,Cough,Abdominal Pain,Diarrhea,Unknown
Joint Pain,Skin Redness,High Blood Pressure,Vomiting,Confusion,Rash,Ear Pain,Ear Infection
Rapid Heart Rate,Loss of Smell,Muscle Pain,Sore Throat,Abdominal Pain,Cough,Chills,Flu
Difficulty Swallowing,Loss of Smell,Blurred Vision,Shortness of Breath,Cough,Nausea,Rapid Heart Rate,Pneumonia
Loss of Appetite,Weakness,Confusion,Rash,Swollen Lymph Nodes,Skin Peeling,Vomiting,Typhoid
Loss of Taste,Abdominal Pain,Chills,Difficulty Swallowing,Fatigue,Dizziness,Blurred Vision,Migraine
Fever,Nausea,Chills,High Blood Pressure,Vomiting,Sore Throat,Abdominal Pain,Dengue
Swollen Lymph Nodes,Difficulty Swallowing,Joint Pain,Dizziness,Fatigue,Diarrhea,Fever,Scarlet Fever
Chest Pain,Sore Throat,Rash,Diarrhea,Difficulty Swallowing,Skin Redness,Loss of Smell,Unknown
Confusion,Low Blood Pressure,Chills,Swollen Lymph Nodes,Difficulty Swallowing,Skin Peeling,Loss of Smell,Unknown
Joint Pain,Dizziness,Muscle Pain,Loss of Taste,High Blood Pressure,Runny Nose,Rash,Unknown
Headache,Low Blood Pressure,Diarrhea,Loss of Appetite,Swollen Lymph Nodes,Shortness of Breath,Loss of Smell,Hypertension
Difficulty Swallowing,Swollen Lymph Nodes,Sweating,Joint Pain,Confusion,Abdominal Pain,Loss of Appetite,Unknown
Swollen Lymph Nodes,Skin Peeling,Weakness,Rash,Sore Throat,Runny Nose,Sweating,Malaria
Loss of Smell,Swollen Lymph Nodes,Fatigue,Fever,Sore Throat,High Blood Pressure,Vomiting,Unknown
Runny Nose,Abdominal Pain,Blurred Vision,Chest Pain,Fever,Loss of Smell,Loss of Appetite,Flu
Joint Pain,Chest Pain,Swollen Lymph Nodes,Dizziness,Fatigue,Cough,High Blood Pressure,Hypotension
Fever,Rash,Weakness,Rapid Heart Rate,Loss of Taste,Loss of Appetite,Muscle Pain,Scarlet Fever
Muscle Pain,Dizziness,Loss of Smell,Shortness of Breath,Chills,Joint Pain,Swollen Lymph Nodes,Unknown
Fatigue,Runny Nose,Vomiting,Muscle Pain,Confusion,High Blood Pressure,Difficulty Swallowing,Unknown
Rapid Heart Rate,Fever,Skin Peeling,Abdominal Pain,Chest Pain,Chills,Loss of Taste,Unknown
High Blood Pressure,Loss of Smell,Runny Nose,Muscle Pain,Ear Pain,Rapid Heart Rate,Dizziness,Migraine
Chills,Cough,Sore Throat,High Blood Pressure,Runny Nose,Rash,Loss of Smell,Cold
Ear Pain,Rapid Heart Rate,Dizziness,Shortness of Breath,Swollen Lymph Nodes,Abdominal Pain,Blurred Vision,Hypertension
Loss of Appetite,Runny Nose,Ear Pain,Vomiting,Rash,Confusion,Sweating,Unknown
Skin Peeling,Chills,Vomiting,Blurred Vision,Cough,Loss of Taste,Skin Redness,Unknown
Chest Pain,Blurred Vision,Loss of Taste,Rash,Skin Peeling,Headache,Fatigue,Scarlet Fever
Abdominal Pain,Loss of Appetite,Weakness,Rash,Sweating,Muscle Pain,Swollen Lymph Nodes,Unknown
Difficulty Swallowing,Loss of Taste,Chills,Loss of Smell,Dizziness,High Blood Pressure,Diarrhea,Hypertension
Runny Nose,Confusion,Swollen Lymph Nodes,Sweating,Low Blood Pressure,High Blood Pressure,Loss of Smell,Unknown
Skin Redness,Headache,Fatigue,Rapid Heart Rate,Loss of Appetite,Weakness,Low Blood Pressure,Unknown
Vomiting,Dizziness,Low Blood Pressure,Runny Nose,Sore Throat,Skin Peeling,Weakness,Unknown
Rapid Heart Rate,Difficulty Swallowing,Weakness,Abdominal Pain,Skin Peeling,Joint Pain,Rash,Dengue
Vomiting,Difficulty Swallowing,Rapid Heart Rate,Joint Pain,Loss of Appetite,High Blood Pressure,Skin Redness,Ear Infection
Muscle Pain,Diarrhea,Rash,Cough,Dizziness,Low Blood Pressure,Blurred Vision,Pneumonia
Swollen Lymph Nodes,Muscle Pain,Sore Throat,Loss of Smell,Nausea,Vomiting,Sweating,Unknown
Loss of Appetite,Fever,Rash,Low Blood Pressure,Chills,Rapid Heart Rate,Difficulty Swallowing,Malaria
Joint Pain,Rapid Heart Rate,Abdominal Pain,Fever,Rash,Vomiting,Chest Pain,Hypotension
Loss of Taste,Blurred Vision,Headache,Rapid Heart Rate,Vomiting,Confusion,Abdominal Pain,Flu
Joint Pain,Sore Throat,Ear Pain,Rash,Loss of Taste,Shortness of Breath,Muscle Pain,Unknown
Sore Throat,Confusion,Skin Peeling,Blurred Vision,Rapid Heart Rate,Muscle Pain,Headache,Hypotension
Skin Peeling,Confusion,Sweating,Muscle Pain,Ear Pain,Loss of Smell,High Blood Pressure,Unknown
Chills,Skin Redness,Muscle Pain,Dizziness,Difficulty Swallowing,Cough,Ear Pain,COVID-19
Skin Peeling,Nausea,Rapid Heart Rate,Confusion,Runny Nose,Sweating,Cough,Unknown
Low Blood Pressure,Rash,High Blood Pressure,Headache,Runny Nose,Sore Throat,Diarrhea,Migraine
Chills,Ear Pain,Runny Nose,Sore Throat,Confusion,Loss of Smell,Low Blood Pressure,Unknown
Chest Pain,Chills,Dizziness,Blurred Vision,Loss of Smell,Nausea,Shortness of Breath,Migraine
Sore Throat,Ear Pain,Runny Nose,Skin Peeling,Low Blood Pressure,Difficulty Swallowing,Skin Redness,Unknown
Swollen Lymph Nodes,Rash,Loss of Appetite,Cough,Confusion,Loss of Taste,High Blood Pressure,Unknown
Sweating,Skin Redness,Loss of Smell,Low Blood Pressure,Cough,Headache,Swollen Lymph Nodes,Strep Throat
Dizziness,Ear Pain,Skin Peeling,Swollen Lymph Nodes,Vomiting,Sore Throat,Confusion,Meningitis
Difficulty Swallowing,Loss of Smell,Nausea,Ear Pain,Vomiting,Headache,Low Blood Pressure,Unknown
Chills,Shortness of Breath,Skin Peeling,Sore Throat,Cough,Confusion,Difficulty Swallowing,Malaria
Cough,Difficulty Swallowing,Confusion,Weakness,Joint Pain,Loss of Smell,Headache,Migraine
Cough,Ear Pain,Headache,High Blood Pressure,Loss of Appetite,Swollen Lymph Nodes,Joint Pain,Flu
Joint Pain,Headache,Diarrhea,Rash,Difficulty Swallowing,Low Blood Pressure,Chills,Malaria
Nausea,Sweating,Chills,Skin Redness,Difficulty Swallowing,High Blood Pressure,Rapid Heart Rate,Unknown
Difficulty Swallowing,Cough,Loss of Appetite,Runny Nose,Skin Peeling,Low Blood Pressure,Dizziness,Migraine
High Blood Pressure,Chills,Diarrhea,Sweating,Sore Throat,Cough,Ear Pain,Strep Throat
Sweating,Rash,Ear Pain,Skin Redness,Diarrhea,Fatigue,High Blood Pressure,Flu
Diarrhea,Chest Pain,Loss of Smell,Chills,Fatigue,Ear Pain,Muscle Pain,Unknown
Vomiting,Chest Pain,Confusion,Cough,High Blood Pressure,Loss of Taste,Runny Nose,Unknown
Weakness,Loss of Smell,Blurred Vision,Cough,Chest Pain,Sweating,Loss of Appetite,COVID-19
Confusion,Ear Pain,Nausea,Vomiting,Muscle Pain,Weakness,Loss of Smell,Meningitis
Cough,Ear Pain,Loss of Taste,Sore Throat,Difficulty Swallowing,Chest Pain,Sweating,Unknown
Difficulty Swallowing,Muscle Pain,Skin Redness,Loss of Appetite,Skin Peeling,Fatigue,Confusion,Ear Infection
Swollen Lymph Nodes,Headache,Ear Pain,Muscle Pain,Runny Nose,Diarrhea,Fever,Malaria
Sweating,Sore Throat,Confusion,Dizziness,Joint Pain,Blurred Vision,Rash,Unknown
Sore Throat,High Blood Pressure,Diarrhea,Low Blood Pressure,Weakness,Runny Nose,Confusion,Unknown
Skin Peeling,Chills,Dizziness,Blurred Vision,Difficulty Swallowing,Sore Throat,Diarrhea,Unknown
Vomiting,Rapid Heart Rate,Diarrhea,Rash,Dizziness,Runny Nose,Blurred Vision,Dengue
Loss of Appetite,Loss of Taste,Shortness of Breath,Runny Nose,Rash,Cough,Diarrhea,Unknown
High Blood Pressure,Rapid Heart Rate,Nausea,Chest Pain,Loss of Appetite,Chills,Confusion,Meningitis
Skin Redness,Chest Pain,Ear Pain,Shortness of Breath,Confusion,Fatigue,Weakness,Hypertension
Fatigue,Nausea,Diarrhea,Difficulty Swallowing,Sweating,Joint Pain,Sore Throat,Strep Throat
Low Blood Pressure,Ear Pain,Difficulty Swallowing,Rapid Heart Rate,Blurred Vision,Swollen Lymph Nodes,Muscle Pain,Unknown
Loss of Taste,Blurred Vision,Loss of Appetite,Abdominal Pain,Diarrhea,Muscle Pain,Fatigue,Flu
Rash,Difficulty Swallowing,Runny Nose,Chest Pain,Muscle Pain,Rapid Heart Rate,Chills,Unknown
Low Blood Pressure,Loss of Taste,Diarrhea,Confusion,Chest Pain,Joint Pain,Runny Nose,Unknown
Shortness of Breath,Vomiting,Loss of Smell,Nausea,Rash,Loss of Appetite,Dizziness,Unknown
Joint Pain,Ear Pain,Fever,Cough,Vomiting,Difficulty Swallowing,Rash,Scarlet Fever
Headache,Abdominal Pain,Dizziness,Rapid Heart Rate,Fever,Loss of Appetite,Chest Pain,Flu
Fatigue,Chest Pain,Cough,Swollen Lymph Nodes,Blurred Vision,Muscle Pain,Difficulty Swallowing,Strep Throat
Sore Throat,Abdominal Pain,Low Blood Pressure,Chest Pain,Loss of Appetite,Sweating,Ear Pain,Unknown
Rapid Heart Rate,Rash,Blurred Vision,Vomiting,Sweating,Skin Peeling,Diarrhea,Dengue
High Blood Pressure,Skin Peeling,Chills,Low Blood Pressure,Rash,Loss of Smell,Weakness,Dengue
Loss of Taste,Chest Pain,Skin Redness,Cough,Joint Pain,Diarrhea,Blurred Vision,Dengue
Rash,Vomiting,Cough,Loss of Smell,Joint Pain,Nausea,Abdominal Pain,Typhoid
Rash,Rapid Heart Rate,Joint Pain,Loss of Taste,Nausea,Loss of Smell,Chest Pain,Unknown
Vomiting,Loss of Appetite,Dizziness,Blurred Vision,High Blood Pressure,Shortness of Breath,Chest Pain,Pneumonia
High Blood Pressure,Cough,Abdominal Pain,Skin Redness,Ear Pain,Blurred Vision,Loss of Appetite,Pneumonia
Joint Pain,Fatigue,Blurred Vision,Runny Nose,Muscle Pain,Loss of Smell,Diarrhea,Unknown
Headache,Joint Pain,Skin Peeling,Dizziness,Loss of Appetite,Loss of Taste,Sore Throat,Malaria
Muscle Pain,Fever,High Blood Pressure,Rapid Heart Rate,Loss of Taste,Chest Pain,Diarrhea,Scarlet Fever
Chills,Shortness of Breath,High Blood Pressure,Loss of Smell,Ear Pain,Confusion,Rash,Unknown
Cough,Diarrhea,Confusion,Loss of Taste,Dizziness,Skin Redness,Fatigue,Meningitis
Muscle Pain,Sweating,Headache,Rash,Abdominal Pain,Loss of Smell,Loss of Appetite,Unknown
Dizziness,Swollen Lymph Nodes,Joint Pain,Difficulty Swallowing,Shortness of Breath,Vomiting,Abdominal Pain,Hypertension
Vomiting,Rash,Muscle Pain,Confusion,Joint Pain,Runny Nose,Loss of Taste,Unknown
Dizziness,Confusion,Vomiting,Skin Redness,Chest Pain,Loss of Smell,Loss of Appetite,Unknown
Joint Pain,Weakness,Fatigue,Fever,Confusion,Blurred Vision,Cough,Ear Infection
Chest Pain,Loss of Taste,Shortness of Breath,Confusion,Ear Pain,Diarrhea,Skin Redness,COVID-19
Weakness,Ear Pain,Chills,Confusion,Shortness of Breath,Sweating,Runny Nose,Unknown
Rash,Blurred Vision,Runny Nose,Rapid Heart Rate,Chills,Sweating,Chest Pain,Cold
Skin Redness,Loss of Smell,Abdominal Pain,Fever,Loss of Taste,Cough,High Blood Pressure,Cold
Nausea,Rash,Sweating,Loss of Appetite,Fever,Cough,Blurred Vision,Scarlet Fever
Dizziness,Runny Nose,Sweating,Shortness of Breath,Cough,Weakness,Loss of Appetite,Malaria
Difficulty Swallowing,Confusion,Runny Nose,Low Blood Pressure,Loss of Taste,Muscle Pain,Cough,COVID-19
Diarrhea,Weakness,Low Blood Pressure,Rapid Heart Rate,Vomiting,Headache,Loss of Taste,Hypotension
Skin Redness,Fatigue,Nausea,Muscle Pain,Blurred Vision,Loss of Taste,Skin Peeling,Unknown
Fatigue,Sweating,Blurred Vision,Loss of Smell,Diarrhea,Chest Pain,Weakness,Unknown
Chills,Vomiting,Ear Pain,Shortness of Breath,Weakness,Muscle Pain,Loss of Taste,Hypotension
Swollen Lymph Nodes,Cough,Low Blood Pressure,Nausea,Muscle Pain,Chest Pain,Fatigue,Typhoid
Headache,Abdominal Pain,Diarrhea,Swollen Lymph Nodes,Difficulty Swallowing,Fever,Sweating,Migraine
High Blood Pressure,Nausea,Runny Nose,Swollen Lymph Nodes,Headache,Fever,Fatigue,COVID-19
Sore Throat,Dizziness,Diarrhea,Skin Redness,Loss of Smell,Fever,Nausea,Typhoid
Swollen Lymph Nodes,Rapid Heart Rate,Vomiting,Chest Pain,Cough,Loss of Taste,Headache,Food Poisoning
Loss of Smell,Fever,Runny Nose,Muscle Pain,Headache,Sweating,Dizziness,Scarlet Fever
Shortness of Breath,Skin Redness,Blurred Vision,Dizziness,Cough,Abdominal Pain,High Blood Pressure,Cold
Fever,Abdominal Pain,Diarrhea,Confusion,Low Blood Pressure,Sore Throat,Chills,Typhoid
Headache,Skin Peeling,Blurred Vision,Loss of Taste,Skin Redness,Abdominal Pain,Loss of Smell,Unknown
Muscle Pain,High Blood Pressure,Ear Pain,Rash,Loss of Taste,Swollen Lymph Nodes,Chest Pain,Unknown
Difficulty Swallowing,Loss of Smell,Shortness of Breath,Muscle Pain,Sore Throat,Swollen Lymph Nodes,Rapid Heart Rate,Unknown
Diarrhea,Chest Pain,Loss of Taste,Skin Peeling,Chills,Difficulty Swallowing,Confusion,Unknown
Nausea,Ear Pain,Low Blood Pressure,Headache,Difficulty Swallowing,Muscle Pain,Sweating,Unknown
Loss of Smell,Cough,Sweating,Blurred Vision,Difficulty Swallowing,Confusion,Vomiting,Migraine
Cough,Chest Pain,Skin Redness,Muscle Pain,Chills,Loss of Taste,Rapid Heart Rate,Unknown
Chest Pain,Chills,Nausea,Loss of Smell,Rapid Heart Rate,Blurred Vision,Muscle Pain,Pneumonia
Loss of Smell,Low Blood Pressure,Muscle Pain,Shortness of Breath,Fever,Cough,Dizziness,Flu
Vomiting,Skin Peeling,Difficulty Swallowing,Nausea,Runny Nose,Skin Redness,Shortness of Breath,COVID-19
Nausea,Shortness of Breath,Fever,Sore Throat,Muscle Pain,Ear Pain,Weakness,Hypotension
Skin Peeling,Rash,Nausea,Headache,Sore Throat,Fatigue,Muscle Pain,Meningitis
Joint Pain,Headache,Shortness of Breath,Diarrhea,Cough,Nausea,Muscle Pain,Unknown
Rash,Chills,Runny Nose,Confusion,Skin Peeling,Dizziness,Weakness,Unknown
Abdominal Pain,Loss of Smell,Rapid Heart Rate,Headache,Vomiting,Loss of Taste,Skin Peeling,COVID-19
Swollen Lymph Nodes,Ear Pain,Joint Pain,Diarrhea,Nausea,Skin Peeling,High Blood Pressure,Scarlet Fever
Rapid Heart Rate,Ear Pain,Loss of Taste,Skin Redness,Runny Nose,Skin Peeling,Confusion,Unknown
Rash,Abdominal Pain,Shortness of Breath,Loss of Taste,Rapid Heart Rate,Sore Throat,Blurred Vision,Dengue
Weakness,Confusion,Rash,Runny Nose,Chest Pain,Blurred Vision,Abdominal Pain,Unknown
Swollen Lymph Nodes,Sore Throat,Dizziness,Sweating,Loss of Appetite,Blurred Vision,Fever,Malaria
Weakness,Skin Peeling,Nausea,Fever,Low Blood Pressure,Joint Pain,Rash,Dengue
Fatigue,Chills,Ear Pain,Runny Nose,Blurred Vision,Skin Redness,Skin Peeling,Unknown
Fever,Abdominal Pain,Chills,Dizziness,Headache,Confusion,Blurred Vision,Typhoid
Loss of Smell,Blurred Vision,Runny Nose,Loss of Taste,Fatigue,Fever,Nausea,COVID-19
Muscle Pain,Difficulty Swallowing,Nausea,Loss of Appetite,Chills,Headache,Ear Pain,Typhoid
Rapid Heart Rate,Rash,Chest Pain,Runny Nose,Headache,Nausea,Vomiting,Cold
Rapid Heart Rate,Rash,Chest Pain,Skin Redness,Runny Nose,Loss of Taste,Diarrhea,Unknown
Muscle Pain,Dizziness,High Blood Pressure,Swollen Lymph Nodes,Vomiting,Cough,Diarrhea,Hypotension
Cough,Nausea,Rash,Vomiting,Skin Redness,Abdominal Pain,Joint Pain,Migraine
Vomiting,Loss of Taste,Muscle Pain,Rash,Abdominal Pain,Loss of Appetite,Dizziness,Unknown
Joint Pain,Shortness of Breath,Low Blood Pressure,Fever,Fatigue,Nausea,Dizziness,Typhoid
Runny Nose,Fever,Loss of Appetite,Weakness,Muscle Pain,Dizziness,Sweating,Meningitis
Chest Pain,Low Blood Pressure,Fever,Runny Nose,Diarrhea,Ear Pain,Skin Redness,Pneumonia
Cough,Diarrhea,Runny Nose,Fatigue,Swollen Lymph Nodes,Vomiting,Rash,Unknown
Fatigue,Loss of Taste,Shortness of Breath,Skin Redness,Loss of Smell,Difficulty Swallowing,Ear Pain,Unknown
Difficulty Swallowing,Headache,Skin Peeling,Dizziness,Skin Redness,Joint Pain,High Blood Pressure,Hypertension
Loss of Smell,Fever,Ear Pain,Diarrhea,Sweating,Low Blood Pressure,Headache,Strep Throat
Loss of Taste,High Blood Pressure,Loss of Appetite,Blurred Vision,Muscle Pain,Nausea,Headache,Food Poisoning
Shortness of Breath,Joint Pain,High Blood Pressure,Sore Throat,Headache,Loss of Taste,Difficulty Swallowing,Meningitis
Diarrhea,Abdominal Pain,Chills,Vomiting,Shortness of Breath,Fatigue,High Blood Pressure,Typhoid
Rash,Joint Pain,Sweating,Nausea,Chills,Muscle Pain,Weakness,Unknown
Loss of Taste,Loss of Smell,Skin Redness,Dizziness,Swollen Lymph Nodes,Muscle Pain,Difficulty Swallowing,Unknown
Fever,Skin Redness,Headache,Muscle Pain,Sweating,Chest Pain,Blurred Vision,COVID-19
Confusion,Ear Pain,Loss of Taste,Cough,Weakness,Rash,Fatigue,Hypertension
Rash,Loss of Taste,Muscle Pain,Chills,Swollen Lymph Nodes,Ear Pain,Skin Peeling,Dengue
Weakness,Chest Pain,Skin Redness,Vomiting,Joint Pain,Nausea,Ear Pain,Ear Infection
Fatigue,Runny Nose,Muscle Pain,Loss of Appetite,Chills,Difficulty Swallowing,Skin Redness,COVID-19
Nausea,Low Blood Pressure,Headache,Shortness of Breath,Loss of Smell,Dizziness,Swollen Lymph Nodes,Flu
Headache,Weakness,Loss of Taste,Nausea,Low Blood Pressure,Sore Throat,Confusion,Hypertension
Weakness,Nausea,Shortness of Breath,Difficulty Swallowing,Muscle Pain,Rash,Sore Throat,Unknown
Loss of Smell,Chest Pain,Cough,Swollen Lymph Nodes,Fever,Sore Throat,Muscle Pain,COVID-19
Diarrhea,Loss of Taste,High Blood Pressure,Dizziness,Runny Nose,Loss of Appetite,Swollen Lymph Nodes,Unknown
Difficulty Swallowing,Sweating,Blurred Vision,Diarrhea,Cough,Weakness,Skin Redness,Food Poisoning
Nausea,Shortness of Breath,Difficulty Swallowing,Diarrhea,Rapid Heart Rate,High Blood Pressure,Ear Pain,Unknown
Rash,Sweating,Fatigue,Nausea,Chest Pain,Diarrhea,Loss of Appetite,Cold
Dizziness,Rash,Vomiting,Weakness,Skin Peeling,High Blood Pressure,Runny Nose,Scarlet Fever
Fatigue,Swollen Lymph Nodes,Chest Pain,Shortness of Breath,Low Blood Pressure,Skin Redness,Blurred Vision,Unknown
Low Blood Pressure,Muscle Pain,Rash,Joint Pain,Dizziness,Blurred Vision,Fever,Pneumonia
Headache,Diarrhea,Runny Nose,Blurred Vision,Swollen Lymph Nodes,Weakness,Sore Throat,Scarlet Fever
Confusion,Sore Throat,Fatigue,Runny Nose,Skin Redness,Difficulty Swallowing,Skin Peeling,Unknown
Difficulty Swallowing,Weakness,Loss of Taste,Abdominal Pain,Diarrhea,Shortness of Breath,Chest Pain,Malaria
Rapid Heart Rate,Confusion,Chills,Blurred Vision,High Blood Pressure,Rash,Joint Pain,Unknown
Blurred Vision,Nausea,Shortness of Breath,Abdominal Pain,Chills,Skin Redness,High Blood Pressure,Unknown
Headache,Joint Pain,High Blood Pressure,Confusion,Ear Pain,Diarrhea,Abdominal Pain,Unknown
Skin Peeling,Nausea,Swollen Lymph Nodes,Loss of Smell,Rash,Muscle Pain,Shortness of Breath,Food Poisoning
Ear Pain,Nausea,Fever,Loss of Taste,Shortness of Breath,Loss of Appetite,Sweating,Meningitis
Rapid Heart Rate,Fever,Chills,Difficulty Swallowing,Skin Peeling,Headache,Nausea,Unknown
Sore Throat,Rapid Heart Rate,Diarrhea,Muscle Pain,High Blood Pressure,Chest Pain,Shortness of Breath,Scarlet Fever
Difficulty Swallowing,Ear Pain,Diarrhea,Confusion,Sore Throat,High Blood Pressure,Cough,Unknown
Dizziness,Vomiting,Cough,Loss of Taste,Loss of Smell,Confusion,Skin Redness,Unknown
Abdominal Pain,Fatigue,Ear Pain,Rapid Heart Rate,High Blood Pressure,Loss of Appetite,Loss of Smell,Unknown
Skin Redness,Abdominal Pain,Rapid Heart Rate,Sweating,Cough,Shortness of Breath,Headache,Dengue
Weakness,Nausea,Confusion,Headache,Loss of Taste,Difficulty Swallowing,Diarrhea,Dengue
Rapid Heart Rate,Blurred Vision,Sore Throat,Sweating,Shortness of Breath,Nausea,Skin Redness,COVID-19
Cough,Joint Pain,Headache,Abdominal Pain,Confusion,Loss of Taste,Rapid Heart Rate,Meningitis
Nausea,Difficulty Swallowing,Fever,Skin Redness,Confusion,Sweating,Cough,Pneumonia
Headache,Abdominal Pain,Muscle Pain,Loss of Taste,Runny Nose,High Blood Pressure,Fever,COVID-19
Muscle Pain,High Blood Pressure,Sweating,Headache,Confusion,Nausea,Loss of Taste,Malaria
Sweating,Vomiting,Shortness of Breath,Headache,Swollen Lymph Nodes,Diarrhea,Nausea,Malaria
Headache,Diarrhea,Fatigue,Chest Pain,Joint Pain,Difficulty Swallowing,Sore Throat,Hypertension
Joint Pain,Vomiting,Loss of Smell,Shortness of Breath,Ear Pain,Skin Peeling,Muscle Pain,Unknown
Muscle Pain,Loss of Appetite,Headache,Chills,Rash,Difficulty Swallowing,Blurred Vision,Typhoid
Low Blood Pressure,Skin Redness,Swollen Lymph Nodes,Cough,Rash,Blurred Vision,Fatigue,Flu
Cough,Sore Throat,Joint Pain,Abdominal Pain,Skin Peeling,Fatigue,Shortness of Breath,Unknown
Cough,Low Blood Pressure,Dizziness,Vomiting,Skin Peeling,Muscle Pain,Swollen Lymph Nodes,Scarlet Fever
Confusion,Ear Pain,Runny Nose,Loss of Appetite,Skin Redness,Rash,Fatigue,Scarlet Fever
Chest Pain,Chills,Weakness,Diarrhea,Ear Pain,Runny Nose,Loss of Smell,Unknown
Skin Peeling,Swollen Lymph Nodes,Runny Nose,Loss of Taste,Fatigue,Abdominal Pain,Chest Pain,Cold
Low Blood Pressure,Runny Nose,Fatigue,Shortness of Breath,Weakness,Rash,Joint Pain,Unknown
Shortness of Breath,Chest Pain,Skin Peeling,Loss of Taste,Swollen Lymph Nodes,Rash,Sweating,COVID-19
Skin Peeling,Chest Pain,Nausea,Chills,Cough,Joint Pain,Loss of Smell,Meningitis
Fever,Headache,Joint Pain,Cough,Difficulty Swallowing,Swollen Lymph Nodes,Nausea,Meningitis
Ear Pain,Skin Redness,Skin Peeling,Low Blood Pressure,Chest Pain,Fever,High Blood Pressure,Unknown
Sweating,Fatigue,Loss of Taste,Headache,Vomiting,Loss of Smell,Chills,Hypertension
Cough,Swollen Lymph Nodes,Headache,Difficulty Swallowing,Sore Throat,Skin Peeling,Loss of Appetite,Migraine
Joint Pain,Nausea,Loss of Appetite,Diarrhea,Rapid Heart Rate,Weakness,Sweating,Unknown
Dizziness,Nausea,Skin Redness,Blurred Vision,Rash,Abdominal Pain,Diarrhea,Food Poisoning
Dizziness,Runny Nose,Blurred Vision,Cough,Loss of Appetite,Ear Pain,Chest Pain,Migraine
Skin Redness,Dizziness,Weakness,Rapid Heart Rate,Ear Pain,Confusion,Runny Nose,Malaria
Skin Redness,Loss of Appetite,Nausea,Low Blood Pressure,Skin Peeling,Difficulty Swallowing,Chills,Typhoid
Loss of Smell,Difficulty Swallowing,Shortness of Breath,Nausea,High Blood Pressure,Chest Pain,Sweating,Meningitis
Dizziness,Blurred Vision,Joint Pain,Cough,Weakness,Loss of Smell,Rash,Pneumonia
Diarrhea,Swollen Lymph Nodes,Loss of Smell,Chills,Weakness,Dizziness,Muscle Pain,COVID-19
Nausea,Loss of Taste,Sore Throat,Skin Peeling,High Blood Pressure,Skin Redness,Swollen Lymph Nodes,Food Poisoning
Sore Throat,Sweating,Muscle Pain,Loss of Smell,Loss of Appetite,Shortness of Breath,Loss of Taste,Cold
Sweating,Blurred Vision,Ear Pain,Rapid Heart Rate,Runny Nose,Skin Redness,Shortness of Breath,COVID-19
Vomiting,Muscle Pain,Ear Pain,Low Blood Pressure,Difficulty Swallowing,Weakness,Diarrhea,Unknown
Diarrhea,Low Blood Pressure,Abdominal Pain,Skin Redness,Fever,Loss of Appetite,Rapid Heart Rate,Ear Infection
Blurred Vision,Chest Pain,Muscle Pain,Ear Pain,Confusion,Headache,Cough,Hypertension
Weakness,Vomiting,Fatigue,Swollen Lymph Nodes,Muscle Pain,Nausea,Rapid Heart Rate,Migraine
Fatigue,Difficulty Swallowing,Headache,Abdominal Pain,Blurred Vision,Joint Pain,Dizziness,COVID-19
Muscle Pain,Loss of Smell,Sore Throat,Shortness of Breath,Cough,Nausea,Swollen Lymph Nodes,Strep Throat
Headache,Nausea,Sweating,Cough,Shortness of Breath,Loss of Appetite,Rapid Heart Rate,Unknown
Weakness,Cough,Nausea,Rash,Skin Redness,Chest Pain,Shortness of Breath,Flu
Loss of Taste,Weakness,Nausea,Swollen Lymph Nodes,Confusion,Loss of Appetite,Loss of Smell,Typhoid
Rapid Heart Rate,Sweating,Ear Pain,Chest Pain,Low Blood Pressure,Fever,Diarrhea,Food Poisoning
Cough,Diarrhea,Vomiting,High Blood Pressure,Chills,Ear Pain,Difficulty Swallowing,Unknown
Nausea,Headache,Loss of Appetite,Low Blood Pressure,Blurred Vision,Sweating,Fever,Scarlet Fever
Low Blood Pressure,Loss of Taste,Sore Throat,Ear Pain,Rash,Runny Nose,Muscle Pain,Flu
Joint Pain,Runny Nose,Loss of Smell,Difficulty Swallowing,Swollen Lymph Nodes,High Blood Pressure,Shortness of Breath,Pneumonia
Sore Throat,Ear Pain,Joint Pain,Skin Peeling,Skin Redness,Confusion,Loss of Taste,COVID-19
Sore Throat,Sweating,Joint Pain,Weakness,Headache,Confusion,Chest Pain,Typhoid
Ear Pain,Difficulty Swallowing,Loss of Appetite,Shortness of Breath,Headache,Skin Redness,Fever,Strep Throat
Swollen Lymph Nodes,Runny Nose,Loss of Taste,Joint Pain,Chills,Confusion,Muscle Pain,Meningitis
Fatigue,Skin Redness,Confusion,Vomiting,Ear Pain,Fever,Skin Peeling,Malaria
Cough,Sweating,Joint Pain,Loss of Smell,Shortness of Breath,Fatigue,High Blood Pressure,Unknown
Blurred Vision,Weakness,Headache,Skin Peeling,Fatigue,Abdominal Pain,Sweating,Unknown
Sweating,High Blood Pressure,Muscle Pain,Diarrhea,Loss of Appetite,Shortness of Breath,Fever,Flu
Loss of Appetite,Skin Peeling,Chills,Low Blood Pressure,Chest Pain,Confusion,Joint Pain,Unknown
Rapid Heart Rate,Fever,Skin Peeling,Nausea,Low Blood Pressure,Dizziness,Loss of Taste,Malaria
Skin Redness,Shortness of Breath,Vomiting,Ear Pain,Joint Pain,Dizziness,Nausea,Unknown
Ear Pain,Chills,Shortness of Breath,Difficulty Swallowing,Blurred Vision,Vomiting,Dizziness,Food Poisoning
Blurred Vision,Nausea,Weakness,Muscle Pain,Diarrhea,Fatigue,Shortness of Breath,Unknown
Skin Redness,High Blood Pressure,Sweating,Dizziness,Fever,Shortness of Breath,Ear Pain,Scarlet Fever
Loss of Smell,Dizziness,Runny Nose,Headache,Difficulty Swallowing,Fatigue,Blurred Vision,Flu
Rapid Heart Rate,Joint Pain,Skin Peeling,Loss of Appetite,Chest Pain,Nausea,Sweating,Scarlet Fever
Skin Peeling,Weakness,Dizziness,Vomiting,Headache,Low Blood Pressure,Loss of Taste,Scarlet Fever
Diarrhea,Vomiting,Shortness of Breath,Runny Nose,Sore Throat,High Blood Pressure,Chest Pain,Pneumonia
Sweating,Skin Redness,Chills,Loss of Appetite,Abdominal Pain,Ear Pain,Rapid Heart Rate,Food Poisoning
Vomiting,Swollen Lymph Nodes,Blurred Vision,Shortness of Breath,Low Blood Pressure,Confusion,Dizziness,Unknown
Headache,Loss of Appetite,Low Blood Pressure,Sore Throat,Blurred Vision,Diarrhea,Runny Nose,Malaria
Nausea,Vomiting,Swollen Lymph Nodes,Loss of Smell,Abdominal Pain,Weakness,Muscle Pain,Meningitis
Cough,Sweating,Rash,Headache,Swollen Lymph Nodes,Skin Redness,High Blood Pressure,Migraine
Shortness of Breath,Skin Peeling,Difficulty Swallowing,Fever,Blurred Vision,Vomiting,Muscle Pain,Migraine
Fatigue,High Blood Pressure,Fever,Loss of Smell,Shortness of Breath,Confusion,Chills,Flu
Swollen Lymph Nodes,Diarrhea,Dizziness,Nausea,Rapid Heart Rate,Ear Pain,Fever,Meningitis
Joint Pain,Loss of Smell,Fatigue,Abdominal Pain,Dizziness,Swollen Lymph Nodes,Runny Nose,Hypotension
Rapid Heart Rate,Difficulty Swallowing,Blurred Vision,Vomiting,High Blood Pressure,Skin Peeling,Chills,Unknown
Low Blood Pressure,Cough,Blurred Vision,Muscle Pain,Shortness of Breath,Loss of Smell,Rapid Heart Rate,Unknown
Shortness of Breath,Chills,Abdominal Pain,Cough,Muscle Pain,Sweating,Low Blood Pressure,Cold
Runny Nose,Vomiting,Fatigue,Confusion,Fever,Cough,Diarrhea,Typhoid
Sweating,Sore Throat,Dizziness,Joint Pain,Runny Nose,Weakness,Vomiting,Unknown
Skin Peeling,Ear Pain,Loss of Taste,High Blood Pressure,Difficulty Swallowing,Low Blood Pressure,Loss of Smell,Unknown
Vomiting,Difficulty Swallowing,Weakness,Diarrhea,Loss of Taste,Ear Pain,Shortness of Breath,COVID-19
Rapid Heart Rate,Swollen Lymph Nodes,Nausea,Loss of Smell,Cough,Chest Pain,High Blood Pressure,Strep Throat
Ear Pain,Abdominal Pain,Chills,Loss of Appetite,Fatigue,Joint Pain,Vomiting,Malaria
Joint Pain,Fever,Weakness,Runny Nose,Skin Peeling,Fatigue,Swollen Lymph Nodes,Hypotension
Loss of Taste,Chest Pain,Runny Nose,Shortness of Breath,Difficulty Swallowing,Swollen Lymph Nodes,High Blood Pressure,Cold
Rash,Weakness,Chest Pain,Sore Throat,Rapid Heart Rate,Dizziness,Vomiting,Cold
Cough,Low Blood Pressure,Headache,Muscle Pain,Abdominal Pain,Fatigue,Shortness of Breath,Dengue
Skin Redness,Rash,Fatigue,Ear Pain,Difficulty Swallowing,Cough,Runny Nose,Unknown
Cough,Sore Throat,Sweating,Fever,Joint Pain,Skin Peeling,High Blood Pressure,Hypertension
Rash,Shortness of Breath,Loss of Taste,Headache,Dizziness,Joint Pain,Skin Redness,Pneumonia
Swollen Lymph Nodes,Loss of Appetite,Skin Redness,Fatigue,Ear Pain,Skin Peeling,Weakness,Food Poisoning
Nausea,Fever,Swollen Lymph Nodes,Loss of Taste,Confusion,Skin Redness,Joint Pain,Migraine
Abdominal Pain,Ear Pain,Headache,Nausea,Muscle Pain,Runny Nose,Blurred Vision,Unknown
Fever,Runny Nose,Sore Throat,Nausea,Skin Redness,Confusion,Ear Pain,Cold
Rash,Vomiting,Swollen Lymph Nodes,Loss of Smell,Nausea,Difficulty Swallowing,Abdominal Pain,Ear Infection
Low Blood Pressure,Confusion,Blurred Vision,Diarrhea,Muscle Pain,Fatigue,Loss of Smell,Unknown
Headache,Sweating,Vomiting,Diarrhea,Loss of Smell,Skin Peeling,High Blood Pressure,COVID-19
Shortness of Breath,Skin Redness,Diarrhea,Rash,Cough,Vomiting,Sore Throat,Pneumonia
Confusion,Sweating,Muscle Pain,Skin Redness,Rapid Heart Rate,Headache,Loss of Smell,Scarlet Fever
Difficulty Swallowing,Chills,Cough,Fever,Ear Pain,Muscle Pain,Joint Pain,Typhoid
Chills,Cough,Rash,Loss of Taste,Sore Throat,Sweating,Skin Redness,Dengue
Difficulty Swallowing,Diarrhea,Rapid Heart Rate,High Blood Pressure,Sore Throat,Dizziness,Loss of Appetite,Flu
Runny Nose,Confusion,Dizziness,Loss of Smell,Low Blood Pressure,Sweating,Loss of Taste,Unknown
Sweating,Dizziness,Skin Redness,Sore Throat,Joint Pain,Diarrhea,Loss of Smell,Hypertension
Skin Peeling,Chest Pain,Sweating,Diarrhea,Nausea,Rapid Heart Rate,Shortness of Breath,Unknown
Headache,Blurred Vision,Chills,Weakness,Loss of Appetite,Chest Pain,Loss of Taste,Unknown
Rapid Heart Rate,Dizziness,Chest Pain,Loss of Appetite,Chills,Loss of Taste,Skin Peeling,COVID-19
Low Blood Pressure,Headache,Sweating,Nausea,Fatigue,Skin Redness,Shortness of Breath,COVID-19
Rash,Loss of Appetite,Fatigue,Sweating,Swollen Lymph Nodes,Diarrhea,Chest Pain,Unknown
Chills,Muscle Pain,Confusion,Chest Pain,Rapid Heart Rate,Joint Pain,Skin Peeling,Unknown
Dizziness,Chills,Runny Nose,Blurred Vision,Rapid Heart Rate,Skin Peeling,Fatigue,Flu
Blurred Vision,Chills,Swollen Lymph Nodes,Weakness,Fever,High Blood Pressure,Loss of Smell,Unknown
Cough,Vomiting,Nausea,Loss of Appetite,Swollen Lymph Nodes,Low Blood Pressure,Shortness of Breath,Pneumonia
High Blood Pressure,Vomiting,Rash,Fatigue,Low Blood Pressure,Headache,Skin Redness,Unknown
Swollen Lymph Nodes,Loss of Appetite,Fatigue,Chills,Muscle Pain,Confusion,Cough,Dengue
Rash,Runny Nose,Loss of Appetite,Rapid Heart Rate,Diarrhea,Ear Pain,High Blood Pressure,Unknown
Ear Pain,Diarrhea,Weakness,Abdominal Pain,Nausea,Loss of Appetite,Loss of Taste,Unknown
Diarrhea,Abdominal Pain,Muscle Pain,High Blood Pressure,Rapid Heart Rate,Runny Nose,Confusion,Unknown
Joint Pain,Cough,Diarrhea,Sore Throat,Loss of Smell,Chest Pain,Blurred Vision,Scarlet Fever
Skin Redness,Vomiting,Loss of Smell,Dizziness,Difficulty Swallowing,Chills,Joint Pain,Strep Throat
Runny Nose,Ear Pain,Chest Pain,Shortness of Breath,Swollen Lymph Nodes,Blurred Vision,Vomiting,COVID-19
Rash,Loss of Smell,Nausea,Swollen Lymph Nodes,Cough,Fatigue,Difficulty Swallowing,COVID-19
Loss of Appetite,Abdominal Pain,Joint Pain,Muscle Pain,Chills,Weakness,Difficulty Swallowing,Ear Infection
Rapid Heart Rate,Confusion,Chest Pain,Muscle Pain,Headache,Swollen Lymph Nodes,Difficulty Swallowing,Ear Infection
Confusion,Headache,Difficulty Swallowing,Blurred Vision,Sore Throat,Swollen Lymph Nodes,Nausea,Meningitis
Fever,Loss of Smell,Rash,Muscle Pain,Loss of Appetite,Rapid Heart Rate,Confusion,COVID-19
High Blood Pressure,Loss of Appetite,Shortness of Breath,Difficulty Swallowing,Loss of Taste,Diarrhea,Fever,Meningitis
Joint Pain,Abdominal Pain,Ear Pain,Rash,Loss of Appetite,Dizziness,Diarrhea,Hypertension
Skin Redness,Vomiting,Rash,Weakness,Shortness of Breath,Difficulty Swallowing,Blurred Vision,Pneumonia
Headache,High Blood Pressure,Loss of Smell,Vomiting,Difficulty Swallowing,Confusion,Fever,Ear Infection
Loss of Smell,Cough,Chest Pain,Fatigue,Abdominal Pain,Rapid Heart Rate,Loss of Appetite,Food Poisoning
Chills,Dizziness,Cough,Joint Pain,Runny Nose,Rash,Sweating,Unknown
Vomiting,Low Blood Pressure,Loss of Smell,Chest Pain,High Blood Pressure,Fatigue,Nausea,Meningitis
Skin Redness,Nausea,Loss of Taste,Fever,Chest Pain,Difficulty Swallowing,Cough,Dengue
Sore Throat,Swollen Lymph Nodes,Sweating,Headache,Runny Nose,Muscle Pain,Ear Pain,Unknown
Abdominal Pain,Low Blood Pressure,Diarrhea,Weakness,Fever,Headache,Confusion,Hypertension
Loss of Smell,Rash,Cough,Runny Nose,Low Blood Pressure,Muscle Pain,Joint Pain,Unknown
Confusion,Swollen Lymph Nodes,Chest Pain,Loss of Appetite,Fever,Cough,Rapid Heart Rate,Typhoid
Diarrhea,Loss of Appetite,Muscle Pain,Chest Pain,Shortness of Breath,Sweating,Swollen Lymph Nodes,Unknown
Loss of Appetite,Runny Nose,High Blood Pressure,Fatigue,Cough,Abdominal Pain,Loss of Smell,Pneumonia
Ear Pain,Dizziness,Low Blood Pressure,Chest Pain,Swollen Lymph Nodes,Sweating,Cough,Hypotension
Sweating,Low Blood Pressure,High Blood Pressure,Ear Pain,Weakness,Fatigue,Vomiting,Food Poisoning
Skin Redness,Confusion,Loss of Appetite,Rash,Fever,Low Blood Pressure,Weakness,Flu
Fatigue,Dizziness,Runny Nose,Joint Pain,Swollen Lymph Nodes,Chest Pain,Rapid Heart Rate,Dengue
Fever,Fatigue,Headache,Nausea,Shortness of Breath,Sweating,High Blood Pressure,Malaria
Runny Nose,Blurred Vision,Weakness,Loss of Smell,Fatigue,Swollen Lymph Nodes,Skin Peeling,Flu
Difficulty Swallowing,Rash,Diarrhea,Dizziness,Rapid Heart Rate,Muscle Pain,Fever,Scarlet Fever
Fatigue,Shortness of Breath,High Blood Pressure,Muscle Pain,Weakness,Cough,Sweating,Hypotension
Skin Peeling,Ear Pain,Low Blood Pressure,Diarrhea,Rapid Heart Rate,Loss of Taste,Cough,Unknown
Sweating,Cough,Diarrhea,Skin Redness,Fatigue,Loss of Taste,Skin Peeling,Typhoid
Headache,Nausea,Joint Pain,Chills,Weakness,Low Blood Pressure,Confusion,Unknown
Rash,Vomiting,Loss of Taste,Abdominal Pain,Sore Throat,Chills,Cough,Typhoid
Fever,Loss of Taste,Ear Pain,Abdominal Pain,Skin Peeling,Weakness,Chills,Typhoid
Rapid Heart Rate,Nausea,Fatigue,Swollen Lymph Nodes,Dizziness,Joint Pain,Vomiting,Typhoid
Muscle Pain,Loss of Smell,Low Blood Pressure,Runny Nose,Blurred Vision,Loss of Taste,Rapid Heart Rate,Unknown
Cough,Sweating,High Blood Pressure,Runny Nose,Diarrhea,Fever,Abdominal Pain,Dengue
Chills,High Blood Pressure,Vomiting,Abdominal Pain,Sore Throat,Fever,Loss of Appetite,Food Poisoning
Shortness of Breath,Low Blood Pressure,Ear Pain,Skin Redness,Muscle Pain,Cough,Headache,Unknown
Runny Nose,Chest Pain,Rash,Blurred Vision,Vomiting,Sore Throat,Chills,Food Poisoning
Headache,Cough,Chills,Blurred Vision,Dizziness,Nausea,Vomiting,Food Poisoning
Sweating,Vomiting,Skin Redness,Loss of Appetite,Blurred Vision,High Blood Pressure,Runny Nose,Unknown
Muscle Pain,Loss of Appetite,Headache,Runny Nose,Fever,Loss of Taste,Low Blood Pressure,Migraine
Sore Throat,High Blood Pressure,Nausea,Confusion,Rash,Skin Redness,Headache,Meningitis
Sore Throat,Rash,Headache,High Blood Pressure,Runny Nose,Skin Redness,Loss of Taste,Flu
Weakness,Chest Pain,Fatigue,Skin Redness,Chills,Loss of Smell,Sweating,Hypertension
Abdominal Pain,Cough,Sore Throat,Runny Nose,Loss of Appetite,Nausea,Low Blood Pressure,Unknown
Ear Pain,Chills,Loss of Taste,Diarrhea,Weakness,Swollen Lymph Nodes,Rapid Heart Rate,Unknown
Fever,Blurred Vision,Chest Pain,Abdominal Pain,Muscle Pain,Shortness of Breath,Joint Pain,Migraine
Fever,Cough,Loss of Smell,Low Blood Pressure,Confusion,Sore Throat,Loss of Appetite,Unknown
Vomiting,Weakness,Runny Nose,Fever,Nausea,Dizziness,Skin Peeling,Typhoid
Cough,Dizziness,Runny Nose,Loss of Taste,Loss of Smell,Loss of Appetite,Confusion,Migraine
Dizziness,High Blood Pressure,Vomiting,Sweating,Blurred Vision,Muscle Pain,Rapid Heart Rate,Dengue
Sore Throat,Joint Pain,Loss of Taste,Headache,Chills,Fever,Blurred Vision,Unknown
Loss of Taste,Vomiting,Fever,Skin Redness,Abdominal Pain,Difficulty Swallowing,Rash,Unknown
Skin Redness,Joint Pain,Cough,Dizziness,High Blood Pressure,Fever,Rash,COVID-19
Joint Pain,High Blood Pressure,Loss of Taste,Low Blood Pressure,Blurred Vision,Nausea,Rapid Heart Rate,Hypotension
Runny Nose,High Blood Pressure,Chest Pain,Rapid Heart Rate,Abdominal Pain,Fatigue,Loss of Taste,Cold
Headache,Rash,Dizziness,Abdominal Pain,Cough,Shortness of Breath,Rapid Heart Rate,Pneumonia
Difficulty Swallowing,Loss of Taste,Headache,Loss of Smell,Cough,Skin Redness,Joint Pain,Scarlet Fever
Loss of Smell,Loss of Taste,Vomiting,Sore Throat,Chills,Low Blood Pressure,Diarrhea,Unknown
Abdominal Pain,Loss of Appetite,Low Blood Pressure,Fever,Nausea,Rash,Skin Peeling,Food Poisoning
Skin Peeling,Abdominal Pain,Swollen Lymph Nodes,Skin Redness,Weakness,Sweating,Fatigue,Flu
Rapid Heart Rate,Fatigue,Nausea,Rash,Difficulty Swallowing,Diarrhea,Sweating,Strep Throat
Vomiting,Sweating,Rapid Heart Rate,Loss of Smell,Cough,Rash,Dizziness,Malaria
Rash,Dizziness,Difficulty Swallowing,Loss of Taste,Confusion,Cough,Weakness,Unknown
Shortness of Breath,Swollen Lymph Nodes,Rapid Heart Rate,Dizziness,Chest Pain,Confusion,Difficulty Swallowing,Migraine
Cough,Rash,Loss of Taste,High Blood Pressure,Runny Nose,Loss of Appetite,Sweating,Unknown
Diarrhea,Fever,Loss of Taste,Chest Pain,Confusion,Swollen Lymph Nodes,Abdominal Pain,Typhoid
Skin Redness,Chest Pain,Rash,Ear Pain,Loss of Taste,Loss of Appetite,Runny Nose,Typhoid
Difficulty Swallowing,Fatigue,High Blood Pressure,Vomiting,Low Blood Pressure,Rapid Heart Rate,Confusion,Ear Infection
Cough,Loss of Appetite,Dizziness,Skin Peeling,Fatigue,Sweating,Confusion,Flu
Loss of Taste,Shortness of Breath,Fatigue,Vomiting,Difficulty Swallowing,Blurred Vision,Rapid Heart Rate,Unknown
Muscle Pain,Low Blood Pressure,High Blood Pressure,Skin Peeling,Joint Pain,Nausea,Confusion,Unknown
Shortness of Breath,Loss of Taste,Chest Pain,Joint Pain,Loss of Appetite,High Blood Pressure,Muscle Pain,Pneumonia
Chest Pain,Ear Pain,Sore Throat,Diarrhea,Difficulty Swallowing,Loss of Taste,Swollen Lymph Nodes,Strep Throat
Chest Pain,Rapid Heart Rate,Shortness of Breath,Ear Pain,Weakness,Vomiting,High Blood Pressure,Food Poisoning
Cough,Nausea,Dizziness,Weakness,Difficulty Swallowing,Muscle Pain,Sweating,Food Poisoning
Rash,Headache,Confusion,Skin Peeling,Muscle Pain,Runny Nose,Chest Pain,Unknown
Runny Nose,Headache,Low Blood Pressure,Chills,Difficulty Swallowing,Rapid Heart Rate,Loss of Smell,Hypertension
Runny Nose,Diarrhea,Skin Redness,Chest Pain,Fever,Nausea,Difficulty Swallowing,Cold
Difficulty Swallowing,Diarrhea,Weakness,Swollen Lymph Nodes,Abdominal Pain,High Blood Pressure,Skin Redness,Unknown
Headache,Rash,Chills,Confusion,High Blood Pressure,Ear Pain,Nausea,Unknown
Sweating,Weakness,Loss of Taste,Vomiting,Muscle Pain,Skin Redness,Cough,Hypotension
Sore Throat,Joint Pain,Fever,Abdominal Pain,Ear Pain,Rash,High Blood Pressure,Strep Throat
Difficulty Swallowing,Skin Redness,Runny Nose,Skin Peeling,Rapid Heart Rate,Sore Throat,Diarrhea,Unknown
Fever,Ear Pain,Swollen Lymph Nodes,Headache,Shortness of Breath,Skin Peeling,Runny Nose,Cold
Joint Pain,Rash,Cough,Shortness of Breath,Swollen Lymph Nodes,Headache,Loss of Smell,Unknown
Skin Peeling,Rapid Heart Rate,Loss of Taste,Low Blood Pressure,Diarrhea,Rash,Sore Throat,Unknown
Fatigue,Sweating,Joint Pain,Nausea,Low Blood Pressure,Cough,Fever,Ear Infection
Headache,Difficulty Swallowing,Blurred Vision,Skin Peeling,Chest Pain,Shortness of Breath,Diarrhea,Scarlet Fever
Loss of Smell,Sore Throat,Difficulty Swallowing,Runny Nose,Loss of Appetite,Muscle Pain,Rash,Unknown
Rash,Shortness of Breath,Cough,Headache,Chest Pain,Loss of Appetite,Blurred Vision,Hypertension
Joint Pain,High Blood Pressure,Sweating,Cough,Loss of Appetite,Chills,Skin Peeling,Unknown
Fatigue,Blurred Vision,Confusion,Loss of Taste,Ear Pain,Swollen Lymph Nodes,Dizziness,Unknown
Headache,Dizziness,Rash,Skin Peeling,Nausea,Cough,Ear Pain,Unknown
Skin Peeling,Fever,Diarrhea,Loss of Appetite,Difficulty Swallowing,Rash,Fatigue,Strep Throat
Weakness,Vomiting,Chills,Skin Redness,Nausea,Joint Pain,Fever,Meningitis
Cough,Sore Throat,Difficulty Swallowing,Weakness,Rapid Heart Rate,Loss of Smell,Confusion,Flu
Chills,Diarrhea,Dizziness,Rash,Fatigue,Runny Nose,Swollen Lymph Nodes,Cold
Fever,High Blood Pressure,Nausea,Sore Throat,Chest Pain,Rapid Heart Rate,Shortness of Breath,Malaria
Loss of Smell,Chills,Ear Pain,Weakness,Swollen Lymph Nodes,Difficulty Swallowing,Low Blood Pressure,Hypotension
Diarrhea,Sweating,Swollen Lymph Nodes,Loss of Appetite,Muscle Pain,Loss of Taste,Vomiting,Unknown
Fatigue,Swollen Lymph Nodes,Skin Redness,Abdominal Pain,Diarrhea,Weakness,Ear Pain,Flu
Blurred Vision,Shortness of Breath,Nausea,Cough,Runny Nose,Fever,Fatigue,Strep Throat
Confusion,Difficulty Swallowing,Cough,Sore Throat,Loss of Appetite,Chest Pain,Joint Pain,Typhoid
Skin Peeling,Dizziness,Fever,Confusion,Difficulty Swallowing,Abdominal Pain,Rapid Heart Rate,Typhoid
Joint Pain,Skin Peeling,Abdominal Pain,High Blood Pressure,Diarrhea,Headache,Low Blood Pressure,Unknown
High Blood Pressure,Nausea,Joint Pain,Dizziness,Confusion,Rapid Heart Rate,Chills,Meningitis
Joint Pain,Chills,Runny Nose,Diarrhea,Rapid Heart Rate,Vomiting,Swollen Lymph Nodes,Unknown
Cough,Chills,Nausea,Headache,Rash,Dizziness,Fever,Typhoid
High Blood Pressure,Low Blood Pressure,Runny Nose,Skin Peeling,Shortness of Breath,Loss of Appetite,Abdominal Pain,Typhoid
Loss of Smell,Diarrhea,Sweating,Muscle Pain,Low Blood Pressure,Fatigue,Swollen Lymph Nodes,Cold
Vomiting,Dizziness,Chills,Diarrhea,Loss of Taste,Shortness of Breath,Muscle Pain,Malaria
Abdominal Pain,Dizziness,Cough,Muscle Pain,Swollen Lymph Nodes,Diarrhea,Chest Pain,Food Poisoning
Nausea,Ear Pain,Shortness of Breath,Vomiting,Skin Redness,Muscle Pain,Rash,Pneumonia
Abdominal Pain,Chest Pain,Sore Throat,Dizziness,Diarrhea,Swollen Lymph Nodes,Runny Nose,Strep Throat
Skin Redness,Vomiting,Diarrhea,Rapid Heart Rate,Abdominal Pain,Low Blood Pressure,Fatigue,Unknown
Nausea,Ear Pain,Dizziness,Joint Pain,Rapid Heart Rate,Abdominal Pain,Loss of Smell,Typhoid
Rash,Vomiting,Cough,Weakness,Dizziness,Difficulty Swallowing,Chills,COVID-19
Chest Pain,Shortness of Breath,Diarrhea,Difficulty Swallowing,Loss of Smell,Blurred Vision,High Blood Pressure,Pneumonia
Chest Pain,Rapid Heart Rate,Headache,Skin Redness,Swollen Lymph Nodes,Runny Nose,Difficulty Swallowing,Flu
Vomiting,Loss of Taste,Blurred Vision,Dizziness,Skin Peeling,High Blood Pressure,Shortness of Breath,Migraine
Chest Pain,Difficulty Swallowing,Cough,Fatigue,Shortness of Breath,Runny Nose,Diarrhea,Typhoid
Weakness,Vomiting,Dizziness,Muscle Pain,Fatigue,Loss of Appetite,Difficulty Swallowing,Unknown
Loss of Taste,Rash,Loss of Appetite,Cough,Rapid Heart Rate,Skin Peeling,Chills,COVID-19
Nausea,Joint Pain,Vomiting,Runny Nose,Confusion,Loss of Appetite,Skin Peeling,Unknown
Loss of Taste,Skin Redness,Chills,Swollen Lymph Nodes,Fatigue,Vomiting,Dizziness,Unknown
Difficulty Swallowing,Fatigue,Dizziness,Sore Throat,Blurred Vision,Skin Redness,Ear Pain,Hypertension
Loss of Appetite,Chills,Skin Redness,High Blood Pressure,Fatigue,Sore Throat,Difficulty Swallowing,Unknown
Difficulty Swallowing,Skin Redness,Joint Pain,Swollen Lymph Nodes,Weakness,Chest Pain,Chills,Typhoid
Joint Pain,Dizziness,Skin Peeling,Ear Pain,Difficulty Swallowing,Fever,Weakness,Unknown
Chills,Vomiting,Confusion,Rapid Heart Rate,Ear Pain,High Blood Pressure,Skin Redness,Unknown
Diarrhea,Chills,Blurred Vision,High Blood Pressure,Nausea,Runny Nose,Shortness of Breath,Unknown
Fever,Skin Peeling,Cough,Nausea,Vomiting,Sore Throat,Muscle Pain,Migraine
Skin Redness,Abdominal Pain,Loss of Smell,Confusion,Swollen Lymph Nodes,Chest Pain,Cough,Unknown
Loss of Taste,Weakness,Cough,Fever,Chest Pain,High Blood Pressure,Fatigue,Scarlet Fever
Fatigue,Shortness of Breath,Cough,Runny Nose,Vomiting,Chest Pain,Dizziness,Flu
High Blood Pressure,Sore Throat,Sweating,Nausea,Abdominal Pain,Dizziness,Muscle Pain,Typhoid
Ear Pain,Rash,Skin Redness,Difficulty Swallowing,Sore Throat,Dizziness,Sweating,Cold
Difficulty Swallowing,Dizziness,Swollen Lymph Nodes,Skin Peeling,Sore Throat,Loss of Smell,Shortness of Breath,Unknown
Headache,Sore Throat,Sweating,Runny Nose,Loss of Smell,Blurred Vision,Ear Pain,Unknown
Shortness of Breath,Fever,Low Blood Pressure,Sweating,Loss of Taste,Loss of Smell,Abdominal Pain,Flu
Runny Nose,Chills,Loss of Taste,Diarrhea,Low Blood Pressure,Dizziness,High Blood Pressure,Unknown
Blurred Vision,Diarrhea,Loss of Smell,Loss of Appetite,Fatigue,Sweating,Nausea,Flu
Sweating,Joint Pain,Loss of Appetite,Skin Redness,Loss of Taste,Nausea,High Blood Pressure,COVID-19
Chest Pain,Rapid Heart Rate,Loss of Taste,Vomiting,Diarrhea,Headache,Abdominal Pain,Dengue
Abdominal Pain,Headache,Muscle Pain,Weakness,Confusion,Chest Pain,Difficulty Swallowing,Strep Throat
Low Blood Pressure,Confusion,Weakness,Chills,Sore Throat,Blurred Vision,Difficulty Swallowing,Unknown
Sweating,Difficulty Swallowing,Vomiting,Weakness,Low Blood Pressure,Diarrhea,Blurred Vision,Migraine
Low Blood Pressure,Loss of Smell,Cough,Confusion,Dizziness,High Blood Pressure,Abdominal Pain,Unknown
Difficulty Swallowing,Dizziness,Rapid Heart Rate,Loss of Taste,Swollen Lymph Nodes,Chills,Skin Redness,Strep Throat
Shortness of Breath,Diarrhea,Rapid Heart Rate,Blurred Vision,Weakness,Dizziness,Loss of Smell,Food Poisoning
Skin Redness,Loss of Appetite,Swollen Lymph Nodes,Fever,Ear Pain,Rash,Nausea,Pneumonia
Nausea,High Blood Pressure,Dizziness,Skin Peeling,Difficulty Swallowing,Vomiting,Sore Throat,Unknown
Skin Redness,Weakness,Headache,Low Blood Pressure,Dizziness,Loss of Appetite,Muscle Pain,Flu
Nausea,High Blood Pressure,Sweating,Skin Peeling,Runny Nose,Difficulty Swallowing,Blurred Vision,Unknown
Rapid Heart Rate,High Blood Pressure,Muscle Pain,Vomiting,Shortness of Breath,Skin Redness,Cough,Unknown
Cough,Rapid Heart Rate,Fever,Muscle Pain,Nausea,Chest Pain,Blurred Vision,Strep Throat
Loss of Appetite,Muscle Pain,Skin Redness,Rapid Heart Rate,Sore Throat,Ear Pain,Runny Nose,Unknown
Chest Pain,Sweating,Joint Pain,Rapid Heart Rate,Confusion,Cough,Dizziness,Hypertension
Chills,Blurred Vision,Vomiting,Weakness,Confusion,High Blood Pressure,Chest Pain,Unknown
High Blood Pressure,Abdominal Pain,Rash,Vomiting,Loss of Appetite,Fever,Loss of Smell,Unknown
Diarrhea,Blurred Vision,Loss of Appetite,Muscle Pain,Runny Nose,Rash,Fatigue,Unknown
Weakness,High Blood Pressure,Cough,Skin Redness,Chills,Dizziness,Runny Nose,Typhoid
High Blood Pressure,Loss of Appetite,Confusion,Abdominal Pain,Swollen Lymph Nodes,Vomiting,Nausea,Unknown
Shortness of Breath,Muscle Pain,Nausea,Chest Pain,Low Blood Pressure,Joint Pain,Fatigue,Unknown
Nausea,Chest Pain,Fatigue,Loss of Smell,Dizziness,Sweating,Skin Peeling,Unknown
Headache,Diarrhea,Fatigue,Ear Pain,Sore Throat,Muscle Pain,Shortness of Breath,Strep Throat
Vomiting,Cough,Sore Throat,Muscle Pain,Difficulty Swallowing,Fever,Low Blood Pressure,Meningitis
Diarrhea,Joint Pain,Cough,High Blood Pressure,Chills,Low Blood Pressure,Swollen Lymph Nodes,Strep Throat
Shortness of Breath,Loss of Smell,Confusion,Abdominal Pain,Diarrhea,Rash,Sore Throat,Cold
Low Blood Pressure,Weakness,Vomiting,Loss of Taste,Shortness of Breath,Rash,Runny Nose,Unknown
Skin Redness,Diarrhea,Sore Throat,Loss of Taste,Loss of Smell,Difficulty Swallowing,Joint Pain,Food Poisoning
Ear Pain,Difficulty Swallowing,Skin Peeling,Fatigue,Loss of Smell,Fever,Headache,Meningitis
Loss of Smell,Muscle Pain,Fatigue,Swollen Lymph Nodes,Joint Pain,Rapid Heart Rate,Ear Pain,Ear Infection
Chills,Diarrhea,Loss of Appetite,Headache,Joint Pain,Sweating,Vomiting,Migraine
Rapid Heart Rate,Sweating,Loss of Taste,Difficulty Swallowing,Swollen Lymph Nodes,Joint Pain,Muscle Pain,Unknown
Low Blood Pressure,Shortness of Breath,Dizziness,Loss of Taste,Skin Redness,High Blood Pressure,Weakness,Migraine
Dizziness,Vomiting,Abdominal Pain,Sore Throat,Chills,Difficulty Swallowing,Ear Pain,Migraine
Rapid Heart Rate,Weakness,Loss of Smell,Skin Redness,Headache,Chest Pain,Nausea,Flu
Rash,Low Blood Pressure,Fever,Ear Pain,Loss of Appetite,Joint Pain,Weakness,Ear Infection
Loss of Smell,Diarrhea,Weakness,Chest Pain,Headache,Fever,Joint Pain,COVID-19
Headache,Rapid Heart Rate,Fatigue,Sweating,Diarrhea,Dizziness,Loss of Taste,Malaria
Chills,Loss of Appetite,Difficulty Swallowing,Loss of Smell,Confusion,Abdominal Pain,Ear Pain,Strep Throat
Joint Pain,Cough,Muscle Pain,Vomiting,Headache,Ear Pain,Blurred Vision,Unknown
Rash,Sore Throat,Vomiting,Joint Pain,Fever,Ear Pain,Runny Nose,Ear Infection
Blurred Vision,Rash,Loss of Appetite,Difficulty Swallowing,Diarrhea,Nausea,High Blood Pressure,Unknown
Chills,Nausea,Difficulty Swallowing,Low Blood Pressure,Skin Peeling,High Blood Pressure,Sore Throat,Cold
Fever,Sweating,Blurred Vision,Muscle Pain,Confusion,Abdominal Pain,Loss of Smell,Food Poisoning
Ear Pain,Loss of Taste,Fever,Cough,Loss of Appetite,Runny Nose,Skin Redness,Typhoid
Skin Redness,Abdominal Pain,Muscle Pain,Loss of Taste,Runny Nose,Loss of Smell,Fever,Pneumonia
Fatigue,Rash,Cough,Fever,Loss of Taste,Skin Redness,Abdominal Pain,Cold
Rash,Difficulty Swallowing,Confusion,Loss of Smell,Fatigue,Headache,Loss of Appetite,Typhoid
Skin Redness,Loss of Taste,Sweating,Ear Pain,Loss of Smell,Difficulty Swallowing,Headache,Migraine
Fatigue,Ear Pain,Joint Pain,Rapid Heart Rate,Abdominal Pain,Confusion,Loss of Smell,Unknown
Sweating,Rapid Heart Rate,Loss of Appetite,Low Blood Pressure,Headache,Rash,Fatigue,Cold
Difficulty Swallowing,Sweating,Chest Pain,Weakness,Diarrhea,Skin Peeling,Sore Throat,Cold
Sweating,Shortness of Breath,Weakness,Dizziness,Diarrhea,Skin Redness,Confusion,Migraine
Abdominal Pain,Swollen Lymph Nodes,Loss of Smell,Loss of Taste,Ear Pain,Rapid Heart Rate,Fever,Unknown
Skin Redness,Chest Pain,Ear Pain,Diarrhea,Nausea,Sore Throat,Sweating,Unknown
Loss of Appetite,Swollen Lymph Nodes,Rapid Heart Rate,Loss of Taste,Cough,Dizziness,Muscle Pain,Hypotension
Loss of Taste,Swollen Lymph Nodes,Abdominal Pain,Nausea,Low Blood Pressure,Fatigue,High Blood Pressure,Cold
Nausea,Sore Throat,Vomiting,Loss of Taste,Loss of Appetite,Runny Nose,Headache,Food Poisoning
Sore Throat,Muscle Pain,Vomiting,Loss of Appetite,Cough,Nausea,Dizziness,Food Poisoning
Shortness of Breath,Loss of Smell,Sweating,High Blood Pressure,Confusion,Low Blood Pressure,Loss of Taste,Unknown
Skin Peeling,Nausea,Diarrhea,Loss of Smell,Shortness of Breath,Skin Redness,Fatigue,Unknown
Headache,Runny Nose,Chest Pain,Loss of Appetite,Vomiting,Shortness of Breath,Fatigue,Typhoid
Abdominal Pain,Confusion,Low Blood Pressure,Blurred Vision,Swollen Lymph Nodes,Loss of Taste,Loss of Appetite,Unknown
High Blood Pressure,Rapid Heart Rate,Joint Pain,Skin Peeling,Shortness of Breath,Loss of Smell,Confusion,Dengue
Shortness of Breath,Swollen Lymph Nodes,Chest Pain,Nausea,Loss of Smell,Muscle Pain,Low Blood Pressure,Unknown
High Blood Pressure,Diarrhea,Rash,Loss of Smell,Confusion,Difficulty Swallowing,Chest Pain,Unknown
Diarrhea,Low Blood Pressure,Fatigue,Dizziness,Rash,Confusion,Sore Throat,COVID-19
Shortness of Breath,Blurred Vision,Vomiting,Chills,Rapid Heart Rate,Difficulty Swallowing,Ear Pain,Unknown
Swollen Lymph Nodes,Loss of Appetite,Abdominal Pain,Runny Nose,Skin Peeling,Muscle Pain,Shortness of Breath,Scarlet Fever
Joint Pain,Cough,Low Blood Pressure,Sore Throat,Fever,Headache,Blurred Vision,Dengue
Loss of Appetite,Muscle Pain,Sore Throat,High Blood Pressure,Joint Pain,Sweating,Swollen Lymph Nodes,Cold
Vomiting,Fatigue,Chest Pain,Loss of Taste,Difficulty Swallowing,Rash,Fever,Hypertension
Shortness of Breath,Loss of Smell,Loss of Appetite,Weakness,Swollen Lymph Nodes,Chest Pain,Dizziness,Pneumonia
Sweating,Chest Pain,Skin Peeling,Headache,Fatigue,Confusion,Ear Pain,Hypertension
Chills,Skin Redness,Muscle Pain,Weakness,Vomiting,Low Blood Pressure,Rash,Unknown
Blurred Vision,Swollen Lymph Nodes,Runny Nose,Sweating,Ear Pain,Rash,Dizziness,Ear Infection
Difficulty Swallowing,Skin Peeling,Runny Nose,Headache,Ear Pain,Confusion,Rapid Heart Rate,Scarlet Fever
Chills,Low Blood Pressure,Joint Pain,Rapid Heart Rate,Weakness,Fatigue,Skin Peeling,COVID-19
Runny Nose,Headache,Loss of Smell,Ear Pain,Chills,Nausea,Cough,Unknown
Low Blood Pressure,Diarrhea,Sore Throat,Chest Pain,Shortness of Breath,Vomiting,Difficulty Swallowing,Unknown
Headache,Joint Pain,Weakness,Rash,Shortness of Breath,Runny Nose,Skin Redness,Flu
Nausea,Cough,Shortness of Breath,Fatigue,Skin Peeling,Loss of Smell,Rash,Pneumonia
Dizziness,Blurred Vision,Swollen Lymph Nodes,Rapid Heart Rate,Sore Throat,Cough,Ear Pain,Ear Infection
Confusion,Rash,Skin Redness,Vomiting,Loss of Smell,Cough,Sweating,Cold
Fever,Loss of Appetite,Muscle Pain,Rapid Heart Rate,Ear Pain,Weakness,Chest Pain,Hypotension
Vomiting,Chills,Muscle Pain,Fatigue,Rash,Sore Throat,Sweating,Hypertension
Cough,Loss of Smell,Shortness of Breath,Dizziness,Chills,Fatigue,Joint Pain,Unknown
Swollen Lymph Nodes,Chest Pain,Joint Pain,Loss of Taste,Headache,Loss of Smell,Muscle Pain,Unknown
Nausea,Joint Pain,Fever,Fatigue,Dizziness,Headache,Shortness of Breath,Ear Infection
Sore Throat,Weakness,Diarrhea,Skin Peeling,Joint Pain,Confusion,Fever,Hypotension
Loss of Taste,Cough,Abdominal Pain,Rapid Heart Rate,Swollen Lymph Nodes,Dizziness,Ear Pain,COVID-19
Loss of Taste,Joint Pain,Sweating,Shortness of Breath,Weakness,Sore Throat,Vomiting,Dengue
Swollen Lymph Nodes,Cough,Rapid Heart Rate,Ear Pain,Loss of Appetite,Abdominal Pain,Blurred Vision,Cold
Runny Nose,Vomiting,Confusion,Joint Pain,Difficulty Swallowing,Rapid Heart Rate,Cough,Unknown
Vomiting,Dizziness,Joint Pain,Blurred Vision,Loss of Smell,Chest Pain,Runny Nose,Unknown
Fatigue,Rash,Loss of Appetite,Runny Nose,Loss of Smell,Chest Pain,Muscle Pain,Unknown
Sweating,Loss of Taste,Chills,Swollen Lymph Nodes,Headache,Ear Pain,Fever,Strep Throat
Blurred Vision,Loss of Taste,Skin Redness,Abdominal Pain,Swollen Lymph Nodes,Rash,Headache,Typhoid
Chest Pain,Blurred Vision,Sore Throat,Rash,Confusion,Joint Pain,Ear Pain,Scarlet Fever
Ear Pain,Fatigue,Rapid Heart Rate,Weakness,Joint Pain,Headache,High Blood Pressure,Unknown
Chest Pain,Chills,Rash,Loss of Appetite,Diarrhea,Headache,Blurred Vision,Unknown
Chest Pain,Swollen Lymph Nodes,Fatigue,Cough,Fever,Sweating,Low Blood Pressure,Meningitis
Cough,Ear Pain,Rash,Abdominal Pain,Joint Pain,Shortness of Breath,Headache,Unknown
Vomiting,Confusion,Skin Redness,Low Blood Pressure,Difficulty Swallowing,Blurred Vision,Fever,Dengue
Rash,Cough,Low Blood Pressure,Runny Nose,Fatigue,Loss of Smell,Blurred Vision,Unknown
Shortness of Breath,Fatigue,Chest Pain,Skin Redness,Fever,Joint Pain,Vomiting,Unknown
Ear Pain,Nausea,Fatigue,Vomiting,Difficulty Swallowing,Runny Nose,Dizziness,Meningitis
Loss of Taste,Chills,Skin Peeling,Nausea,Low Blood Pressure,Diarrhea,Headache,COVID-19
Runny Nose,High Blood Pressure,Ear Pain,Dizziness,Shortness of Breath,Loss of Appetite,Joint Pain,Hypertension
Nausea,Weakness,Abdominal Pain,Ear Pain,Blurred Vision,Joint Pain,Loss of Smell,Ear Infection
Skin Redness,Rash,Vomiting,Fatigue,Rapid Heart Rate,Chills,Confusion,Hypertension
Fever,Loss of Appetite,Headache,Low Blood Pressure,Blurred Vision,Swollen Lymph Nodes,Runny Nose,Migraine
Diarrhea,Joint Pain,Runny Nose,Headache,Skin Redness,Chills,Low Blood Pressure,Unknown
Weakness,Chills,Rash,Blurred Vision,Runny Nose,Cough,Loss of Taste,Migraine
Difficulty Swallowing,Weakness,Ear Pain,Runny Nose,Dizziness,Fever,Shortness of Breath,Hypotension
Sore Throat,Chest Pain,Rapid Heart Rate,Sweating,Diarrhea,Loss of Taste,Chills,Malaria
Swollen Lymph Nodes,Fever,Weakness,Difficulty Swallowing,Low Blood Pressure,Sweating,Sore Throat,Ear Infection
Chills,High Blood Pressure,Fatigue,Difficulty Swallowing,Loss of Appetite,Muscle Pain,Nausea,Ear Infection
Headache,Dizziness,Confusion,Loss of Appetite,Sweating,Cough,Nausea,Flu
Loss of Taste,Rapid Heart Rate,Loss of Smell,Confusion,Vomiting,Sore Throat,Swollen Lymph Nodes,Strep Throat
Difficulty Swallowing,Shortness of Breath,Blurred Vision,Loss of Taste,Skin Peeling,Rash,Muscle Pain,Strep Throat
Skin Peeling,Loss of Appetite,Dizziness,Sweating,Muscle Pain,Difficulty Swallowing,Swollen Lymph Nodes,COVID-19
Chills,Ear Pain,Blurred Vision,Difficulty Swallowing,Nausea,Chest Pain,Confusion,Unknown
High Blood Pressure,Headache,Rash,Skin Redness,Vomiting,Sweating,Dizziness,Dengue
Fever,Loss of Smell,Weakness,Confusion,Runny Nose,Skin Peeling,Sore Throat,Scarlet Fever
Ear Pain,High Blood Pressure,Dizziness,Confusion,Swollen Lymph Nodes,Sore Throat,Cough,COVID-19
Blurred Vision,Weakness,Difficulty Swallowing,Swollen Lymph Nodes,Fever,Confusion,Joint Pain,Migraine
Chills,Joint Pain,High Blood Pressure,Nausea,Blurred Vision,Skin Redness,Weakness,Unknown
Blurred Vision,Sweating,Swollen Lymph Nodes,Chills,Runny Nose,Diarrhea,Confusion,Unknown
Runny Nose,High Blood Pressure,Ear Pain,Loss of Smell,Sweating,Joint Pain,Diarrhea,Unknown
Weakness,Cough,Ear Pain,Swollen Lymph Nodes,Loss of Appetite,Abdominal Pain,Loss of Smell,Cold
Loss of Taste,Dizziness,Sweating,Shortness of Breath,Headache,Runny Nose,Fatigue,Pneumonia
Abdominal Pain,Weakness,Loss of Taste,Vomiting,Runny Nose,Confusion,Fatigue,Unknown
Skin Peeling,Sore Throat,Dizziness,Headache,Fatigue,Chills,Sweating,Hypotension
Rapid Heart Rate,Sore Throat,Chest Pain,Skin Peeling,Nausea,Diarrhea,Cough,Unknown
Skin Peeling,Diarrhea,Rapid Heart Rate,Fatigue,Loss of Smell,Nausea,Loss of Taste,COVID-19
High Blood Pressure,Chills,Fever,Skin Peeling,Nausea,Loss of Smell,Low Blood Pressure,Ear Infection
Weakness,Sweating,Sore Throat,Rash,Cough,Loss of Smell,Skin Peeling,Hypotension
Sweating,Sore Throat,Low Blood Pressure,Cough,Shortness of Breath,Difficulty Swallowing,Loss of Appetite,Malaria
Loss of Smell,Low Blood Pressure,Swollen Lymph Nodes,Cough,Vomiting,Sweating,Shortness of Breath,Unknown
Rapid Heart Rate,Shortness of Breath,High Blood Pressure,Runny Nose,Skin Redness,Fever,Low Blood Pressure,Typhoid
Skin Peeling,Dizziness,Confusion,Vomiting,Low Blood Pressure,Runny Nose,Muscle Pain,Unknown
Low Blood Pressure,Runny Nose,Rash,Skin Peeling,Joint Pain,Chills,Vomiting,Unknown
Ear Pain,Diarrhea,Chills,Fatigue,Skin Peeling,Loss of Appetite,Sore Throat,Flu
Loss of Taste,Fatigue,High Blood Pressure,Muscle Pain,Chest Pain,Skin Peeling,Shortness of Breath,Flu
Difficulty Swallowing,Runny Nose,Blurred Vision,Rapid Heart Rate,Fever,Headache,Cough,COVID-19
Runny Nose,Dizziness,Cough,Loss of Appetite,Rapid Heart Rate,Headache,High Blood Pressure,Pneumonia
Fever,High Blood Pressure,Sweating,Skin Peeling,Diarrhea,Chest Pain,Abdominal Pain,Typhoid
Skin Peeling,Nausea,Shortness of Breath,Sore Throat,Sweating,Low Blood Pressure,Difficulty Swallowing,Unknown
Low Blood Pressure,Confusion,Chest Pain,Swollen Lymph Nodes,Diarrhea,Sweating,Difficulty Swallowing,Pneumonia
Sweating,Nausea,Abdominal Pain,Swollen Lymph Nodes,Difficulty Swallowing,Skin Peeling,Joint Pain,Unknown
Loss of Taste,Weakness,Loss of Appetite,Runny Nose,Skin Redness,Swollen Lymph Nodes,Shortness of Breath,Hypotension
Low Blood Pressure,Loss of Smell,Nausea,Loss of Appetite,Chills,Skin Redness,Skin Peeling,Meningitis
Abdominal Pain,Low Blood Pressure,Cough,Runny Nose,Swollen Lymph Nodes,Skin Peeling,High Blood Pressure,Food Poisoning
Joint Pain,Skin Peeling,Sore Throat,Vomiting,Nausea,Loss of Smell,Cough,Meningitis
Skin Peeling,Dizziness,Low Blood Pressure,Chills,Fever,Muscle Pain,Chest Pain,Dengue
Low Blood Pressure,Diarrhea,Headache,Nausea,Skin Redness,Runny Nose,Ear Pain,Hypotension
Diarrhea,Chest Pain,Skin Peeling,Loss of Taste,Runny Nose,Headache,Rash,Dengue
Swollen Lymph Nodes,Rapid Heart Rate,Ear Pain,Low Blood Pressure,Chest Pain,Shortness of Breath,Joint Pain,Unknown
Fatigue,Ear Pain,Dizziness,Skin Redness,Rapid Heart Rate,Joint Pain,Sweating,Dengue
Blurred Vision,Rash,Low Blood Pressure,Swollen Lymph Nodes,Loss of Smell,Sweating,Cough,Cold
Nausea,Abdominal Pain,Vomiting,Confusion,Headache,Swollen Lymph Nodes,Diarrhea,Dengue
Vomiting,Sweating,Muscle Pain,Blurred Vision,Fever,Confusion,Loss of Smell,Unknown
Low Blood Pressure,Sweating,Sore Throat,Chills,Dizziness,Rapid Heart Rate,Loss of Smell,Migraine
Ear Pain,Loss of Taste,Cough,Vomiting,Muscle Pain,Sweating,Nausea,Pneumonia
Vomiting,Fatigue,Chest Pain,Fever,Runny Nose,High Blood Pressure,Skin Peeling,Unknown
Rapid Heart Rate,Sore Throat,Nausea,Cough,Muscle Pain,Sweating,Loss of Appetite,Flu
Sweating,Rash,Confusion,Skin Redness,Ear Pain,Blurred Vision,Weakness,Typhoid
Sweating,Sore Throat,Runny Nose,Vomiting,Nausea,Fatigue,High Blood Pressure,Flu
Blurred Vision,Muscle Pain,Loss of Smell,Headache,Chest Pain,Rapid Heart Rate,Dizziness,Migraine
Loss of Appetite,Muscle Pain,Joint Pain,Sore Throat,Skin Peeling,Loss of Smell,Weakness,COVID-19
Cough,Chest Pain,Nausea,Diarrhea,Runny Nose,Skin Peeling,Ear Pain,Unknown
Sore Throat,Low Blood Pressure,Shortness of Breath,Sweating,Abdominal Pain,Fever,Chest Pain,Dengue
Joint Pain,Ear Pain,Sweating,Loss of Appetite,Diarrhea,Headache,Chest Pain,Typhoid
Joint Pain,Swollen Lymph Nodes,Ear Pain,Headache,Shortness of Breath,Chest Pain,Low Blood Pressure,Ear Infection
Abdominal Pain,Fatigue,Muscle Pain,Swollen Lymph Nodes,Cough,Headache,Low Blood Pressure,Meningitis
Chest Pain,Fever,High Blood Pressure,Difficulty Swallowing,Sweating,Confusion,Loss of Smell,Hypertension
Fever,Vomiting,Blurred Vision,Shortness of Breath,Runny Nose,Joint Pain,Headache,Scarlet Fever
Difficulty Swallowing,Chest Pain,Low Blood Pressure,Loss of Appetite,Shortness of Breath,Joint Pain,Skin Peeling,Ear Infection
Loss of Smell,Diarrhea,Blurred Vision,Abdominal Pain,Sore Throat,Shortness of Breath,Rapid Heart Rate,Unknown
Loss of Appetite,Skin Peeling,Skin Redness,Sore Throat,Blurred Vision,Nausea,Shortness of Breath,Scarlet Fever
Weakness,Sweating,Fever,Swollen Lymph Nodes,Rash,Confusion,Loss of Taste,Strep Throat
Abdominal Pain,Confusion,Chills,Skin Peeling,Headache,Sore Throat,Low Blood Pressure,Typhoid
Dizziness,Skin Redness,Sweating,Loss of Appetite,Blurred Vision,Difficulty Swallowing,Swollen Lymph Nodes,Scarlet Fever
Confusion,Rash,Sore Throat,Loss of Appetite,Loss of Smell,Headache,Joint Pain,Ear Infection
Loss of Smell,High Blood Pressure,Muscle Pain,Diarrhea,Chills,Loss of Taste,Ear Pain,Food Poisoning
Blurred Vision,Runny Nose,Loss of Taste,Nausea,Headache,Dizziness,Fatigue,Hypotension
Low Blood Pressure,Blurred Vision,Joint Pain,Ear Pain,Sore Throat,Loss of Taste,Swollen Lymph Nodes,Unknown
Sweating,Cough,Nausea,Abdominal Pain,Muscle Pain,Rash,Diarrhea,Unknown
Skin Redness,Nausea,Fever,Headache,Joint Pain,Skin Peeling,Confusion,Unknown
Skin Peeling,Chills,Muscle Pain,Rapid Heart Rate,Dizziness,Joint Pain,Nausea,Unknown
High Blood Pressure,Chills,Loss of Taste,Fatigue,Abdominal Pain,Diarrhea,Skin Redness,COVID-19
Ear Pain,Blurred Vision,Muscle Pain,Diarrhea,Abdominal Pain,Skin Peeling,Loss of Smell,COVID-19
Fatigue,Headache,Skin Redness,Vomiting,Rapid Heart Rate,Weakness,Nausea,Hypotension
Vomiting,Nausea,Fatigue,Rapid Heart Rate,Low Blood Pressure,Skin Redness,Swollen Lymph Nodes,Migraine
Joint Pain,Rash,Ear Pain,Chest Pain,Shortness of Breath,Low Blood Pressure,Muscle Pain,Unknown
Confusion,Rapid Heart Rate,Skin Redness,Sweating,Difficulty Swallowing,Vomiting,Rash,Food Poisoning
Skin Peeling,Abdominal Pain,Nausea,Ear Pain,Headache,Rapid Heart Rate,Swollen Lymph Nodes,Hypotension
Rapid Heart Rate,Abdominal Pain,Difficulty Swallowing,Skin Peeling,Sore Throat,Fatigue,Headache,Typhoid
Skin Peeling,Ear Pain,Muscle Pain,Joint Pain,Chills,Diarrhea,Nausea,Meningitis
Loss of Taste,Loss of Appetite,Chest Pain,Fatigue,Blurred Vision,High Blood Pressure,Skin Redness,Unknown
Low Blood Pressure,Rapid Heart Rate,Difficulty Swallowing,Chills,Fever,Loss of Taste,Abdominal Pain,Strep Throat
Shortness of Breath,Chills,Ear Pain,Sore Throat,Fatigue,Skin Redness,Diarrhea,Ear Infection
Loss of Appetite,Cough,Sore Throat,Runny Nose,Fatigue,Weakness,Loss of Taste,Typhoid
Cough,Skin Redness,Loss of Appetite,Fever,Abdominal Pain,Fatigue,Joint Pain,Malaria
Swollen Lymph Nodes,Skin Peeling,Low Blood Pressure,Rash,Dizziness,Difficulty Swallowing,Joint Pain,Hypertension
Diarrhea,Fatigue,Cough,Difficulty Swallowing,Fever,Rapid Heart Rate,Chills,Ear Infection
Chest Pain,Confusion,Loss of Appetite,Low Blood Pressure,Skin Peeling,Swollen Lymph Nodes,Chills,Unknown
Cough,Abdominal Pain,Loss of Appetite,Swollen Lymph Nodes,Blurred Vision,Vomiting,Muscle Pain,Food Poisoning
High Blood Pressure,Chills,Rapid Heart Rate,Skin Peeling,Blurred Vision,Fever,Nausea,Pneumonia
High Blood Pressure,Loss of Smell,Skin Redness,Swollen Lymph Nodes,Joint Pain,Loss of Taste,Abdominal Pain,Unknown
Skin Peeling,Difficulty Swallowing,Swollen Lymph Nodes,Skin Redness,Loss of Smell,Chest Pain,Blurred Vision,Unknown
Sore Throat,Sweating,Fatigue,Muscle Pain,Weakness,Loss of Taste,Low Blood Pressure,Hypertension
Chills,Swollen Lymph Nodes,Vomiting,Difficulty Swallowing,Muscle Pain,Skin Redness,Skin Peeling,Unknown
Fever,Vomiting,Loss of Appetite,Nausea,Rapid Heart Rate,Chest Pain,Loss of Smell,Unknown
Weakness,Blurred Vision,Nausea,Ear Pain,Loss of Smell,Vomiting,Runny Nose,Ear Infection
Fatigue,Shortness of Breath,Sore Throat,Diarrhea,Skin Peeling,Loss of Appetite,Difficulty Swallowing,Strep Throat
Loss of Taste,Sore Throat,Cough,Abdominal Pain,Loss of Appetite,Runny Nose,Difficulty Swallowing,Unknown
Vomiting,Dizziness,Weakness,Swollen Lymph Nodes,Sore Throat,Fever,Ear Pain,Migraine
Swollen Lymph Nodes,Weakness,Loss of Smell,Rapid Heart Rate,Skin Peeling,Chest Pain,Abdominal Pain,Unknown
Nausea,Headache,Rash,Muscle Pain,Skin Redness,Confusion,Diarrhea,Scarlet Fever
Muscle Pain,Skin Peeling,Headache,Shortness of Breath,Cough,Diarrhea,Loss of Smell,Malaria
Loss of Taste,Headache,Difficulty Swallowing,Muscle Pain,Confusion,Skin Peeling,Chills,Hypertension
Rash,Weakness,Chest Pain,Confusion,Vomiting,Rapid Heart Rate,Cough,Meningitis
Low Blood Pressure,Skin Redness,Rash,Abdominal Pain,Diarrhea,Difficulty Swallowing,High Blood Pressure,Hypotension
Vomiting,Loss of Appetite,Diarrhea,Muscle Pain,Low Blood Pressure,Cough,Rapid Heart Rate,Typhoid
Ear Pain,Loss of Smell,Abdominal Pain,Confusion,Blurred Vision,Weakness,Skin Redness,Scarlet Fever
Rapid Heart Rate,Sore Throat,Loss of Taste,Chest Pain,Fatigue,Cough,Abdominal Pain,Hypotension
Sore Throat,High Blood Pressure,Rapid Heart Rate,Ear Pain,Joint Pain,Skin Redness,Blurred Vision,Dengue
Low Blood Pressure,Nausea,Chest Pain,High Blood Pressure,Shortness of Breath,Dizziness,Loss of Appetite,COVID-19
Vomiting,Loss of Smell,Sweating,Ear Pain,Fatigue,Rash,Weakness,Hypertension
High Blood Pressure,Skin Redness,Weakness,Chills,Muscle Pain,Sore Throat,Runny Nose,Hypertension
Skin Redness,Vomiting,Cough,Joint Pain,Dizziness,Loss of Appetite,Headache,Ear Infection
Loss of Smell,Loss of Taste,Nausea,Difficulty Swallowing,Skin Peeling,Vomiting,Joint Pain,Unknown
Fever,Swollen Lymph Nodes,High Blood Pressure,Fatigue,Weakness,Vomiting,Sweating,Meningitis
Rash,Low Blood Pressure,Skin Peeling,Chills,Abdominal Pain,Swollen Lymph Nodes,Confusion,Unknown
Abdominal Pain,Fatigue,Shortness of Breath,Difficulty Swallowing,Skin Redness,Swollen Lymph Nodes,Nausea,Meningitis
Shortness of Breath,Loss of Taste,Confusion,Joint Pain,Headache,Sweating,Sore Throat,Cold
Dizziness,Skin Peeling,High Blood Pressure,Rapid Heart Rate,Shortness of Breath,Confusion,Runny Nose,Scarlet Fever
Loss of Smell,High Blood Pressure,Abdominal Pain,Fatigue,Blurred Vision,Ear Pain,Dizziness,Unknown
Cough,Vomiting,Fever,Weakness,Low Blood Pressure,Rash,Nausea,Migraine
Chest Pain,Diarrhea,Loss of Smell,Skin Redness,Dizziness,Weakness,Difficulty Swallowing,Unknown
Nausea,Difficulty Swallowing,Loss of Smell,Runny Nose,Loss of Appetite,Vomiting,Swollen Lymph Nodes,Meningitis
Joint Pain,Rapid Heart Rate,Difficulty Swallowing,Skin Peeling,Shortness of Breath,Abdominal Pain,Nausea,Strep Throat
Fever,Diarrhea,Vomiting,Sore Throat,Loss of Appetite,Dizziness,Joint Pain,Strep Throat
Swollen Lymph Nodes,Abdominal Pain,Dizziness,Weakness,Vomiting,Loss of Appetite,Muscle Pain,Hypotension
Joint Pain,Dizziness,Blurred Vision,Vomiting,Chest Pain,Skin Redness,Swollen Lymph Nodes,Dengue
Shortness of Breath,Rash,Skin Peeling,Diarrhea,Low Blood Pressure,Ear Pain,Joint Pain,Ear Infection
Weakness,Joint Pain,Shortness of Breath,Loss of Appetite,Skin Peeling,Fatigue,Sweating,Unknown
Cough,Swollen Lymph Nodes,Headache,Sweating,Shortness of Breath,Difficulty Swallowing,Fever,Hypertension
Skin Redness,Muscle Pain,Rash,Fever,Loss of Taste,Dizziness,Shortness of Breath,Flu
Nausea,Loss of Smell,Blurred Vision,Difficulty Swallowing,Shortness of Breath,Runny Nose,Rash,COVID-19
Loss of Taste,Fatigue,Dizziness,Rash,Diarrhea,Ear Pain,Cough,Hypertension
Muscle Pain,Sore Throat,Cough,Blurred Vision,Sweating,Chills,Skin Redness,Unknown
Muscle Pain,Fever,Abdominal Pain,Blurred Vision,Vomiting,Rash,Weakness,Malaria
Diarrhea,Joint Pain,Swollen Lymph Nodes,Runny Nose,Chills,Loss of Smell,Nausea,Malaria
Swollen Lymph Nodes,Nausea,Fatigue,Muscle Pain,Runny Nose,Blurred Vision,Joint Pain,Strep Throat
Sweating,Chills,Abdominal Pain,Weakness,Dizziness,Skin Peeling,Fatigue,Cold
Chest Pain,Rash,Cough,Low Blood Pressure,Abdominal Pain,Joint Pain,Difficulty Swallowing,COVID-19
Cough,Diarrhea,Nausea,High Blood Pressure,Dizziness,Fever,Shortness of Breath,Cold
Chest Pain,Fever,Abdominal Pain,Sweating,Chills,Difficulty Swallowing,Rapid Heart Rate,Food Poisoning
Rapid Heart Rate,Dizziness,Sore Throat,Abdominal Pain,Headache,Diarrhea,Muscle Pain,Unknown
Vomiting,Loss of Appetite,Runny Nose,Confusion,Headache,Swollen Lymph Nodes,Abdominal Pain,Migraine
Joint Pain,Abdominal Pain,Skin Peeling,Difficulty Swallowing,Fever,Chest Pain,Headache,Typhoid
Blurred Vision,Rash,Fever,Cough,Swollen Lymph Nodes,Rapid Heart Rate,Dizziness,Flu
Skin Peeling,Rash,Sweating,Low Blood Pressure,High Blood Pressure,Fever,Dizziness,Scarlet Fever
Loss of Taste,Ear Pain,Dizziness,Diarrhea,Confusion,Vomiting,Difficulty Swallowing,Unknown
Skin Peeling,Diarrhea,Rapid Heart Rate,Loss of Taste,Rash,Shortness of Breath,Difficulty Swallowing,Ear Infection
Dizziness,Vomiting,Headache,Cough,Abdominal Pain,Rapid Heart Rate,Chills,Food Poisoning
Sweating,Swollen Lymph Nodes,Joint Pain,Confusion,Diarrhea,Fever,Difficulty Swallowing,Dengue
Joint Pain,Sore Throat,Weakness,Cough,Ear Pain,Chills,Sweating,Scarlet Fever
Sore Throat,Swollen Lymph Nodes,Loss of Taste,Blurred Vision,Loss of Smell,Cough,Weakness,COVID-19
Chills,Confusion,Loss of Taste,Dizziness,Sore Throat,Blurred Vision,Sweating,Scarlet Fever
High Blood Pressure,Dizziness,Fever,Runny Nose,Swollen Lymph Nodes,Loss of Smell,Blurred Vision,Migraine
Confusion,Fever,Skin Peeling,Loss of Appetite,Chest Pain,Vomiting,Sweating,Typhoid
Difficulty Swallowing,Ear Pain,Blurred Vision,Low Blood Pressure,Swollen Lymph Nodes,Runny Nose,Skin Peeling,Hypotension
Abdominal Pain,Shortness of Breath,Ear Pain,Skin Peeling,Skin Redness,Sore Throat,Chills,Typhoid
Muscle Pain,Diarrhea,Skin Peeling,Abdominal Pain,High Blood Pressure,Vomiting,Headache,Unknown
Swollen Lymph Nodes,Chills,Difficulty Swallowing,Weakness,Shortness of Breath,Cough,Abdominal Pain,Unknown
Weakness,Ear Pain,Fever,Rapid Heart Rate,Cough,Sore Throat,Chills,Pneumonia
Vomiting,Runny Nose,Fever,Cough,Dizziness,Loss of Smell,Blurred Vision,Flu
Chest Pain,Runny Nose,Rapid Heart Rate,Loss of Appetite,Weakness,Nausea,Chills,Food Poisoning
Loss of Taste,Sweating,Abdominal Pain,Nausea,Diarrhea,Chills,Ear Pain,COVID-19
Diarrhea,Dizziness,Chills,High Blood Pressure,Swollen Lymph Nodes,Loss of Taste,Blurred Vision,Unknown
High Blood Pressure,Loss of Taste,Headache,Fatigue,Confusion,Rash,Joint Pain,Flu
Loss of Smell,Difficulty Swallowing,Rash,Blurred Vision,Sore Throat,Runny Nose,Cough,Pneumonia
Loss of Smell,Fatigue,Fever,Muscle Pain,Ear Pain,Swollen Lymph Nodes,High Blood Pressure,Strep Throat
Loss of Taste,Ear Pain,Chest Pain,Shortness of Breath,Low Blood Pressure,Cough,Fever,Scarlet Fever
Blurred Vision,Loss of Appetite,Low Blood Pressure,Muscle Pain,Shortness of Breath,Weakness,Runny Nose,Migraine
Confusion,Fatigue,Loss of Taste,Sore Throat,Ear Pain,Low Blood Pressure,Difficulty Swallowing,Unknown
Diarrhea,Loss of Smell,Swollen Lymph Nodes,Loss of Taste,Muscle Pain,Fever,Skin Redness,Ear Infection
Nausea,Skin Peeling,Rash,Runny Nose,Joint Pain,Fatigue,Chest Pain,COVID-19
Fatigue,Chills,High Blood Pressure,Loss of Taste,Muscle Pain,Runny Nose,Blurred Vision,Unknown
Chest Pain,Ear Pain,Confusion,Rapid Heart Rate,Abdominal Pain,Cough,Fever,Unknown
Chest Pain,Sweating,Joint Pain,Chills,Fatigue,Skin Peeling,Difficulty Swallowing,Typhoid
Chills,Difficulty Swallowing,Rapid Heart Rate,Loss of Taste,Loss of Appetite,Sore Throat,Dizziness,Unknown
Chills,Ear Pain,High Blood Pressure,Sweating,Weakness,Loss of Appetite,Cough,Unknown
Shortness of Breath,Abdominal Pain,Loss of Appetite,Low Blood Pressure,Chills,Diarrhea,Rash,COVID-19
Fever,Rapid Heart Rate,Loss of Taste,Nausea,Loss of Appetite,Confusion,Abdominal Pain,Typhoid
Joint Pain,Rapid Heart Rate,Ear Pain,Difficulty Swallowing,Skin Redness,Fever,Loss of Taste,Scarlet Fever
Abdominal Pain,Weakness,High Blood Pressure,Fever,Loss of Appetite,Runny Nose,Diarrhea,Typhoid
Rash,Loss of Appetite,Difficulty Swallowing,Blurred Vision,Diarrhea,Loss of Taste,Swollen Lymph Nodes,Migraine
Difficulty Swallowing,Low Blood Pressure,Fatigue,Nausea,Rapid Heart Rate,Fever,Shortness of Breath,Scarlet Fever
Sore Throat,Rapid Heart Rate,Loss of Taste,Difficulty Swallowing,Muscle Pain,Blurred Vision,Fatigue,Unknown
Skin Peeling,Fever,Skin Redness,Ear Pain,Dizziness,Fatigue,Chest Pain,Food Poisoning
Swollen Lymph Nodes,Dizziness,Loss of Appetite,Fatigue,Joint Pain,Sore Throat,High Blood Pressure,Flu
Ear Pain,Blurred Vision,Fever,High Blood Pressure,Fatigue,Chest Pain,Rapid Heart Rate,Cold
Loss of Smell,Cough,Chest Pain,Runny Nose,Chills,Headache,Dizziness,Migraine
Blurred Vision,Sweating,Rash,Muscle Pain,Runny Nose,Low Blood Pressure,High Blood Pressure,Cold
Abdominal Pain,Difficulty Swallowing,Skin Peeling,Loss of Taste,Diarrhea,Swollen Lymph Nodes,Sweating,Unknown
Dizziness,Cough,Sweating,Low Blood Pressure,Weakness,Fatigue,Loss of Smell,Hypotension
Low Blood Pressure,Swollen Lymph Nodes,Confusion,Cough,Chest Pain,Weakness,Sore Throat,Meningitis
Skin Peeling,Runny Nose,Blurred Vision,Joint Pain,Confusion,Loss of Appetite,Swollen Lymph Nodes,Cold
Sweating,Runny Nose,Ear Pain,Confusion,Muscle Pain,Shortness of Breath,High Blood Pressure,Unknown
Vomiting,Ear Pain,Fatigue,Diarrhea,Swollen Lymph Nodes,Muscle Pain,Sweating,Ear Infection
Chest Pain,Loss of Appetite,Loss of Smell,Ear Pain,Loss of Taste,Dizziness,High Blood Pressure,Hypotension
Skin Redness,Abdominal Pain,Skin Peeling,Sweating,Sore Throat,Headache,Cough,COVID-19
Abdominal Pain,Swollen Lymph Nodes,Rapid Heart Rate,Blurred Vision,Shortness of Breath,Loss of Smell,Runny Nose,Unknown
Diarrhea,Vomiting,Fever,Muscle Pain,Swollen Lymph Nodes,Low Blood Pressure,Difficulty Swallowing,Dengue
Difficulty Swallowing,Skin Peeling,Sweating,Shortness of Breath,Weakness,Nausea,Loss of Appetite,Migraine
Low Blood Pressure,Dizziness,Ear Pain,Muscle Pain,Skin Peeling,Loss of Appetite,Sore Throat,Hypertension
Loss of Smell,Confusion,Skin Redness,Ear Pain,Shortness of Breath,Fever,Chills,Strep Throat
Abdominal Pain,Difficulty Swallowing,Cough,Dizziness,Shortness of Breath,Runny Nose,Fatigue,Hypertension
Chest Pain,Confusion,Shortness of Breath,Loss of Smell,Ear Pain,Sore Throat,Diarrhea,Food Poisoning
Runny Nose,Loss of Appetite,Skin Redness,Shortness of Breath,Loss of Smell,Abdominal Pain,Sore Throat,Scarlet Fever
Headache,Runny Nose,Rash,Fever,Diarrhea,Weakness,Loss of Taste,Dengue
Sweating,Swollen Lymph Nodes,Joint Pain,Sore Throat,Fever,Dizziness,Blurred Vision,Typhoid
Ear Pain,Rapid Heart Rate,Loss of Taste,Runny Nose,Cough,Weakness,Swollen Lymph Nodes,Unknown
Confusion,Runny Nose,Sweating,Skin Redness,Chills,Loss of Taste,Headache,Malaria
Chills,Loss of Smell,Low Blood Pressure,Shortness of Breath,Cough,Muscle Pain,Nausea,Unknown
Blurred Vision,Abdominal Pain,Confusion,Rapid Heart Rate,Fatigue,Skin Peeling,Loss of Smell,Meningitis
Skin Redness,Ear Pain,Skin Peeling,Abdominal Pain,Sore Throat,High Blood Pressure,Loss of Taste,Cold
Nausea,Blurred Vision,Confusion,Vomiting,Runny Nose,Shortness of Breath,Sweating,Malaria
Weakness,Vomiting,Skin Peeling,Muscle Pain,Dizziness,Difficulty Swallowing,Chills,Dengue
Loss of Appetite,Confusion,Abdominal Pain,Cough,Diarrhea,Fatigue,Joint Pain,Unknown
Rapid Heart Rate,Cough,Swollen Lymph Nodes,Chills,Loss of Appetite,Skin Redness,Loss of Smell,Cold
Fever,Low Blood Pressure,Skin Redness,Abdominal Pain,Chest Pain,Loss of Taste,Ear Pain,Food Poisoning
Fever,Loss of Appetite,Loss of Smell,Chest Pain,High Blood Pressure,Joint Pain,Loss of Taste,Malaria
Skin Peeling,Chills,Loss of Taste,Abdominal Pain,Confusion,Diarrhea,Muscle Pain,Dengue
Diarrhea,Loss of Smell,Confusion,Shortness of Breath,Rapid Heart Rate,Joint Pain,Cough,Meningitis
Fatigue,Low Blood Pressure,Loss of Smell,Fever,Skin Peeling,Ear Pain,Cough,Strep Throat
Vomiting,Weakness,Blurred Vision,Muscle Pain,Loss of Taste,Chills,Nausea,COVID-19
Swollen Lymph Nodes,Low Blood Pressure,Shortness of Breath,Blurred Vision,Fatigue,Skin Peeling,Ear Pain,Flu
Diarrhea,Skin Peeling,Chest Pain,Difficulty Swallowing,Fever,Sore Throat,Loss of Appetite,Unknown
Loss of Smell,Dizziness,Skin Redness,Chills,Blurred Vision,Ear Pain,Joint Pain,Unknown
Low Blood Pressure,Chest Pain,Shortness of Breath,Skin Redness,Dizziness,Sore Throat,Fever,Typhoid
Dizziness,Fever,Runny Nose,Nausea,Sweating,Blurred Vision,Vomiting,Strep Throat
Confusion,Cough,Diarrhea,Fatigue,Dizziness,High Blood Pressure,Skin Redness,Hypertension
Diarrhea,Loss of Taste,Chest Pain,Confusion,Sweating,Difficulty Swallowing,Nausea,Unknown
Loss of Smell,Fever,Diarrhea,Skin Peeling,Runny Nose,Chest Pain,Rash,Ear Infection
Rash,Skin Redness,Fever,Dizziness,Swollen Lymph Nodes,Loss of Appetite,Rapid Heart Rate,Meningitis
Joint Pain,Chest Pain,Chills,Fatigue,Cough,Headache,Blurred Vision,Typhoid
Weakness,Fatigue,Shortness of Breath,Loss of Appetite,Loss of Taste,Rash,Rapid Heart Rate,Unknown
Sore Throat,Headache,High Blood Pressure,Loss of Taste,Chills,Cough,Low Blood Pressure,Flu
High Blood Pressure,Weakness,Abdominal Pain,Nausea,Headache,Blurred Vision,Vomiting,Unknown
Swollen Lymph Nodes,Fever,Chest Pain,Loss of Appetite,Muscle Pain,Rapid Heart Rate,Skin Peeling,Meningitis
Nausea,Joint Pain,Weakness,Low Blood Pressure,Fatigue,Chills,Skin Peeling,Typhoid
Nausea,Fever,Joint Pain,Chills,Skin Redness,Dizziness,Shortness of Breath,Migraine
Loss of Smell,Low Blood Pressure,Confusion,Loss of Appetite,Loss of Taste,Skin Peeling,Blurred Vision,Unknown
Nausea,Skin Peeling,Chest Pain,High Blood Pressure,Weakness,Abdominal Pain,Dizziness,Unknown
Swollen Lymph Nodes,Weakness,Blurred Vision,Confusion,Runny Nose,Headache,Loss of Appetite,Unknown
Diarrhea,Skin Peeling,Headache,Abdominal Pain,Chest Pain,Vomiting,Ear Pain,Malaria
Blurred Vision,Vomiting,Skin Peeling,Cough,Sore Throat,Shortness of Breath,Confusion,Pneumonia
Rapid Heart Rate,Runny Nose,Dizziness,Confusion,Fever,Abdominal Pain,Chills,Pneumonia
Chills,High Blood Pressure,Fever,Rash,Chest Pain,Nausea,Diarrhea,Food Poisoning
High Blood Pressure,Runny Nose,Dizziness,Low Blood Pressure,Fatigue,Muscle Pain,Chest Pain,Pneumonia
Low Blood Pressure,Cough,Sore Throat,Shortness of Breath,Headache,Chest Pain,Abdominal Pain,Hypotension
Loss of Appetite,Fatigue,Blurred Vision,Weakness,Dizziness,Joint Pain,Chest Pain,Dengue
Vomiting,Runny Nose,Low Blood Pressure,Rapid Heart Rate,Swollen Lymph Nodes,Skin Redness,Loss of Taste,Cold
Sore Throat,High Blood Pressure,Runny Nose,Rash,Chest Pain,Confusion,Dizziness,Strep Throat
Rapid Heart Rate,Rash,Difficulty Swallowing,Loss of Appetite,Sore Throat,Weakness,Dizziness,Hypotension
Runny Nose,Fatigue,Dizziness,Cough,Chills,Diarrhea,Skin Redness,Malaria
Sore Throat,Loss of Appetite,Cough,Low Blood Pressure,Loss of Smell,Headache,Muscle Pain,Dengue
Confusion,Swollen Lymph Nodes,Chills,Skin Redness,Rash,Runny Nose,Loss of Taste,Strep Throat
Nausea,Joint Pain,Rapid Heart Rate,Fever,Cough,Diarrhea,Low Blood Pressure,Strep Throat
Swollen Lymph Nodes,Rapid Heart Rate,Difficulty Swallowing,Chest Pain,Loss of Smell,Sore Throat,Headache,Dengue
Low Blood Pressure,Loss of Smell,Weakness,Vomiting,Diarrhea,Cough,Headache,Dengue
Shortness of Breath,Vomiting,Rash,High Blood Pressure,Loss of Taste,Abdominal Pain,Loss of Appetite,Unknown
Low Blood Pressure,Cough,Shortness of Breath,Loss of Taste,Fatigue,Confusion,Sore Throat,Food Poisoning
Fever,Chills,Confusion,Chest Pain,Skin Redness,Muscle Pain,Abdominal Pain,Typhoid
Muscle Pain,Dizziness,Chills,Sore Throat,Weakness,Shortness of Breath,Loss of Taste,Cold
Skin Peeling,Headache,Fatigue,Sore Throat,Cough,Shortness of Breath,Swollen Lymph Nodes,Ear Infection
Skin Redness,Ear Pain,Loss of Smell,Weakness,Diarrhea,Confusion,Sore Throat,Unknown
Muscle Pain,Diarrhea,Loss of Taste,Nausea,Vomiting,Dizziness,Sweating,Unknown
Sore Throat,Rapid Heart Rate,Skin Peeling,Confusion,Difficulty Swallowing,Loss of Taste,Diarrhea,Scarlet Fever
Rash,Fever,Shortness of Breath,Cough,Dizziness,High Blood Pressure,Blurred Vision,Ear Infection
Chest Pain,Fatigue,Blurred Vision,Runny Nose,Loss of Appetite,Vomiting,Confusion,Unknown
Sweating,Diarrhea,Fever,Headache,Confusion,Cough,Weakness,Hypotension
Swollen Lymph Nodes,Fever,Cough,Loss of Smell,Ear Pain,Diarrhea,Blurred Vision,COVID-19
Fatigue,Chest Pain,Headache,Difficulty Swallowing,Skin Redness,Loss of Taste,High Blood Pressure,Ear Infection
Fever,Vomiting,Difficulty Swallowing,Cough,Dizziness,Loss of Appetite,Skin Redness,Flu
Dizziness,Fatigue,Ear Pain,Chills,Joint Pain,Sore Throat,Loss of Smell,Dengue
Joint Pain,Sweating,Dizziness,Skin Peeling,Rash,Loss of Smell,Vomiting,Hypertension
Dizziness,Loss of Smell,Ear Pain,Chest Pain,Skin Redness,Cough,Blurred Vision,Unknown
Runny Nose,Nausea,Sweating,Joint Pain,Low Blood Pressure,Chest Pain,Rapid Heart Rate,Food Poisoning
Muscle Pain,Low Blood Pressure,Nausea,Rash,Loss of Smell,Chills,Weakness,Unknown
Loss of Appetite,Nausea,Runny Nose,Chills,Sweating,Abdominal Pain,Weakness,Unknown
Chest Pain,Rapid Heart Rate,Loss of Taste,Weakness,Difficulty Swallowing,Diarrhea,Skin Peeling,Pneumonia
Shortness of Breath,Ear Pain,High Blood Pressure,Fatigue,Nausea,Skin Peeling,Fever,Cold
Weakness,Rash,Loss of Taste,Chest Pain,Headache,Vomiting,Fatigue,Dengue
Rash,Nausea,High Blood Pressure,Chest Pain,Swollen Lymph Nodes,Sore Throat,Muscle Pain,Hypertension
Dizziness,Muscle Pain,Fever,Sweating,Sore Throat,Joint Pain,Loss of Appetite,Ear Infection
Ear Pain,Sweating,Diarrhea,Runny Nose,Sore Throat,Swollen Lymph Nodes,Cough,Unknown
Loss of Appetite,Ear Pain,Swollen Lymph Nodes,Dizziness,High Blood Pressure,Difficulty Swallowing,Loss of Smell,Strep Throat
Diarrhea,Rash,Confusion,Skin Redness,Vomiting,Loss of Taste,Shortness of Breath,Unknown
Headache,High Blood Pressure,Dizziness,Confusion,Diarrhea,Runny Nose,Chest Pain,Unknown
Difficulty Swallowing,Skin Redness,Abdominal Pain,Blurred Vision,Chest Pain,Dizziness,Loss of Smell,COVID-19
Cough,Weakness,Difficulty Swallowing,Headache,Chest Pain,Rash,Rapid Heart Rate,Migraine
Ear Pain,Joint Pain,Skin Redness,Diarrhea,Blurred Vision,Dizziness,Low Blood Pressure,Dengue
Chest Pain,Ear Pain,Weakness,Skin Peeling,Joint Pain,Shortness of Breath,Runny Nose,Pneumonia
Skin Redness,Muscle Pain,Cough,Fatigue,Blurred Vision,Shortness of Breath,Weakness,Cold
Runny Nose,Cough,Skin Peeling,Fatigue,Fever,Loss of Taste,Diarrhea,Malaria
Rash,Fatigue,Loss of Taste,Skin Peeling,Chest Pain,Shortness of Breath,Ear Pain,COVID-19
Loss of Smell,Difficulty Swallowing,Muscle Pain,Chest Pain,Dizziness,Chills,Skin Redness,Unknown
Rapid Heart Rate,Ear Pain,Chills,Sore Throat,Confusion,Headache,Joint Pain,Dengue
Abdominal Pain,Loss of Appetite,Vomiting,Headache,Loss of Taste,Chest Pain,Rash,Ear Infection
Loss of Smell,Loss of Appetite,Chest Pain,Runny Nose,Sweating,Abdominal Pain,Nausea,Meningitis
Rapid Heart Rate,Dizziness,Rash,Shortness of Breath,Runny Nose,Swollen Lymph Nodes,Confusion,Unknown
Loss of Appetite,Skin Peeling,Vomiting,Chills,Headache,Joint Pain,Chest Pain,Ear Infection
Muscle Pain,Blurred Vision,Chest Pain,Skin Peeling,Low Blood Pressure,Diarrhea,Chills,Unknown
Skin Redness,Confusion,Sweating,Rash,Rapid Heart Rate,Sore Throat,High Blood Pressure,Unknown
Shortness of Breath,Skin Peeling,High Blood Pressure,Difficulty Swallowing,Blurred Vision,Cough,Chest Pain,Unknown
Chills,Rapid Heart Rate,Vomiting,High Blood Pressure,Runny Nose,Confusion,Muscle Pain,Unknown
Chills,Rapid Heart Rate,Sore Throat,Headache,Difficulty Swallowing,Dizziness,Blurred Vision,Migraine
Fever,Skin Peeling,High Blood Pressure,Nausea,Loss of Smell,Confusion,Difficulty Swallowing,Ear Infection
Headache,Skin Peeling,Diarrhea,Fatigue,Skin Redness,Swollen Lymph Nodes,Joint Pain,Food Poisoning
Rash,Nausea,Diarrhea,Difficulty Swallowing,Cough,Loss of Taste,Skin Redness,Meningitis
Chest Pain,Abdominal Pain,Ear Pain,Loss of Appetite,Sweating,Loss of Taste,Sore Throat,Unknown
Weakness,Cough,Chills,Loss of Smell,Diarrhea,Skin Redness,Loss of Appetite,Food Poisoning
Low Blood Pressure,Loss of Taste,Fatigue,Swollen Lymph Nodes,Muscle Pain,Fever,Abdominal Pain,Food Poisoning
Nausea,Sore Throat,Skin Redness,Rash,Loss of Smell,Fever,Loss of Appetite,Scarlet Fever
Sweating,Chills,Loss of Appetite,Nausea,Joint Pain,Diarrhea,Abdominal Pain,Malaria
Fatigue,Difficulty Swallowing,Chest Pain,Swollen Lymph Nodes,Loss of Taste,Loss of Smell,Headache,COVID-19
Fatigue,Loss of Taste,Headache,Muscle Pain,Low Blood Pressure,Swollen Lymph Nodes,Rash,Migraine
Joint Pain,Abdominal Pain,Confusion,Diarrhea,Muscle Pain,Fatigue,Sore Throat,Unknown
Skin Peeling,Diarrhea,Rapid Heart Rate,Rash,Loss of Taste,Sweating,Headache,Unknown
Headache,Skin Redness,Skin Peeling,Rapid Heart Rate,Muscle Pain,Loss of Appetite,Vomiting,Unknown
Fatigue,Headache,Low Blood Pressure,Confusion,Shortness of Breath,Muscle Pain,Ear Pain,COVID-19
Difficulty Swallowing,Weakness,Shortness of Breath,Vomiting,Ear Pain,Chills,Cough,Malaria
Rapid Heart Rate,Rash,Skin Redness,Low Blood Pressure,Loss of Taste,Ear Pain,Abdominal Pain,Unknown
Weakness,Difficulty Swallowing,Skin Redness,Skin Peeling,Swollen Lymph Nodes,Ear Pain,High Blood Pressure,Typhoid
Swollen Lymph Nodes,Ear Pain,Dizziness,Rapid Heart Rate,Blurred Vision,Loss of Appetite,Low Blood Pressure,Typhoid
Muscle Pain,Skin Peeling,Sweating,Vomiting,Joint Pain,Abdominal Pain,Runny Nose,Unknown
Abdominal Pain,Loss of Appetite,Rash,Weakness,High Blood Pressure,Runny Nose,Loss of Taste,Typhoid
Shortness of Breath,Difficulty Swallowing,Muscle Pain,Rash,Loss of Taste,Headache,Fever,COVID-19
Joint Pain,Skin Peeling,Diarrhea,Headache,Shortness of Breath,Rash,Skin Redness,Pneumonia
Weakness,Low Blood Pressure,Ear Pain,Skin Peeling,Sore Throat,Joint Pain,Difficulty Swallowing,Dengue
Swollen Lymph Nodes,Diarrhea,Loss of Smell,Dizziness,Skin Redness,Chest Pain,Difficulty Swallowing,Pneumonia
Cough,Shortness of Breath,Joint Pain,Nausea,Abdominal Pain,Ear Pain,Rash,Pneumonia
Weakness,Rash,Diarrhea,Confusion,Sore Throat,Joint Pain,Loss of Smell,Dengue
Blurred Vision,Dizziness,Cough,Loss of Appetite,Runny Nose,Chills,Rapid Heart Rate,Unknown
Diarrhea,Confusion,Nausea,Joint Pain,Runny Nose,Chills,Abdominal Pain,Malaria
Skin Redness,Chest Pain,Headache,Vomiting,Sore Throat,Low Blood Pressure,Chills,Dengue
Nausea,Chills,Fever,Loss of Taste,Blurred Vision,Joint Pain,Rash,Unknown
Low Blood Pressure,Joint Pain,Confusion,Fatigue,Difficulty Swallowing,Nausea,Skin Peeling,Unknown
Confusion,Cough,Chest Pain,Rapid Heart Rate,Ear Pain,Blurred Vision,Vomiting,Migraine
Difficulty Swallowing,Cough,Skin Peeling,Loss of Taste,Rash,Muscle Pain,Low Blood Pressure,Hypotension
Low Blood Pressure,Loss of Smell,Loss of Appetite,Confusion,Sweating,Headache,Abdominal Pain,Hypertension
Vomiting,High Blood Pressure,Dizziness,Muscle Pain,Sweating,Skin Peeling,Loss of Smell,Unknown
Weakness,Chest Pain,Nausea,Muscle Pain,High Blood Pressure,Ear Pain,Swollen Lymph Nodes,Unknown
Fatigue,Dizziness,Loss of Taste,Confusion,Abdominal Pain,Skin Peeling,Low Blood Pressure,Scarlet Fever
Loss of Appetite,High Blood Pressure,Rash,Chills,Rapid Heart Rate,Runny Nose,Swollen Lymph Nodes,Dengue
Abdominal Pain,High Blood Pressure,Confusion,Shortness of Breath,Cough,Muscle Pain,Sore Throat,Flu
Sweating,Low Blood Pressure,Fatigue,Dizziness,Blurred Vision,Rash,Abdominal Pain,Food Poisoning
Shortness of Breath,Cough,Sweating,Blurred Vision,Skin Peeling,Loss of Taste,Rash,Unknown
Fever,Low Blood Pressure,Loss of Smell,Weakness,Sweating,Runny Nose,Chest Pain,Pneumonia
Skin Peeling,Chills,Difficulty Swallowing,Abdominal Pain,Blurred Vision,Fever,Chest Pain,Unknown
Loss of Taste,Skin Peeling,Diarrhea,Fever,Rash,Dizziness,Rapid Heart Rate,Migraine
Vomiting,Skin Redness,Dizziness,Sweating,Joint Pain,Confusion,Low Blood Pressure,Migraine
Chest Pain,Dizziness,Low Blood Pressure,Joint Pain,Weakness,Ear Pain,Runny Nose,Unknown
Ear Pain,Joint Pain,Dizziness,Nausea,Chills,Weakness,Chest Pain,Hypertension
Cough,Fatigue,Chest Pain,Loss of Smell,Difficulty Swallowing,Abdominal Pain,Joint Pain,Ear Infection
Diarrhea,Dizziness,Weakness,Blurred Vision,Swollen Lymph Nodes,Headache,Rash,Dengue
High Blood Pressure,Nausea,Muscle Pain,Chills,Chest Pain,Sweating,Shortness of Breath,Pneumonia
Skin Redness,Sweating,Blurred Vision,Shortness of Breath,Loss of Taste,High Blood Pressure,Abdominal Pain,Unknown
Sweating,Muscle Pain,Nausea,Rapid Heart Rate,Loss of Smell,Fatigue,Weakness,Typhoid
Fatigue,Fever,Muscle Pain,Runny Nose,Vomiting,Chills,Loss of Smell,Strep Throat
Ear Pain,Loss of Appetite,Rash,Blurred Vision,Low Blood Pressure,Sore Throat,Dizziness,Flu
Diarrhea,Sore Throat,Fever,Muscle Pain,Runny Nose,Loss of Taste,Ear Pain,Ear Infection
Rapid Heart Rate,Diarrhea,Low Blood Pressure,Abdominal Pain,Fatigue,Difficulty Swallowing,Shortness of Breath,Unknown
Runny Nose,Weakness,Loss of Taste,Rash,Sore Throat,Cough,Fever,COVID-19
Sore Throat,Fatigue,Joint Pain,Weakness,Diarrhea,Abdominal Pain,Confusion,Unknown
Blurred Vision,Difficulty Swallowing,Rapid Heart Rate,Sore Throat,Skin Peeling,Rash,Shortness of Breath,Unknown
Ear Pain,Chills,Sore Throat,Cough,Blurred Vision,High Blood Pressure,Difficulty Swallowing,Unknown
Nausea,Cough,Low Blood Pressure,Loss of Smell,Diarrhea,Skin Peeling,Sweating,Meningitis
Rapid Heart Rate,Vomiting,Cough,Loss of Taste,Fatigue,Swollen Lymph Nodes,Low Blood Pressure,Typhoid
Vomiting,Loss of Appetite,Skin Peeling,High Blood Pressure,Rapid Heart Rate,Nausea,Chills,Hypertension
Shortness of Breath,Dizziness,Rapid Heart Rate,Nausea,Joint Pain,Loss of Smell,Skin Redness,Pneumonia
Chills,Ear Pain,Runny Nose,Sore Throat,Cough,Nausea,Rapid Heart Rate,Malaria
Difficulty Swallowing,Rash,Nausea,Diarrhea,High Blood Pressure,Ear Pain,Skin Redness,Scarlet Fever
Fever,Headache,Runny Nose,Loss of Smell,Shortness of Breath,Joint Pain,Abdominal Pain,Food Poisoning
Weakness,Sweating,Loss of Smell,Rapid Heart Rate,Diarrhea,Swollen Lymph Nodes,Cough,Flu
Skin Peeling,Abdominal Pain,Nausea,Chest Pain,Chills,Sweating,Loss of Appetite,Unknown
Chills,Fever,Chest Pain,Sweating,Abdominal Pain,Rash,Vomiting,Ear Infection
Rapid Heart Rate,Shortness of Breath,Difficulty Swallowing,High Blood Pressure,Ear Pain,Headache,Skin Redness,COVID-19
Shortness of Breath,Low Blood Pressure,Fatigue,Joint Pain,Sore Throat,High Blood Pressure,Sweating,Flu
Vomiting,Joint Pain,Sore Throat,Cough,Loss of Taste,Chills,Blurred Vision,Strep Throat
Rapid Heart Rate,Fatigue,Confusion,Rash,Dizziness,Runny Nose,Skin Redness,Migraine
Joint Pain,Loss of Taste,Loss of Appetite,High Blood Pressure,Skin Peeling,Ear Pain,Rapid Heart Rate,Unknown
Sore Throat,Diarrhea,Fatigue,Dizziness,Joint Pain,Rapid Heart Rate,Ear Pain,COVID-19
Chills,Diarrhea,Fever,Loss of Taste,Cough,Runny Nose,Difficulty Swallowing,Unknown
Difficulty Swallowing,Muscle Pain,Joint Pain,Dizziness,Fever,Abdominal Pain,Cough,Ear Infection
Diarrhea,Ear Pain,Sweating,Headache,Rapid Heart Rate,Weakness,Confusion,Ear Infection
Cough,Blurred Vision,High Blood Pressure,Muscle Pain,Joint Pain,Chest Pain,Runny Nose,Unknown
Sweating,Joint Pain,Skin Peeling,Loss of Smell,Rapid Heart Rate,Nausea,Sore Throat,COVID-19
Loss of Appetite,Blurred Vision,Weakness,Rash,Loss of Taste,Ear Pain,Runny Nose,Migraine
Skin Peeling,Weakness,Vomiting,Joint Pain,Cough,Nausea,Rash,Hypotension
Runny Nose,Low Blood Pressure,Muscle Pain,Sore Throat,Rash,Rapid Heart Rate,Fever,Scarlet Fever
Runny Nose,Muscle Pain,Loss of Smell,Fatigue,Nausea,Joint Pain,Headache,COVID-19
Loss of Taste,Sore Throat,Rapid Heart Rate,Abdominal Pain,Nausea,Blurred Vision,Shortness of Breath,Cold
Loss of Appetite,Ear Pain,Loss of Smell,Chest Pain,Difficulty Swallowing,Joint Pain,Sore Throat,Unknown
Joint Pain,Low Blood Pressure,Headache,Nausea,Rash,Fever,Muscle Pain,Hypertension
Abdominal Pain,Sore Throat,Fever,Swollen Lymph Nodes,Rapid Heart Rate,Shortness of Breath,Loss of Appetite,Ear Infection
Muscle Pain,Abdominal Pain,Headache,Cough,High Blood Pressure,Sore Throat,Loss of Taste,Unknown
Difficulty Swallowing,Nausea,Dizziness,Fever,Runny Nose,Rapid Heart Rate,Skin Peeling,Hypertension
Skin Peeling,Joint Pain,Sweating,Nausea,Difficulty Swallowing,Blurred Vision,Loss of Smell,Meningitis
Rash,Confusion,Rapid Heart Rate,Muscle Pain,Skin Peeling,Abdominal Pain,Loss of Appetite,Hypotension
High Blood Pressure,Dizziness,Blurred Vision,Rash,Confusion,Low Blood Pressure,Chills,Hypotension
Blurred Vision,Swollen Lymph Nodes,High Blood Pressure,Dizziness,Diarrhea,Fatigue,Vomiting,Unknown
Fatigue,Skin Redness,Shortness of Breath,Ear Pain,Abdominal Pain,Loss of Smell,Nausea,Hypertension
Chills,Abdominal Pain,Loss of Taste,Rash,Skin Redness,High Blood Pressure,Skin Peeling,Typhoid
Diarrhea,Chest Pain,Difficulty Swallowing,Vomiting,Chills,Blurred Vision,Joint Pain,Dengue
Nausea,Dizziness,Low Blood Pressure,Swollen Lymph Nodes,Sweating,Rapid Heart Rate,Runny Nose,Hypertension
Loss of Smell,Chest Pain,Chills,Fatigue,Cough,Diarrhea,Joint Pain,Typhoid
Confusion,Fatigue,Loss of Smell,Chills,Sore Throat,Muscle Pain,Shortness of Breath,Pneumonia
Diarrhea,Chest Pain,Vomiting,Nausea,Skin Peeling,Chills,Fatigue,COVID-19
Chills,Sweating,Low Blood Pressure,Ear Pain,Rapid Heart Rate,Swollen Lymph Nodes,Sore Throat,Unknown
Diarrhea,Joint Pain,Loss of Smell,Loss of Appetite,Loss of Taste,Confusion,Runny Nose,Unknown
Swollen Lymph Nodes,Skin Peeling,Skin Redness,Ear Pain,Loss of Appetite,High Blood Pressure,Headache,Typhoid
Shortness of Breath,Fatigue,Chest Pain,Runny Nose,Ear Pain,Nausea,Diarrhea,Unknown
Cough,Ear Pain,Difficulty Swallowing,Joint Pain,Vomiting,Shortness of Breath,High Blood Pressure,Unknown
Nausea,Muscle Pain,Runny Nose,Joint Pain,Vomiting,Headache,Sweating,Migraine
Confusion,Sore Throat,Chest Pain,Rapid Heart Rate,High Blood Pressure,Skin Peeling,Blurred Vision,Unknown
Ear Pain,Diarrhea,Chills,Rash,Muscle Pain,Loss of Appetite,High Blood Pressure,Typhoid
Weakness,Runny Nose,Shortness of Breath,Blurred Vision,Difficulty Swallowing,Cough,Ear Pain,Ear Infection
Shortness of Breath,High Blood Pressure,Rapid Heart Rate,Diarrhea,Abdominal Pain,Sore Throat,Confusion,Meningitis
Sweating,Nausea,Shortness of Breath,Loss of Appetite,Loss of Smell,Muscle Pain,Dizziness,Unknown
Runny Nose,Abdominal Pain,Rash,Skin Peeling,Fever,Cough,Blurred Vision,Meningitis
Swollen Lymph Nodes,Loss of Appetite,Runny Nose,Fatigue,Diarrhea,Chest Pain,Chills,Unknown
Diarrhea,Skin Peeling,Nausea,Muscle Pain,Swollen Lymph Nodes,Loss of Smell,Runny Nose,Unknown
Swollen Lymph Nodes,Chest Pain,Dizziness,Diarrhea,Chills,Headache,Confusion,Hypertension
Fatigue,Vomiting,Joint Pain,Diarrhea,Loss of Smell,Rapid Heart Rate,Abdominal Pain,Dengue
Shortness of Breath,Loss of Appetite,Cough,Weakness,Difficulty Swallowing,Confusion,Fever,Scarlet Fever
Chills,Joint Pain,Confusion,Weakness,Swollen Lymph Nodes,Runny Nose,Blurred Vision,Unknown
Sweating,Headache,Joint Pain,Swollen Lymph Nodes,Rash,Fever,Chest Pain,Unknown
Skin Redness,Fatigue,Rash,Runny Nose,High Blood Pressure,Abdominal Pain,Fever,Unknown
Skin Peeling,Confusion,Weakness,Sweating,Low Blood Pressure,Vomiting,Shortness of Breath,Unknown
Loss of Taste,Sweating,Sore Throat,Rash,Fatigue,Low Blood Pressure,Runny Nose,Unknown
Headache,Fatigue,Loss of Taste,Fever,Chills,Sweating,Nausea,Scarlet Fever
Chest Pain,Vomiting,Blurred Vision,Shortness of Breath,Sweating,Skin Peeling,Low Blood Pressure,Malaria
Difficulty Swallowing,Fever,Abdominal Pain,Rapid Heart Rate,Confusion,Blurred Vision,Loss of Taste,Pneumonia
Rapid Heart Rate,Low Blood Pressure,Joint Pain,Dizziness,Confusion,Difficulty Swallowing,Fatigue,Dengue
Fatigue,Ear Pain,Chills,Confusion,Skin Peeling,Vomiting,Loss of Smell,Cold
Vomiting,Loss of Smell,Fatigue,Cough,Headache,Runny Nose,Skin Peeling,Unknown
Loss of Smell,Swollen Lymph Nodes,Rash,Joint Pain,Diarrhea,Blurred Vision,High Blood Pressure,Unknown
Abdominal Pain,Joint Pain,Sweating,Headache,Chills,Diarrhea,Shortness of Breath,Hypertension
Low Blood Pressure,Loss of Taste,Cough,Muscle Pain,Chest Pain,Diarrhea,Abdominal Pain,Unknown
Abdominal Pain,Dizziness,Weakness,Loss of Taste,Sweating,Joint Pain,Chills,Unknown
Low Blood Pressure,Diarrhea,Vomiting,Sore Throat,Ear Pain,Loss of Appetite,Sweating,Unknown
Fever,Chills,Sweating,Low Blood Pressure,Rash,Joint Pain,Swollen Lymph Nodes,Hypotension
Chills,Cough,Fever,Vomiting,Weakness,Difficulty Swallowing,Runny Nose,Typhoid
Difficulty Swallowing,Diarrhea,Chest Pain,Confusion,Abdominal Pain,Dizziness,High Blood Pressure,Ear Infection
Diarrhea,Vomiting,Abdominal Pain,Sore Throat,Sweating,Joint Pain,Fever,Malaria
Vomiting,Skin Peeling,Loss of Taste,Loss of Appetite,High Blood Pressure,Low Blood Pressure,Sweating,Scarlet Fever
Difficulty Swallowing,Rash,Fever,Abdominal Pain,Nausea,Sweating,Joint Pain,Meningitis
Weakness,Loss of Appetite,Fatigue,Runny Nose,Abdominal Pain,Rapid Heart Rate,Vomiting,Unknown
High Blood Pressure,Abdominal Pain,Weakness,Confusion,Muscle Pain,Chills,Rapid Heart Rate,Unknown
Ear Pain,Dizziness,Rapid Heart Rate,Loss of Taste,Abdominal Pain,Swollen Lymph Nodes,Sore Throat,Strep Throat
Headache,Dizziness,Loss of Taste,Vomiting,Fatigue,Low Blood Pressure,Runny Nose,Ear Infection
Runny Nose,Joint Pain,Confusion,Difficulty Swallowing,Vomiting,Nausea,High Blood Pressure,Meningitis
Confusion,Joint Pain,Sore Throat,Loss of Smell,Runny Nose,Blurred Vision,Rapid Heart Rate,Meningitis
Diarrhea,Loss of Appetite,Swollen Lymph Nodes,Difficulty Swallowing,Rapid Heart Rate,High Blood Pressure,Joint Pain,Unknown
Chills,Sore Throat,Rash,Chest Pain,Loss of Appetite,Joint Pain,Diarrhea,Unknown
Nausea,Dizziness,Loss of Taste,Low Blood Pressure,Chest Pain,Skin Peeling,Fatigue,Typhoid
Sore Throat,Cough,Loss of Smell,Abdominal Pain,Dizziness,Runny Nose,Skin Redness,Unknown
Fever,Swollen Lymph Nodes,Loss of Smell,Vomiting,Weakness,Low Blood Pressure,Shortness of Breath,Ear Infection
Headache,Loss of Smell,Chest Pain,Ear Pain,Confusion,Sweating,Sore Throat,Flu
Blurred Vision,Loss of Taste,Nausea,High Blood Pressure,Chest Pain,Difficulty Swallowing,Ear Pain,COVID-19
Loss of Smell,Sweating,Muscle Pain,Blurred Vision,Diarrhea,Nausea,Ear Pain,Malaria
Loss of Appetite,Skin Peeling,Cough,Fatigue,Runny Nose,Rapid Heart Rate,Abdominal Pain,Unknown
Ear Pain,Fatigue,Shortness of Breath,Cough,Loss of Smell,Confusion,Blurred Vision,Meningitis
Abdominal Pain,Loss of Smell,Rapid Heart Rate,High Blood Pressure,Skin Peeling,Loss of Appetite,Cough,Unknown
Swollen Lymph Nodes,Nausea,Loss of Appetite,Rapid Heart Rate,Fever,Fatigue,Diarrhea,Malaria
Rapid Heart Rate,Diarrhea,Ear Pain,Skin Redness,Low Blood Pressure,Shortness of Breath,Joint Pain,Scarlet Fever
Loss of Appetite,Diarrhea,Chills,Fever,Rash,Sweating,Rapid Heart Rate,Pneumonia
Joint Pain,Vomiting,Sore Throat,Rash,Nausea,Shortness of Breath,Blurred Vision,COVID-19
Sweating,Low Blood Pressure,Runny Nose,Abdominal Pain,Ear Pain,Rash,Headache,Hypotension
Sore Throat,Nausea,Cough,Headache,Difficulty Swallowing,Chills,Rapid Heart Rate,Cold
Confusion,Abdominal Pain,Loss of Taste,Cough,Muscle Pain,Blurred Vision,Joint Pain,Unknown
Difficulty Swallowing,Headache,Confusion,Loss of Taste,Abdominal Pain,Rapid Heart Rate,Sweating,Food Poisoning
Cough,Blurred Vision,Ear Pain,Fever,Headache,High Blood Pressure,Diarrhea,Flu
Rash,Sore Throat,Skin Peeling,Fever,Joint Pain,Dizziness,High Blood Pressure,Dengue
Skin Redness,Loss of Taste,Headache,Abdominal Pain,Shortness of Breath,Joint Pain,Vomiting,Ear Infection
Swollen Lymph Nodes,Sore Throat,Loss of Taste,Low Blood Pressure,Headache,Nausea,Loss of Smell,Meningitis
Swollen Lymph Nodes,Runny Nose,High Blood Pressure,Shortness of Breath,Loss of Taste,Loss of Appetite,Headache,Ear Infection
Headache,Joint Pain,Chest Pain,Swollen Lymph Nodes,Cough,Rapid Heart Rate,Chills,Dengue
Dizziness,Abdominal Pain,Loss of Appetite,Skin Redness,Loss of Smell,Runny Nose,Difficulty Swallowing,Unknown
Loss of Smell,Nausea,High Blood Pressure,Runny Nose,Chest Pain,Fatigue,Skin Peeling,Unknown
Skin Redness,Headache,Skin Peeling,Low Blood Pressure,Confusion,High Blood Pressure,Fever,Migraine
Joint Pain,Fatigue,Diarrhea,Fever,Vomiting,Sweating,Skin Peeling,Meningitis
Chills,Fever,Loss of Appetite,Nausea,Chest Pain,High Blood Pressure,Headache,Migraine
Sweating,Rapid Heart Rate,Low Blood Pressure,Cough,Swollen Lymph Nodes,Chills,Loss of Taste,Cold
Sore Throat,Blurred Vision,Difficulty Swallowing,Vomiting,Loss of Appetite,Fatigue,Fever,Scarlet Fever
Ear Pain,Dizziness,Runny Nose,Sore Throat,Swollen Lymph Nodes,Headache,Skin Peeling,Unknown
Swollen Lymph Nodes,Chest Pain,Nausea,Loss of Appetite,Fever,Ear Pain,Shortness of Breath,Malaria
Cough,Runny Nose,Diarrhea,Loss of Taste,Skin Redness,Fatigue,Chills,Pneumonia
Diarrhea,Skin Peeling,Weakness,Chest Pain,Sweating,Chills,Blurred Vision,Unknown
Joint Pain,Diarrhea,Low Blood Pressure,Rapid Heart Rate,Chest Pain,Fever,Cough,Hypotension
Blurred Vision,Headache,Runny Nose,Chills,Joint Pain,Ear Pain,Skin Redness,Dengue
Cough,Skin Redness,Fever,Difficulty Swallowing,Swollen Lymph Nodes,Rash,Loss of Appetite,Dengue
Dizziness,Loss of Taste,Rash,Low Blood Pressure,Vomiting,Muscle Pain,Cough,Flu
Joint Pain,Diarrhea,Ear Pain,Sweating,Swollen Lymph Nodes,Vomiting,Sore Throat,Cold
Skin Redness,Fatigue,Shortness of Breath,Rash,Difficulty Swallowing,Nausea,Skin Peeling,Meningitis
Abdominal Pain,Shortness of Breath,Dizziness,Weakness,Blurred Vision,Confusion,Muscle Pain,Unknown
Abdominal Pain,Sweating,Low Blood Pressure,Loss of Taste,Loss of Smell,Ear Pain,Blurred Vision,COVID-19
